transaction_id,order_date,customer_id,customer_name,region,city,sales_rep,category,product_name,product_id,quantity,unit_price,unit_cost,discount_pct,returns
TXN-00001,04-12-2023,CUST-0408,,NORTH,Leeds,James Okafor,Electronics,Wireless Charger,PRD-005,2,29.99,10.0,0.2,No
TXN-00002,06/11/2023,CUST-0294,Grace Kim,West,Exeter,Sarah Collins,Electronics,Apple iPad,PRD-003,5,499.99,310.0,0.0,No
TXN-00003,21/02/2023,CUST-0248,Amelia Roberts,North,Manchester,Tom Bridges,Clothing,Gym T-Shirt,PRD-010,6,19.99,7.0,0.05,No
TXN-00004,17/12/2023,CUST-0238,Amelia Roberts,East,Ipswich,James Okafor,Electronics,"Samsung 55"" TV",PRD-001,10,799.99,480.0,0.0,No
TXN-00005,05-07-2023,CUST-0334,Thomas Wu,North,Manchester,Emily Patel,Electronics,Wireless Charger,PRD-005,6,29.99,10.0,0.05,No
TXN-00006,2023-11-02,CUST-0421,Chloe Evans,East,Peterborough,Rachel Ng,Electronics,Sony Headphones,PRD-002,9,149.99,75.0,0.25,No
TXN-00007,2023-09-14,CUST-0180,Noah Patel,West,Bath,Rachel Ng,Home & Garden,Coffee Maker,PRD-011,2,79.99,38.0,0.1,No
TXN-00008,2023-05-03,CUST-0285,Isla McGregor,North,Sheffield,Daniel Marsh,Electronics,Sony Headphones,PRD-002,9,149.99,75.0,0.0,No
TXN-00009,04-19-2023,CUST-0370,Chloe Evans,South,London,Sarah Collins,Electronics,Wireless Charger,PRD-005,3,29.99,10.0,0.0,No
TXN-00010,02-06-2023,CUST-0217,James Holloway,South,Oxford,Daniel Marsh,Clothing,Wool Scarf,PRD-009,2,24.99,8.0,0.05,No
TXN-00011,2023-04-08,CUST-0224,Chloe Evans,North,Manchester,Emily Patel,Electronics,Laptop Stand,PRD-004,4,49.99,18.0,0.0,No
TXN-00012,13/03/2023,CUST-0198,Ethan Brooks,North,Sheffield,Tom Bridges,home & garden,Coffee Maker,PRD-011,1,79.99,38.0,0.2,No
TXN-00013,2023-01-31,CUST-0348,Harry Singh,South,Brighton,Sarah Collins,Home & Garden,Scented Candle,PRD-015,1,14.99,4.5,0.0,No
TXN-00014,2023-01-30,CUST-0476,Liam Turner,WEST,Exeter,Tom Bridges,Home & Garden,Scented Candle,PRD-015,8,14.99,4.5,0.0,Yes
TXN-00015,2023-11-14,CUST-0555,Priya Sharma,West,Cardiff,Sarah Collins,Electronics,"Samsung 55"" TV",PRD-001,10,799.99,480.0,0.0,No
TXN-00016,08-23-2023,CUST-0484,James Holloway,West,Exeter,Emily Patel,Home & Garden,Throw Blanket,PRD-013,7,44.99,18.0,0.0,No
TXN-00017,12-08-2023,CUST-0513,James Holloway,north,Sheffield,James Okafor,Electronics,Apple iPad,PRD-003,5,499.99,310.0,0.0,No
TXN-00018,2023-05-09,CUST-0424,Mia Carter,East,Norwich,James Okafor,Electronics,Sony Headphones,PRD-002,5,149.99,75.0,0.1,No
TXN-00019,07-09-2023,CUST-0453,Priya Sharma,North,Sheffield,Unknown,Home & Garden,Garden Fork,PRD-012,8,34.99,14.0,0.2,No
TXN-00020,2023-05-02,CUST-0598,Thomas Wu,South,London,Emily Patel,Electronics,Sony Headphones,PRD-002,4,149.99,75.0,0.0,No
TXN-00021,13/04/2023,CUST-0119,Amelia Roberts,South,London,James Okafor,Clothing,Wool Scarf,PRD-009,4,24.99,8.0,0.1,No
TXN-00022,01/03/2023,CUST-0374,James Holloway,East,Cambridge,Unknown,Clothing,Winter Jacket,PRD-006,5,89.99,35.0,0.15,No
TXN-00023,06/07/2023,CUST-0462,Marcus Johnson,South,Southampton,Sarah Collins,Clothing,Denim Jeans,PRD-008,7,49.99,18.0,0.0,No
TXN-00024,07/12/2023,CUST-0383,Chloe Evans,North,Sheffield,Rachel Ng,Electronics,Apple iPad,PRD-003,9,499.99,310.0,0.1,No
TXN-00025,2023-12-04,CUST-0342,Sophie Davies,South,Southampton,Tom Bridges,Electronics,Sony Headphones,PRD-002,7,149.99,75.0,0.15,No
TXN-00026,08-01-2023,CUST-0535,Ethan Brooks,East,Ipswich,Sarah Collins,Electronics,Sony Headphones,PRD-002,4,-149.99,75.0,0.0,No
TXN-00027,2023-05-08,CUST-0337,,South,Oxford,Tom Bridges,Electronics,"Samsung 55"" TV",PRD-001,2,799.99,480.0,0.2,No
TXN-00028,2023-05-13,CUST-0480,Ethan Brooks,West,Bath,Daniel Marsh,Home & Garden,Plant Pot Set,PRD-014,10,29.99,11.0,0.2,No
TXN-00029,2023-12-28,CUST-0177,Thomas Wu,East,Peterborough,Daniel Marsh,clothing,Denim Jeans,PRD-008,4,49.99,18.0,0.1,No
TXN-00030,19/07/2023,CUST-0103,Isla McGregor,North,Sheffield,Rachel Ng,Electronics,Laptop Stand,PRD-004,7,49.99,18.0,0.0,No
TXN-00031,02-12-2023,CUST-0564,James Holloway,South,Southampton,Tom Bridges,Clothing,Wool Scarf,PRD-009,3,24.99,8.0,0.25,No
TXN-00032,2023-10-04,CUST-0527,James Holloway,West,Bath,james okafor,Clothing,Denim Jeans,PRD-008,6,49.99,18.0,0.2,No
TXN-00033,2023-07-08,CUST-0585,Noah Patel,East,Norwich,,Electronics,"Samsung 55"" TV",PRD-001,10,799.99,480.0,0.0,No
TXN-00034,23/12/2023,CUST-0525,Fatima Al-Rashid,North,Leeds,Emily Patel,Electronics,Wireless Charger,PRD-005,7,29.99,10.0,0.2,No
TXN-00035,2023-12-29,CUST-0591,Ethan Brooks,North,Manchester,Emily Patel,Home & Garden,Scented Candle,PRD-015,6,14.99,4.5,0.0,No
TXN-00036,08-26-2023,CUST-0242,Amelia Roberts,West,Exeter,Rachel Ng,Home & Garden,Plant Pot Set,PRD-014,7,29.99,11.0,0.1,No
TXN-00037,2023-02-13,CUST-0105,Marcus Johnson,West,Bath,Emily Patel,Electronics,Apple iPad,PRD-003,6,499.99,310.0,0.1,No
TXN-00038,08-06-2023,CUST-0397,Grace Kim,West,Cardiff,Daniel Marsh,Home & Garden,Coffee Maker,PRD-011,2,79.99,38.0,0.1,No
TXN-00039,05-22-2023,CUST-0198,Mia Carter,East,Peterborough,Emily Patel,Electronics,Sony Headphones,PRD-002,6,149.99,75.0,0.0,No
TXN-00040,2023-02-22,CUST-0583,Mia Carter,East,Cambridge,Emily Patel,Electronics,Wireless Charger,PRD-005,3,29.99,10.0,0.1,No
TXN-00041,2023-02-13,CUST-0127,Isla McGregor,East,Peterborough,Emily Patel,Electronics,Laptop Stand,PRD-004,2,49.99,18.0,0.0,No
TXN-00042,11-09-2023,CUST-0319,Priya Sharma,North,Liverpool,Rachel Ng,Home & Garden,Scented Candle,PRD-015,7,14.99,4.5,0.25,No
TXN-00043,05-28-2023,CUST-0340,Amelia Roberts,North,Leeds,Daniel Marsh,Home & Garden,Garden Fork,PRD-012,3,34.99,14.0,0.0,No
TXN-00044,2023-01-31,CUST-0236,Oliver Bennett,East,Peterborough,Sarah Collins,Clothing,Gym T-Shirt,PRD-010,4,19.99,7.0,0.2,No
TXN-00045,2023-01-14,CUST-0476,Noah Patel,East,Ipswich,Tom Bridges,Home & Garden,Plant Pot Set,PRD-014,5,29.99,11.0,0.25,No
TXN-00046,29/08/2023,CUST-0425,Oliver Bennett,South,London,Daniel Marsh,home & garden,Garden Fork,PRD-012,8,34.99,14.0,0.25,No
TXN-00047,12-03-2023,CUST-0596,James Holloway,West,Bristol,James Okafor,Home & Garden,Plant Pot Set,PRD-014,9,29.99,11.0,0.0,No
TXN-00048,11-19-2023,CUST-0457,James Holloway,West,Cardiff,Rachel Ng,Clothing,Winter Jacket,PRD-006,4,89.99,35.0,0.1,No
TXN-00049,01/08/2023,CUST-0249,Noah Patel,South,Southampton,rachel ng,Electronics,"Samsung 55"" TV",PRD-001,8,799.99,480.0,0.0,No
TXN-00050,05-25-2023,CUST-0503,James Holloway,West,Cardiff,Tom Bridges,Home & Garden,Garden Fork,PRD-012,2,34.99,14.0,0.1,No
TXN-00051,30/04/2023,CUST-0457,Harry Singh,East,Peterborough,James Okafor,Clothing,Gym T-Shirt,PRD-010,9,19.99,7.0,0.2,No
TXN-00052,02-21-2023,CUST-0151,Ethan Brooks,North,Liverpool,Daniel Marsh,Clothing,Running Shoes,PRD-007,8,69.99,28.0,0.0,No
TXN-00053,11-17-2023,CUST-0539,Liam Turner,west,Bath,Daniel Marsh,Electronics,Apple iPad,PRD-003,6,499.99,310.0,0.2,No
TXN-00054,31/05/2023,CUST-0123,Priya Sharma,West,Bristol,Rachel Ng ,Electronics,Laptop Stand,PRD-004,2,49.99,18.0,0.0,No
TXN-00055,29/04/2023,CUST-0354,Thomas Wu,East,Cambridge,Rachel Ng,Home & Garden,Garden Fork,PRD-012,3,34.99,14.0,0.0,No
TXN-00056,12/04/2023,CUST-0453,Isla McGregor,East,Norwich,Tom Bridges,Home & Garden,Coffee Maker,PRD-011,8,79.99,38.0,0.15,No
TXN-00057,2023-05-27,CUST-0481,Mia Carter,West,Bath,Rachel Ng,Clothing,Denim Jeans,PRD-008,1,49.99,18.0,0.2,No
TXN-00058,06-17-2023,CUST-0474,Isla McGregor,East,Cambridge,Rachel Ng,Home & Garden,Garden Fork,PRD-012,2,34.99,14.0,0.0,No
TXN-00059,28/02/2023,CUST-0251,Liam Turner,West,Cardiff,Rachel Ng,Clothing,Denim Jeans,PRD-008,3,49.99,18.0,0.1,No
TXN-00060,27/10/2023,CUST-0332,Noah Patel,North,Leeds,Daniel Marsh,Clothing,Gym T-Shirt,PRD-010,0,19.99,7.0,0.0,No
TXN-00061,2023-03-01,CUST-0119,Mia Carter,East,Cambridge,Tom Bridges ,Home & Garden,Coffee Maker,PRD-011,8,79.99,38.0,0.1,Yes
TXN-00062,01-17-2023,CUST-0415,Noah Patel,South,Brighton,Tom Bridges,Home & Garden,Scented Candle,PRD-015,7,14.99,4.5,0.0,No
TXN-00063,02-16-2023,CUST-0585,Ethan Brooks,East,Peterborough,James Okafor,Electronics,Apple iPad,PRD-003,9,499.99,310.0,0.15,No
TXN-00064,03-17-2023,CUST-0516,Liam Turner,South,London,Sarah Collins,Electronics,Wireless Charger,PRD-005,4,29.99,10.0,0.0,No
TXN-00065,03-06-2023,CUST-0108,Priya Sharma,North,Leeds,James Okafor,Electronics,"Samsung 55"" TV",PRD-001,3,799.99,480.0,0.0,No
TXN-00066,08-23-2023,CUST-0543,Isla McGregor,West,Bristol,Tom Bridges,Clothing,Winter Jacket,PRD-006,8,89.99,35.0,0.05,No
TXN-00067,07-15-2023,CUST-0419,Liam Turner,NORTH,Liverpool,Tom Bridges,Clothing,Wool Scarf,PRD-009,2,24.99,8.0,0.0,No
TXN-00068,10/06/2023,CUST-0332,Fatima Al-Rashid,East,Peterborough,Sarah Collins,Electronics,Wireless Charger,PRD-005,4,29.99,10.0,0.2,No
TXN-00069,10-15-2023,CUST-0384,,East,Ipswich,James Okafor,clothing,Winter Jacket,PRD-006,2,89.99,35.0,0.2,No
TXN-00070,06-29-2023,CUST-0436,Fatima Al-Rashid,East,Peterborough,Emily Patel,Clothing,Winter Jacket,PRD-006,5,89.99,35.0,0.1,No
TXN-00071,23/06/2023,CUST-0114,Isla McGregor,East,Ipswich,Rachel Ng,Clothing,Gym T-Shirt,PRD-010,10,19.99,7.0,0.0,No
TXN-00072,2023-01-27,CUST-0259,Oliver Bennett,North,Leeds,Rachel Ng,Electronics,"Samsung 55"" TV",PRD-001,2,799.99,480.0,0.05,No
TXN-00073,12-14-2023,CUST-0276,Isla McGregor,South,London,Daniel Marsh,Clothing,Wool Scarf,PRD-009,10,24.99,8.0,0.25,No
TXN-00074,2023-08-09,CUST-0161,,West,Exeter,Sarah Collins,home & garden,Garden Fork,PRD-012,5,34.99,14.0,0.05,No
TXN-00075,12-30-2023,CUST-0260,Harry Singh,South,Brighton,Rachel Ng,Home & Garden,Coffee Maker,PRD-011,7,79.99,38.0,0.0,Yes
TXN-00076,22/07/2023,CUST-0401,Oliver Bennett,West,Bath,Sarah Collins,Electronics,Wireless Charger,PRD-005,8,29.99,10.0,0.15,No
TXN-00077,2023-04-12,CUST-0220,Noah Patel,East,Cambridge,Sarah Collins,Electronics,Sony Headphones,PRD-002,6,149.99,75.0,0.15,No
TXN-00078,19/03/2023,CUST-0419,Liam Turner,South,London,James Okafor,Home & Garden,Scented Candle,PRD-015,10,14.99,4.5,0.25,No
TXN-00079,11-11-2023,CUST-0430,Oliver Bennett,North,Sheffield,Emily Patel,Clothing,Denim Jeans,PRD-008,8,49.99,18.0,0.25,No
TXN-00080,02-13-2023,CUST-0515,Liam Turner,West,Bristol,Tom Bridges,Home & Garden,Throw Blanket,PRD-013,10,44.99,18.0,0.25,No
TXN-00081,2023-06-18,CUST-0423,Oliver Bennett,SOUTH,Oxford,Rachel Ng,Electronics,Apple iPad,PRD-003,7,499.99,310.0,0.2,Yes
TXN-00082,03-07-2023,CUST-0386,Liam Turner,West,Cardiff,Emily Patel,Home & Garden,Throw Blanket,PRD-013,5,44.99,18.0,0.2,No
TXN-00083,09-17-2023,CUST-0251,Fatima Al-Rashid,North,Liverpool,Rachel Ng,Clothing,Running Shoes,PRD-007,6,69.99,28.0,0.25,No
TXN-00084,2023-08-18,CUST-0596,Isla McGregor,North,Leeds,Rachel Ng,Electronics,Wireless Charger,PRD-005,3,29.99,10.0,0.25,No
TXN-00085,2023-05-09,CUST-0202,Thomas Wu,South,Oxford,James Okafor,Home & Garden,Plant Pot Set,PRD-014,5,29.99,11.0,0.2,No
TXN-00086,2023-06-28,CUST-0584,Ethan Brooks,West,Bristol,Daniel Marsh,Electronics,Sony Headphones,PRD-002,5,149.99,75.0,0.25,No
TXN-00087,28/12/2023,CUST-0524,Thomas Wu,WEST,Cardiff,Tom Bridges,Clothing,Denim Jeans,PRD-008,2,49.99,18.0,0.15,No
TXN-00088,2023-02-02,CUST-0124,Ethan Brooks,West,Bristol,Sarah Collins,Electronics,Wireless Charger,PRD-005,9,29.99,10.0,0.2,No
TXN-00089,02-04-2023,CUST-0440,Grace Kim,West,Bristol,Daniel Marsh,Electronics,Apple iPad,PRD-003,7,499.99,310.0,0.0,No
TXN-00090,2023-03-10,CUST-0495,Liam Turner,North,Liverpool,Sarah Collins,Clothing,Winter Jacket,PRD-006,6,89.99,35.0,0.0,No
TXN-00091,2023-04-13,CUST-0203,,East,Cambridge,Daniel Marsh,Home & Garden,Garden Fork,PRD-012,3,34.99,14.0,0.0,Yes
TXN-00092,12/08/2023,CUST-0239,Grace Kim,East,Peterborough,Rachel Ng,Electronics,Sony Headphones,PRD-002,5,149.99,75.0,0.15,No
TXN-00093,07/10/2023,CUST-0408,Sophie Davies,West,Bath,Emily Patel,Clothing,Denim Jeans,PRD-008,9,49.99,18.0,0.1,Yes
TXN-00094,05-21-2023,CUST-0280,Chloe Evans,East,Ipswich,Daniel Marsh,Clothing,Wool Scarf,PRD-009,3,24.99,8.0,0.25,No
TXN-00095,2023-11-06,CUST-0287,Priya Sharma,NORTH,Sheffield,Rachel Ng,Home & Garden,Coffee Maker,PRD-011,3,79.99,38.0,0.25,No
TXN-00096,2023-10-15,CUST-0476,Harry Singh,West,Exeter,Tom Bridges,Home & Garden,Throw Blanket,PRD-013,7,44.99,18.0,0.15,No
TXN-00097,16/12/2023,CUST-0465,Oliver Bennett,East,Peterborough,James Okafor,Clothing,Wool Scarf,PRD-009,4,24.99,8.0,0.0,No
TXN-00098,10-11-2023,CUST-0504,Grace Kim,East,Ipswich,Emily Patel,Home & Garden,Garden Fork,PRD-012,6,34.99,14.0,0.05,No
TXN-00099,19/08/2023,CUST-0597,Oliver Bennett,East,Cambridge,Rachel Ng,Electronics,Laptop Stand,PRD-004,9,49.99,18.0,0.2,Yes
TXN-00100,10/02/2023,CUST-0277,Isla McGregor,East,Cambridge,James Okafor,Electronics,Wireless Charger,PRD-005,3,29.99,10.0,0.1,No
TXN-00101,2023-01-15,CUST-0272,Priya Sharma,South,Southampton,James Okafor,Home & Garden,Scented Candle,PRD-015,3,14.99,4.5,0.0,No
TXN-00102,2023-08-21,CUST-0513,Isla McGregor,North,Sheffield,Daniel Marsh,Home & Garden,Coffee Maker,PRD-011,8,79.99,38.0,0.1,No
TXN-00103,2023-08-27,CUST-0387,Amelia Roberts,North,Liverpool,Tom Bridges,Clothing,Denim Jeans,PRD-008,6,49.99,18.0,0.15,No
TXN-00104,2023-09-12,CUST-0339,Isla McGregor,East,Cambridge,sarah collins,Home & Garden,Garden Fork,PRD-012,6,34.99,14.0,0.15,No
TXN-00105,26/07/2023,CUST-0168,Grace Kim,North,Liverpool,James Okafor,clothing,Denim Jeans,PRD-008,0,49.99,18.0,0.25,No
TXN-00106,11/07/2023,CUST-0165,Harry Singh,North,Leeds,Emily Patel,Electronics,Laptop Stand,PRD-004,9,49.99,18.0,0.1,No
TXN-00107,10/11/2023,CUST-0557,Liam Turner,East,Cambridge,Rachel Ng,home & garden,Coffee Maker,PRD-011,3,79.99,38.0,0.15,No
TXN-00108,02/11/2023,CUST-0313,James Holloway,South,Southampton,Rachel Ng,Home & Garden,Scented Candle,PRD-015,5,14.99,4.5,0.25,No
TXN-00109,14/08/2023,CUST-0458,James Holloway,East,Cambridge,daniel marsh,Electronics,Wireless Charger,PRD-005,7,29.99,10.0,0.0,No
TXN-00110,08-24-2023,CUST-0292,Sophie Davies,West,Cardiff,Tom Bridges,Home & Garden,Coffee Maker,PRD-011,3,79.99,38.0,0.05,No
TXN-00111,10-14-2023,CUST-0350,Grace Kim,East,Ipswich,Rachel Ng,Electronics,Apple iPad,PRD-003,4,499.99,310.0,0.1,No
TXN-00112,10-15-2023,CUST-0209,Noah Patel,East,Peterborough,Tom Bridges,Electronics,Apple iPad,PRD-003,2,499.99,310.0,0.15,No
TXN-00113,07-28-2023,CUST-0102,Sophie Davies,East,Cambridge,Unknown,Home & Garden,Coffee Maker,PRD-011,7,79.99,38.0,0.15,No
TXN-00114,2023-04-01,CUST-0567,Chloe Evans,West,Cardiff,Emily Patel,home & garden,Coffee Maker,PRD-011,10,79.99,38.0,0.05,No
TXN-00115,03-10-2023,CUST-0428,Mia Carter,West,Cardiff,Daniel Marsh,Clothing,Winter Jacket,PRD-006,5,89.99,35.0,0.0,No
TXN-00116,08-07-2023,CUST-0189,Harry Singh,West,Bristol,Emily Patel,Clothing,Running Shoes,PRD-007,1,69.99,28.0,0.15,No
TXN-00117,01/12/2023,CUST-0470,Noah Patel,east,Cambridge,James Okafor,electronics,Laptop Stand,PRD-004,4,49.99,18.0,0.25,No
TXN-00118,08-01-2023,CUST-0344,Grace Kim,south,Oxford,Emily Patel,Home & Garden,Throw Blanket,PRD-013,2,44.99,18.0,0.1,No
TXN-00119,10-08-2023,CUST-0157,,West,Cardiff,James Okafor,Home & Garden,Coffee Maker,PRD-011,9,79.99,38.0,0.25,No
TXN-00120,08-22-2023,CUST-0332,Chloe Evans,South,Brighton,James Okafor,Home & Garden,Garden Fork,PRD-012,10,34.99,14.0,0.25,No
TXN-00121,2023-08-30,CUST-0130,Oliver Bennett,North,Sheffield,Daniel Marsh ,Electronics,Wireless Charger,PRD-005,2,29.99,10.0,0.0,No
TXN-00122,01/12/2023,CUST-0449,Thomas Wu,East,Cambridge,Daniel Marsh,Home & Garden,Throw Blanket,PRD-013,7,44.99,18.0,0.25,No
TXN-00123,2023-06-27,CUST-0521,Ethan Brooks,North,Liverpool,Rachel Ng,Electronics,"Samsung 55"" TV",PRD-001,5,799.99,480.0,0.25,No
TXN-00124,05-06-2023,CUST-0444,Priya Sharma,East,Norwich,Sarah Collins,Clothing,Winter Jacket,PRD-006,4,89.99,35.0,0.05,No
TXN-00125,12-05-2023,CUST-0221,Thomas Wu,North,Leeds,Rachel Ng,Electronics,Apple iPad,PRD-003,4,499.99,310.0,0.15,No
TXN-00126,23/12/2023,CUST-0295,Liam Turner,South,Southampton,Sarah Collins,Home & Garden,Garden Fork,PRD-012,7,34.99,14.0,0.25,No
TXN-00127,2023-07-18,CUST-0595,Thomas Wu,West,Bath,James Okafor,Clothing,Running Shoes,PRD-007,5,69.99,28.0,0.0,No
TXN-00128,2023-09-03,CUST-0137,Marcus Johnson,East,Norwich,Tom Bridges,Electronics,Sony Headphones,PRD-002,1,149.99,75.0,0.1,Yes
TXN-00129,07/06/2023,CUST-0244,Grace Kim,East,Norwich,James Okafor,Home & Garden,Plant Pot Set,PRD-014,4,29.99,11.0,0.05,No
TXN-00130,10-11-2023,CUST-0479,Noah Patel,East,Peterborough,Tom Bridges,Home & Garden,Throw Blanket,PRD-013,4,44.99,18.0,0.15,No
TXN-00131,03-28-2023,CUST-0428,Ethan Brooks,West,Cardiff,Emily Patel,Home & Garden,Plant Pot Set,PRD-014,9,29.99,11.0,0.15,No
TXN-00132,03-12-2023,CUST-0124,Chloe Evans,East,Peterborough,James Okafor,Home & Garden,Coffee Maker,PRD-011,9,79.99,38.0,0.0,No
TXN-00133,02/10/2023,CUST-0108,Noah Patel,south,London,James Okafor,clothing,Gym T-Shirt,PRD-010,8,-19.99,7.0,0.25,No
TXN-00134,2023-10-17,CUST-0291,Ethan Brooks,North,Liverpool,James Okafor,Electronics,Sony Headphones,PRD-002,4,149.99,75.0,0.1,No
TXN-00135,08-11-2023,CUST-0459,Mia Carter,South,London,Daniel Marsh,Home & Garden,Coffee Maker,PRD-011,7,79.99,38.0,0.2,No
TXN-00136,02/04/2023,CUST-0560,Priya Sharma,East,Norwich,Rachel Ng,Electronics,Wireless Charger,PRD-005,8,29.99,10.0,0.1,No
TXN-00137,09-14-2023,CUST-0478,Oliver Bennett,North,Leeds,Daniel Marsh,Electronics,Wireless Charger,PRD-005,4,29.99,10.0,0.2,No
TXN-00138,2023-08-10,CUST-0216,Harry Singh,EAST,Cambridge,Sarah Collins,Home & Garden,Plant Pot Set,PRD-014,6,29.99,11.0,0.0,No
TXN-00139,2023-02-22,CUST-0327,Noah Patel,WEST,Cardiff,Daniel Marsh,Clothing,Running Shoes,PRD-007,7,69.99,28.0,0.15,No
TXN-00140,02-13-2023,CUST-0106,Harry Singh,North,Liverpool,Rachel Ng,Clothing,Winter Jacket,PRD-006,6,89.99,35.0,0.0,No
TXN-00141,2023-05-09,CUST-0347,Grace Kim,South,Brighton,Daniel Marsh,Electronics,Apple iPad,PRD-003,8,499.99,310.0,0.0,No
TXN-00142,03/06/2023,CUST-0517,Thomas Wu,West,Cardiff,Tom Bridges,clothing,Wool Scarf,PRD-009,6,24.99,8.0,0.2,No
TXN-00143,10-31-2023,CUST-0286,Marcus Johnson,South,Brighton,Tom Bridges,Clothing,Wool Scarf,PRD-009,10,24.99,8.0,0.05,No
TXN-00144,2023-07-13,CUST-0229,Chloe Evans,South,London,Daniel Marsh,Home & Garden,Throw Blanket,PRD-013,2,44.99,18.0,0.2,No
TXN-00145,2023-02-25,CUST-0374,Oliver Bennett,West,Bath,Rachel Ng,Home & Garden,Plant Pot Set,PRD-014,9,29.99,11.0,0.0,No
TXN-00146,17/08/2023,CUST-0365,Amelia Roberts,East,Norwich,Rachel Ng,Home & Garden,Throw Blanket,PRD-013,7,-44.99,18.0,0.0,No
TXN-00147,24/09/2023,CUST-0275,Marcus Johnson,West,Cardiff,Emily Patel,Clothing,Wool Scarf,PRD-009,2,24.99,8.0,0.0,No
TXN-00148,2023-09-22,CUST-0184,Amelia Roberts,East,Peterborough,Daniel Marsh,clothing,Winter Jacket,PRD-006,2,89.99,35.0,0.0,No
TXN-00149,2023-12-27,CUST-0403,James Holloway,South,Oxford,Tom Bridges,Clothing,Running Shoes,PRD-007,7,-69.99,28.0,0.2,No
TXN-00150,09/11/2023,CUST-0594,Harry Singh,South,London,Rachel Ng,Home & Garden,Throw Blanket,PRD-013,4,44.99,18.0,0.25,No
TXN-00151,19/09/2023,CUST-0159,Thomas Wu,North,Liverpool,Rachel Ng,Home & Garden,Throw Blanket,PRD-013,10,44.99,18.0,0.0,No
TXN-00152,05/01/2023,CUST-0330,Grace Kim,West,Bath,Tom Bridges,Home & Garden,Garden Fork,PRD-012,9,34.99,14.0,0.0,No
TXN-00153,2023-05-21,CUST-0489,Priya Sharma,South,Oxford,Rachel Ng,Clothing,Wool Scarf,PRD-009,7,24.99,8.0,0.25,Yes
TXN-00154,08-14-2023,CUST-0377,Priya Sharma,East,Peterborough,Rachel Ng,Clothing,Winter Jacket,PRD-006,10,89.99,35.0,0.0,No
TXN-00155,04-18-2023,CUST-0160,Amelia Roberts,South,London,Daniel Marsh,Electronics,"Samsung 55"" TV",PRD-001,8,799.99,480.0,0.1,No
TXN-00156,09-21-2023,CUST-0460,Noah Patel,East,Peterborough,James Okafor,Electronics,"Samsung 55"" TV",PRD-001,10,799.99,480.0,0.15,No
TXN-00157,10-23-2023,CUST-0446,Thomas Wu,North,Liverpool,Sarah Collins,Home & Garden,Garden Fork,PRD-012,4,34.99,14.0,0.0,No
TXN-00158,08-23-2023,CUST-0496,Oliver Bennett,East,Peterborough,Tom Bridges,Electronics,Apple iPad,PRD-003,6,499.99,310.0,0.25,Yes
TXN-00159,2023-01-24,CUST-0503,Priya Sharma,East,Peterborough,James Okafor,Electronics,Apple iPad,PRD-003,5,499.99,310.0,0.15,No
TXN-00160,12-07-2023,CUST-0284,Grace Kim,west,Bath,tom bridges,Electronics,Sony Headphones,PRD-002,5,149.99,75.0,0.0,No
TXN-00161,2023-06-25,CUST-0104,,SOUTH,Brighton,Tom Bridges,Home & Garden,Garden Fork,PRD-012,8,34.99,14.0,0.0,No
TXN-00162,11-25-2023,CUST-0516,Thomas Wu,West,Bath,Sarah Collins,Electronics,"Samsung 55"" TV",PRD-001,2,799.99,480.0,0.15,No
TXN-00163,29/06/2023,CUST-0485,Harry Singh,south,Brighton,Tom Bridges,Electronics,Sony Headphones,PRD-002,7,149.99,75.0,0.25,No
TXN-00164,09-23-2023,CUST-0437,Marcus Johnson,East,Cambridge,Emily Patel,Electronics,Wireless Charger,PRD-005,10,29.99,10.0,0.1,No
TXN-00165,19/10/2023,CUST-0578,Harry Singh,South,Southampton,Unknown,Clothing,Running Shoes,PRD-007,8,69.99,28.0,0.0,No
TXN-00166,08-05-2023,CUST-0303,Chloe Evans,East,Cambridge,Tom Bridges,electronics,"Samsung 55"" TV",PRD-001,1,799.99,480.0,0.1,No
TXN-00167,24/12/2023,CUST-0448,Isla McGregor,west,Exeter,Sarah Collins,Home & Garden,Garden Fork,PRD-012,9,34.99,14.0,0.15,No
TXN-00168,27/03/2023,CUST-0587,Noah Patel,south,Oxford,Sarah Collins,home & garden,Garden Fork,PRD-012,2,34.99,14.0,0.0,No
TXN-00169,29/01/2023,CUST-0354,Grace Kim,South,Southampton,Daniel Marsh,Electronics,Laptop Stand,PRD-004,5,49.99,18.0,0.0,No
TXN-00170,2023-04-02,CUST-0341,Thomas Wu,South,Southampton,Sarah Collins,Home & Garden,Garden Fork,PRD-012,9,34.99,14.0,0.0,No
TXN-00171,2023-07-25,CUST-0214,Priya Sharma,West,Cardiff,Tom Bridges,Clothing,Winter Jacket,PRD-006,10,89.99,35.0,0.15,Yes
TXN-00172,2023-10-07,CUST-0597,Marcus Johnson,West,Exeter,Emily Patel,clothing,Running Shoes,PRD-007,5,69.99,28.0,0.1,No
TXN-00173,03/08/2023,CUST-0257,Amelia Roberts,SOUTH,London,James Okafor,Home & Garden,Coffee Maker,PRD-011,6,79.99,38.0,0.0,No
TXN-00174,02-08-2023,CUST-0358,Harry Singh,North,Leeds,Daniel Marsh,Electronics,Wireless Charger,PRD-005,7,29.99,10.0,0.15,No
TXN-00175,2023-03-21,CUST-0169,Fatima Al-Rashid,North,Leeds,James Okafor,Clothing,Wool Scarf,PRD-009,6,24.99,8.0,0.15,No
TXN-00176,21/04/2023,CUST-0513,Priya Sharma,South,Southampton,Tom Bridges,Clothing,Running Shoes,PRD-007,8,69.99,28.0,0.1,No
TXN-00177,2023-03-04,CUST-0148,Thomas Wu,south,Southampton,Tom Bridges,Home & Garden,Garden Fork,PRD-012,1,34.99,14.0,0.2,No
TXN-00178,2023-03-07,CUST-0201,Ethan Brooks,North,Leeds,James Okafor,Clothing,Winter Jacket,PRD-006,10,89.99,35.0,0.1,No
TXN-00179,2023-08-17,CUST-0565,Noah Patel,East,Peterborough,Sarah Collins,Home & Garden,Plant Pot Set,PRD-014,8,29.99,11.0,0.0,No
TXN-00180,11-19-2023,CUST-0552,Amelia Roberts,North,Leeds,Daniel Marsh,Clothing,Wool Scarf,PRD-009,1,24.99,8.0,0.0,No
TXN-00181,2023-05-24,CUST-0212,,North,Sheffield,Tom Bridges,Clothing,Gym T-Shirt,PRD-010,9,19.99,7.0,0.15,No
TXN-00182,2023-04-01,CUST-0578,Sophie Davies,West,Cardiff,James Okafor,Home & Garden,Scented Candle,PRD-015,1,14.99,4.5,0.05,No
TXN-00183,01-11-2023,CUST-0128,Amelia Roberts,East,Ipswich,Rachel Ng ,Home & Garden,Scented Candle,PRD-015,4,14.99,4.5,0.25,Yes
TXN-00184,12-27-2023,CUST-0591,,west,Cardiff,Emily Patel,clothing,Running Shoes,PRD-007,10,69.99,28.0,0.0,No
TXN-00185,04-25-2023,CUST-0575,Grace Kim,West,Exeter,Emily Patel,Electronics,Laptop Stand,PRD-004,8,49.99,18.0,0.15,No
TXN-00186,2023-09-12,CUST-0413,Fatima Al-Rashid,South,Southampton,James Okafor,Electronics,Wireless Charger,PRD-005,7,29.99,10.0,0.0,No
TXN-00187,2023-01-01,CUST-0279,Fatima Al-Rashid,East,Cambridge,Emily Patel,Electronics,"Samsung 55"" TV",PRD-001,6,-799.99,480.0,0.25,No
TXN-00188,25/03/2023,CUST-0433,Amelia Roberts,West,Bath,James Okafor,Clothing,Denim Jeans,PRD-008,9,49.99,18.0,0.2,No
TXN-00189,2023-12-27,CUST-0147,Mia Carter,North,Manchester,Emily Patel ,electronics,Sony Headphones,PRD-002,7,149.99,75.0,0.0,No
TXN-00190,2023-06-02,CUST-0376,Isla McGregor,West,Cardiff,Rachel Ng,electronics,Apple iPad,PRD-003,4,499.99,310.0,0.05,No
TXN-00191,07/06/2023,CUST-0141,Fatima Al-Rashid,NORTH,Leeds,Sarah Collins,Clothing,Gym T-Shirt,PRD-010,8,19.99,7.0,0.05,No
TXN-00192,03-19-2023,CUST-0215,Priya Sharma,West,Exeter,Sarah Collins,Clothing,Wool Scarf,PRD-009,6,24.99,8.0,0.0,No
TXN-00193,09-15-2023,CUST-0302,Priya Sharma,NORTH,Liverpool,Rachel Ng,Electronics,Wireless Charger,PRD-005,7,29.99,10.0,0.25,No
TXN-00194,06-13-2023,CUST-0521,Noah Patel,South,Oxford,James Okafor,Electronics,Sony Headphones,PRD-002,3,149.99,75.0,0.0,No
TXN-00195,02-24-2023,CUST-0398,Fatima Al-Rashid,NORTH,Sheffield,Emily Patel,Electronics,Wireless Charger,PRD-005,10,29.99,10.0,0.2,No
TXN-00196,22/07/2023,CUST-0448,Priya Sharma,North,Sheffield,Tom Bridges,Home & Garden,Scented Candle,PRD-015,8,14.99,4.5,0.0,No
TXN-00197,11-06-2023,CUST-0522,Chloe Evans,SOUTH,Southampton,Emily Patel ,Clothing,Wool Scarf,PRD-009,2,24.99,8.0,0.05,No
TXN-00198,2023-03-30,CUST-0499,James Holloway,North,Leeds,Tom Bridges,Home & Garden,Coffee Maker,PRD-011,9,79.99,38.0,0.0,No
TXN-00199,01/11/2023,CUST-0115,Mia Carter,South,Brighton,Sarah Collins,Clothing,Denim Jeans,PRD-008,6,49.99,18.0,0.25,No
TXN-00200,2023-11-28,CUST-0499,Amelia Roberts,South,Oxford,Rachel Ng,Clothing,Denim Jeans,PRD-008,2,-49.99,18.0,0.1,No
TXN-00201,05/08/2023,CUST-0464,Noah Patel,South,Oxford,,Clothing,Running Shoes,PRD-007,10,69.99,28.0,0.0,No
TXN-00202,06-02-2023,CUST-0529,Isla McGregor,East,Cambridge,Tom Bridges,Home & Garden,Plant Pot Set,PRD-014,10,-29.99,11.0,0.0,No
TXN-00203,05/12/2023,CUST-0538,Harry Singh,North,Sheffield,Emily Patel,Clothing,Denim Jeans,PRD-008,4,49.99,18.0,0.0,Yes
TXN-00204,17/09/2023,CUST-0426,Grace Kim,South,Oxford,Emily Patel,Clothing,Winter Jacket,PRD-006,10,89.99,35.0,0.05,No
TXN-00205,10/07/2023,CUST-0546,Liam Turner,South,Brighton,Emily Patel,Electronics,Wireless Charger,PRD-005,3,29.99,10.0,0.15,No
TXN-00206,25/06/2023,CUST-0177,Marcus Johnson,East,Norwich,,Clothing,Gym T-Shirt,PRD-010,2,19.99,7.0,0.2,No
TXN-00207,2023-02-15,CUST-0395,Mia Carter,West,Cardiff,Sarah Collins,Home & Garden,Throw Blanket,PRD-013,1,44.99,18.0,0.0,No
TXN-00208,11-17-2023,CUST-0371,James Holloway,West,Bath,Tom Bridges,clothing,Gym T-Shirt,PRD-010,4,19.99,7.0,0.15,No
TXN-00209,08-11-2023,CUST-0472,Liam Turner,South,Southampton,Emily Patel,Clothing,Denim Jeans,PRD-008,3,49.99,18.0,0.0,No
TXN-00210,05/03/2023,CUST-0111,Sophie Davies,South,Oxford,Emily Patel,Electronics,Laptop Stand,PRD-004,1,49.99,18.0,0.05,No
TXN-00211,04-16-2023,CUST-0380,Thomas Wu,North,Sheffield,Rachel Ng,Home & Garden,Coffee Maker,PRD-011,1,79.99,38.0,0.0,No
TXN-00212,2023-11-08,CUST-0501,Marcus Johnson,North,Manchester,Daniel Marsh,Home & Garden,Garden Fork,PRD-012,7,34.99,14.0,0.0,No
TXN-00213,10-21-2023,CUST-0106,Fatima Al-Rashid,East,Cambridge,Emily Patel,Clothing,Gym T-Shirt,PRD-010,8,19.99,7.0,0.05,No
TXN-00214,29/05/2023,CUST-0151,Priya Sharma,West,Bristol,Rachel Ng,Home & Garden,Throw Blanket,PRD-013,4,44.99,18.0,0.25,No
TXN-00215,2023-06-25,CUST-0549,Grace Kim,East,Norwich,Sarah Collins,electronics,Sony Headphones,PRD-002,3,149.99,75.0,0.15,No
TXN-00216,30/10/2023,CUST-0532,Chloe Evans,North,Liverpool,Emily Patel,Home & Garden,Plant Pot Set,PRD-014,3,29.99,11.0,0.0,No
TXN-00217,12-27-2023,CUST-0233,James Holloway,West,Bath,Emily Patel,Home & Garden,Garden Fork,PRD-012,8,34.99,14.0,0.25,Yes
TXN-00218,01-06-2023,CUST-0529,Priya Sharma,South,Southampton,Rachel Ng,Home & Garden,Plant Pot Set,PRD-014,4,29.99,11.0,0.25,No
TXN-00219,10/02/2023,CUST-0429,Amelia Roberts,South,Oxford,Tom Bridges,Electronics,Apple iPad,PRD-003,4,499.99,310.0,0.15,No
TXN-00220,09-18-2023,CUST-0522,Isla McGregor,West,Bath,Sarah Collins,Clothing,Wool Scarf,PRD-009,1,24.99,8.0,0.0,No
TXN-00221,02/01/2023,CUST-0149,Amelia Roberts,South,Oxford,Emily Patel,Electronics,Laptop Stand,PRD-004,6,49.99,18.0,0.25,No
TXN-00222,03/03/2023,CUST-0230,Marcus Johnson,East,Ipswich,Rachel Ng,Home & Garden,Garden Fork,PRD-012,8,34.99,14.0,0.0,No
TXN-00223,11/10/2023,CUST-0593,Priya Sharma,South,Brighton,Daniel Marsh,clothing,Gym T-Shirt,PRD-010,2,19.99,7.0,0.25,No
TXN-00224,21/05/2023,CUST-0568,Amelia Roberts,West,Cardiff,Daniel Marsh,Home & Garden,Coffee Maker,PRD-011,7,79.99,38.0,0.15,No
TXN-00225,18/12/2023,CUST-0202,Isla McGregor,East,Peterborough,James Okafor,Home & Garden,Scented Candle,PRD-015,5,14.99,4.5,0.15,No
TXN-00226,2023-08-05,CUST-0445,Isla McGregor,South,Brighton,Rachel Ng,Home & Garden,Coffee Maker,PRD-011,6,79.99,38.0,0.25,No
TXN-00227,02-22-2023,CUST-0116,Ethan Brooks,north,Manchester,Daniel Marsh ,Electronics,Apple iPad,PRD-003,3,499.99,310.0,0.0,No
TXN-00228,2023-05-09,CUST-0594,James Holloway,South,Oxford,James Okafor,Home & Garden,Coffee Maker,PRD-011,7,79.99,38.0,0.2,No
TXN-00229,2023-07-13,CUST-0188,Fatima Al-Rashid,West,Exeter,Rachel Ng,Home & Garden,Garden Fork,PRD-012,5,34.99,14.0,0.25,No
TXN-00230,09-09-2023,CUST-0577,Isla McGregor,West,Exeter,James Okafor,clothing,Wool Scarf,PRD-009,3,24.99,8.0,0.0,Yes
TXN-00231,04-22-2023,CUST-0269,Isla McGregor,EAST,Cambridge,James Okafor,Home & Garden,Scented Candle,PRD-015,9,14.99,4.5,0.2,No
TXN-00232,17/07/2023,CUST-0568,Fatima Al-Rashid,West,Bristol,Sarah Collins,Clothing,Gym T-Shirt,PRD-010,10,19.99,7.0,0.05,No
TXN-00233,2023-02-23,CUST-0209,Chloe Evans,EAST,Peterborough,Unknown,Clothing,Winter Jacket,PRD-006,3,89.99,35.0,0.0,No
TXN-00234,13/05/2023,CUST-0136,Amelia Roberts,West,Bristol,Daniel Marsh,Electronics,Apple iPad,PRD-003,1,499.99,310.0,0.0,No
TXN-00235,05-29-2023,CUST-0137,Fatima Al-Rashid,West,Bath,Tom Bridges,Clothing,Gym T-Shirt,PRD-010,1,19.99,7.0,0.0,No
TXN-00236,06-02-2023,CUST-0379,Thomas Wu,East,Ipswich,Tom Bridges,home & garden,Garden Fork,PRD-012,9,34.99,14.0,0.05,No
TXN-00237,19/04/2023,CUST-0483,Grace Kim,East,Norwich,Rachel Ng,Electronics,"Samsung 55"" TV",PRD-001,10,799.99,480.0,0.2,No
TXN-00238,19/06/2023,CUST-0228,Mia Carter,South,Brighton,Rachel Ng,Electronics,Wireless Charger,PRD-005,1,29.99,10.0,0.25,No
TXN-00239,11/06/2023,CUST-0178,Grace Kim,South,Brighton,Sarah Collins,Electronics,Apple iPad,PRD-003,8,499.99,310.0,0.25,No
TXN-00240,03-31-2023,CUST-0256,Fatima Al-Rashid,south,Brighton,Daniel Marsh,Clothing,Denim Jeans,PRD-008,3,49.99,18.0,0.15,No
TXN-00241,01-19-2023,CUST-0396,Marcus Johnson,North,Leeds,Rachel Ng,Home & Garden,Coffee Maker,PRD-011,2,79.99,38.0,0.0,No
TXN-00242,05-03-2023,CUST-0357,,East,Peterborough,Daniel Marsh,Clothing,Gym T-Shirt,PRD-010,5,19.99,7.0,0.0,No
TXN-00243,2023-12-09,CUST-0235,Priya Sharma,South,Brighton,Tom Bridges,Home & Garden,Garden Fork,PRD-012,8,34.99,14.0,0.15,No
TXN-00244,22/09/2023,CUST-0293,Oliver Bennett,East,Peterborough,Sarah Collins ,Electronics,Wireless Charger,PRD-005,5,29.99,10.0,0.1,No
TXN-00245,2023-04-19,CUST-0139,Noah Patel,West,Cardiff,Rachel Ng,Clothing,Wool Scarf,PRD-009,10,24.99,8.0,0.0,No
TXN-00246,10-21-2023,CUST-0111,Thomas Wu,South,London,Daniel Marsh,Clothing,Wool Scarf,PRD-009,8,24.99,8.0,0.25,No
TXN-00247,2023-02-13,CUST-0468,Isla McGregor,South,London,Rachel Ng,Electronics,Sony Headphones,PRD-002,9,149.99,75.0,0.2,Yes
TXN-00248,13/07/2023,CUST-0405,Amelia Roberts,West,Bath,Tom Bridges,Clothing,Gym T-Shirt,PRD-010,3,19.99,7.0,0.1,No
TXN-00249,17/02/2023,CUST-0549,Fatima Al-Rashid,South,Brighton,Rachel Ng,Home & Garden,Garden Fork,PRD-012,10,34.99,14.0,0.0,No
TXN-00250,2023-08-06,CUST-0295,Fatima Al-Rashid,South,London,Daniel Marsh,Home & Garden,Coffee Maker,PRD-011,9,79.99,38.0,0.2,No
TXN-00251,29/07/2023,CUST-0435,Liam Turner,East,Cambridge,Sarah Collins,Home & Garden,Garden Fork,PRD-012,1,34.99,14.0,0.0,Yes
TXN-00252,10/05/2023,CUST-0347,Mia Carter,North,Sheffield,Emily Patel,Clothing,Gym T-Shirt,PRD-010,5,19.99,7.0,0.2,No
TXN-00253,24/03/2023,CUST-0510,Priya Sharma,East,Peterborough,Daniel Marsh,Home & Garden,Garden Fork,PRD-012,8,34.99,14.0,0.0,No
TXN-00254,12-31-2023,CUST-0305,Isla McGregor,North,Leeds,Tom Bridges,Clothing,Denim Jeans,PRD-008,4,49.99,18.0,0.15,No
TXN-00255,2023-07-04,CUST-0218,Priya Sharma,North,Leeds,Daniel Marsh,Electronics,Wireless Charger,PRD-005,5,29.99,10.0,0.05,No
TXN-00256,27/06/2023,CUST-0146,Grace Kim,North,Manchester,Emily Patel,Clothing,Wool Scarf,PRD-009,10,24.99,8.0,0.05,Yes
TXN-00257,10-03-2023,CUST-0159,Noah Patel,South,Brighton,Tom Bridges,home & garden,Garden Fork,PRD-012,7,34.99,14.0,0.0,No
TXN-00258,11/06/2023,CUST-0503,Amelia Roberts,East,Peterborough,Rachel Ng,Electronics,Laptop Stand,PRD-004,8,49.99,18.0,0.0,No
TXN-00259,04-04-2023,CUST-0211,Noah Patel,East,Norwich,Daniel Marsh,Electronics,Laptop Stand,PRD-004,6,49.99,18.0,0.0,No
TXN-00260,2023-11-11,CUST-0446,Mia Carter,South,Brighton,James Okafor,Clothing,Running Shoes,PRD-007,4,69.99,28.0,0.15,No
TXN-00261,2023-10-04,CUST-0369,Mia Carter,North,Sheffield,Rachel Ng,Home & Garden,Plant Pot Set,PRD-014,3,29.99,11.0,0.1,No
TXN-00262,04-06-2023,CUST-0285,Noah Patel,East,Cambridge,Tom Bridges,Home & Garden,Throw Blanket,PRD-013,1,44.99,18.0,0.0,No
TXN-00263,02-21-2023,CUST-0392,Amelia Roberts,East,Peterborough,Rachel Ng,Electronics,Sony Headphones,PRD-002,7,149.99,75.0,0.15,No
TXN-00264,07/09/2023,CUST-0364,Liam Turner,East,Peterborough,Tom Bridges,Home & Garden,Coffee Maker,PRD-011,3,79.99,38.0,0.2,No
TXN-00265,2023-06-26,CUST-0386,Noah Patel,East,Norwich,Tom Bridges,electronics,Apple iPad,PRD-003,8,499.99,310.0,0.0,No
TXN-00266,11/11/2023,CUST-0555,,West,Cardiff,Rachel Ng,Home & Garden,Throw Blanket,PRD-013,6,44.99,18.0,0.15,No
TXN-00267,30/12/2023,CUST-0216,Isla McGregor,West,Cardiff,James Okafor,Clothing,Gym T-Shirt,PRD-010,10,19.99,7.0,0.2,No
TXN-00268,2023-04-18,CUST-0228,Oliver Bennett,West,Bath,Emily Patel,Home & Garden,Plant Pot Set,PRD-014,3,29.99,11.0,0.0,No
TXN-00269,05-07-2023,CUST-0553,Amelia Roberts,West,Bristol,Tom Bridges,Electronics,Wireless Charger,PRD-005,2,29.99,10.0,0.0,No
TXN-00270,10-30-2023,CUST-0380,Sophie Davies,East,Cambridge,James Okafor,electronics,Apple iPad,PRD-003,6,499.99,310.0,0.25,No
TXN-00271,01-01-2023,CUST-0233,James Holloway,West,Bath,Rachel Ng,Home & Garden,Throw Blanket,PRD-013,8,44.99,18.0,0.05,No
TXN-00272,2023-05-08,CUST-0551,Harry Singh,South,Oxford,rachel ng,Clothing,Wool Scarf,PRD-009,5,24.99,8.0,0.05,No
TXN-00273,11/03/2023,CUST-0196,Sophie Davies,West,Cardiff,Emily Patel,Home & Garden,Scented Candle,PRD-015,5,14.99,4.5,0.1,No
TXN-00274,2023-01-05,CUST-0244,Ethan Brooks,North,Liverpool,Emily Patel,Clothing,Winter Jacket,PRD-006,3,89.99,35.0,0.0,No
TXN-00275,17/05/2023,CUST-0484,Priya Sharma,North,Liverpool,James Okafor,Clothing,Wool Scarf,PRD-009,6,24.99,8.0,0.25,No
TXN-00276,09-24-2023,CUST-0117,Fatima Al-Rashid,North,Leeds,James Okafor,Clothing,Winter Jacket,PRD-006,2,89.99,35.0,0.05,No
TXN-00277,2023-12-08,CUST-0554,,South,Southampton,Emily Patel,home & garden,Scented Candle,PRD-015,9,14.99,4.5,0.0,No
TXN-00278,2023-05-08,CUST-0179,Oliver Bennett,North,Liverpool,Emily Patel ,Home & Garden,Garden Fork,PRD-012,1,34.99,14.0,0.0,No
TXN-00279,2023-04-09,CUST-0487,Ethan Brooks,WEST,Bristol,Sarah Collins,Electronics,"Samsung 55"" TV",PRD-001,3,799.99,480.0,0.25,No
TXN-00280,02-05-2023,CUST-0474,Sophie Davies,West,Cardiff,Emily Patel,Clothing,Gym T-Shirt,PRD-010,5,19.99,7.0,0.25,No
TXN-00281,12-04-2023,CUST-0417,Oliver Bennett,South,Southampton,Rachel Ng,Electronics,Wireless Charger,PRD-005,7,29.99,10.0,0.0,No
TXN-00282,2023-04-14,CUST-0166,Priya Sharma,West,Bath,Rachel Ng,Clothing,Denim Jeans,PRD-008,2,49.99,18.0,0.0,No
TXN-00283,02/12/2023,CUST-0106,Marcus Johnson,West,Bristol,Rachel Ng,Clothing,Gym T-Shirt,PRD-010,10,19.99,7.0,0.1,No
TXN-00284,02-21-2023,CUST-0139,Fatima Al-Rashid,North,Manchester,Emily Patel,Clothing,Winter Jacket,PRD-006,10,89.99,35.0,0.1,No
TXN-00285,2023-02-23,CUST-0445,Chloe Evans,South,Brighton,James Okafor,Electronics,Sony Headphones,PRD-002,9,149.99,75.0,0.2,No
TXN-00286,10-16-2023,CUST-0522,Amelia Roberts,South,Southampton,Daniel Marsh,Home & Garden,Throw Blanket,PRD-013,6,44.99,18.0,0.15,No
TXN-00287,2023-04-24,CUST-0254,,South,Southampton,Emily Patel,Clothing,Winter Jacket,PRD-006,1,89.99,35.0,0.1,No
TXN-00288,02-09-2023,CUST-0304,Marcus Johnson,EAST,Cambridge,Sarah Collins ,Electronics,Apple iPad,PRD-003,10,499.99,310.0,0.05,No
TXN-00289,21/06/2023,CUST-0499,,East,Cambridge,Tom Bridges,Home & Garden,Coffee Maker,PRD-011,10,79.99,38.0,0.1,No
TXN-00290,2023-03-20,CUST-0267,Amelia Roberts,West,Bristol,James Okafor,Home & Garden,Plant Pot Set,PRD-014,1,29.99,11.0,0.1,No
TXN-00291,2023-12-24,CUST-0143,Chloe Evans,West,Bristol,James Okafor,Clothing,Denim Jeans,PRD-008,2,49.99,18.0,0.25,No
TXN-00292,02-27-2023,CUST-0450,Oliver Bennett,South,Brighton,Tom Bridges,Home & Garden,Scented Candle,PRD-015,9,14.99,4.5,0.05,No
TXN-00293,04-13-2023,CUST-0174,Amelia Roberts,West,Exeter,James Okafor,Home & Garden,Throw Blanket,PRD-013,3,44.99,18.0,0.15,No
TXN-00294,04-18-2023,CUST-0341,,East,Norwich,Sarah Collins,Electronics,Sony Headphones,PRD-002,5,149.99,75.0,0.0,No
TXN-00295,08-27-2023,CUST-0456,Priya Sharma,South,Southampton,Rachel Ng,Home & Garden,Coffee Maker,PRD-011,7,79.99,38.0,0.0,No
TXN-00296,10-15-2023,CUST-0201,Ethan Brooks,NORTH,Sheffield,sarah collins,Electronics,Wireless Charger,PRD-005,2,29.99,10.0,0.15,No
TXN-00297,12/05/2023,CUST-0515,,NORTH,Sheffield,Tom Bridges,electronics,Apple iPad,PRD-003,6,499.99,310.0,0.1,No
TXN-00298,08-18-2023,CUST-0259,Liam Turner,North,Sheffield,James Okafor,Clothing,Winter Jacket,PRD-006,7,89.99,35.0,0.05,No
TXN-00299,2023-06-12,CUST-0435,Sophie Davies,South,Brighton,Rachel Ng,Electronics,Apple iPad,PRD-003,9,499.99,310.0,0.0,No
TXN-00300,11-07-2023,CUST-0113,Noah Patel,North,Leeds,Daniel Marsh ,Clothing,Denim Jeans,PRD-008,8,49.99,18.0,0.1,No
TXN-00301,2023-04-09,CUST-0351,Sophie Davies,South,Brighton,,Home & Garden,Garden Fork,PRD-012,9,34.99,14.0,0.25,No
TXN-00302,2023-08-23,CUST-0415,Liam Turner,North,Manchester,Emily Patel,Electronics,Sony Headphones,PRD-002,4,149.99,75.0,0.0,No
TXN-00303,09-23-2023,CUST-0121,Amelia Roberts,West,Bristol,Rachel Ng,Clothing,Wool Scarf,PRD-009,10,24.99,8.0,0.0,No
TXN-00304,2023-11-10,CUST-0336,Isla McGregor,West,Bristol,Rachel Ng,Home & Garden,Garden Fork,PRD-012,5,34.99,14.0,0.25,No
TXN-00305,2023-08-21,CUST-0332,Marcus Johnson,South,Oxford,Sarah Collins,Electronics,Wireless Charger,PRD-005,9,29.99,10.0,0.0,Yes
TXN-00306,07-13-2023,CUST-0361,Sophie Davies,East,Cambridge,Daniel Marsh,Electronics,Laptop Stand,PRD-004,6,49.99,18.0,0.0,No
TXN-00307,2023-03-02,CUST-0328,Sophie Davies,west,Exeter,Rachel Ng,Electronics,Sony Headphones,PRD-002,3,149.99,75.0,0.0,No
TXN-00308,05-06-2023,CUST-0309,James Holloway,SOUTH,London,Tom Bridges,Clothing,Winter Jacket,PRD-006,10,89.99,35.0,0.25,No
TXN-00309,2023-08-02,CUST-0571,Fatima Al-Rashid,East,Cambridge,Sarah Collins,Electronics,"Samsung 55"" TV",PRD-001,3,799.99,480.0,0.0,No
TXN-00310,30/05/2023,CUST-0318,Oliver Bennett,South,Brighton,Tom Bridges,Clothing,Winter Jacket,PRD-006,5,89.99,35.0,0.15,Yes
TXN-00311,08-07-2023,CUST-0144,Isla McGregor,South,Southampton,Emily Patel,Home & Garden,Garden Fork,PRD-012,10,34.99,14.0,0.0,No
TXN-00312,13/01/2023,CUST-0199,,East,Ipswich,James Okafor,Clothing,Wool Scarf,PRD-009,8,24.99,8.0,0.0,No
TXN-00313,06-03-2023,CUST-0504,,North,Leeds,Rachel Ng,clothing,Denim Jeans,PRD-008,9,-49.99,18.0,0.05,No
TXN-00314,2023-11-27,CUST-0345,Priya Sharma,East,Norwich,Daniel Marsh,Clothing,Gym T-Shirt,PRD-010,1,19.99,7.0,0.0,No
TXN-00315,2023-07-01,CUST-0109,Liam Turner,West,Bath,Rachel Ng,Clothing,Wool Scarf,PRD-009,1,24.99,8.0,0.1,No
TXN-00316,2023-12-30,CUST-0257,Liam Turner,South,London,Emily Patel,Home & Garden,Garden Fork,PRD-012,10,34.99,14.0,0.2,No
TXN-00317,09-05-2023,CUST-0147,James Holloway,East,Peterborough,James Okafor,Clothing,Denim Jeans,PRD-008,3,49.99,18.0,0.0,No
TXN-00318,2023-06-09,CUST-0542,James Holloway,South,Oxford,Daniel Marsh,Clothing,Running Shoes,PRD-007,2,69.99,28.0,0.0,No
TXN-00319,08-14-2023,CUST-0246,Liam Turner,North,Manchester,Sarah Collins,Home & Garden,Coffee Maker,PRD-011,10,79.99,38.0,0.1,No
TXN-00320,2023-03-29,CUST-0511,Amelia Roberts,North,Leeds,Emily Patel,Home & Garden,Coffee Maker,PRD-011,4,79.99,38.0,0.15,No
TXN-00321,12/11/2023,CUST-0405,Ethan Brooks,East,Ipswich,Rachel Ng,electronics,"Samsung 55"" TV",PRD-001,2,799.99,480.0,0.2,No
TXN-00322,2023-08-29,CUST-0149,Ethan Brooks,East,Cambridge,Daniel Marsh,home & garden,Plant Pot Set,PRD-014,10,29.99,11.0,0.0,No
TXN-00323,25/05/2023,CUST-0345,Sophie Davies,South,Southampton,Emily Patel,Home & Garden,Throw Blanket,PRD-013,6,44.99,18.0,0.25,No
TXN-00324,2023-07-16,CUST-0380,Mia Carter,South,Oxford,Daniel Marsh,Clothing,Winter Jacket,PRD-006,5,89.99,35.0,0.25,No
TXN-00325,06-16-2023,CUST-0158,Ethan Brooks,East,Peterborough,Tom Bridges,Clothing,Running Shoes,PRD-007,3,69.99,28.0,0.0,No
TXN-00326,03-17-2023,CUST-0518,James Holloway,North,Leeds,Emily Patel,Electronics,Wireless Charger,PRD-005,7,29.99,10.0,0.15,No
TXN-00327,2023-10-26,CUST-0568,Oliver Bennett,South,Southampton,Tom Bridges,Clothing,Denim Jeans,PRD-008,5,49.99,18.0,0.1,No
TXN-00328,17/11/2023,CUST-0321,Harry Singh,West,Exeter,Sarah Collins,Home & Garden,Coffee Maker,PRD-011,9,79.99,38.0,0.15,Yes
TXN-00329,2023-03-10,CUST-0247,Thomas Wu,West,Bath,Rachel Ng,Electronics,Sony Headphones,PRD-002,9,149.99,75.0,0.2,No
TXN-00330,2023-11-16,CUST-0503,Chloe Evans,North,Leeds,Daniel Marsh,Home & Garden,Garden Fork,PRD-012,2,34.99,14.0,0.0,No
TXN-00331,2023-01-18,CUST-0310,Grace Kim,West,Bath,Tom Bridges,Electronics,"Samsung 55"" TV",PRD-001,10,799.99,480.0,0.25,No
TXN-00332,12-17-2023,CUST-0225,Oliver Bennett,West,Bristol,Rachel Ng,Home & Garden,Scented Candle,PRD-015,5,14.99,4.5,0.25,No
TXN-00333,16/10/2023,CUST-0248,Isla McGregor,East,Ipswich,Rachel Ng,Clothing,Wool Scarf,PRD-009,10,24.99,8.0,0.15,No
TXN-00334,21/05/2023,CUST-0229,Noah Patel,North,Leeds,Rachel Ng ,Home & Garden,Throw Blanket,PRD-013,8,44.99,18.0,0.0,No
TXN-00335,2023-11-01,CUST-0275,Thomas Wu,North,Leeds,Rachel Ng,Home & Garden,Garden Fork,PRD-012,5,34.99,14.0,0.05,No
TXN-00336,01/09/2023,CUST-0126,Harry Singh,West,Bath,Tom Bridges,Clothing,Running Shoes,PRD-007,4,69.99,28.0,0.15,No
TXN-00337,02-19-2023,CUST-0447,Priya Sharma,West,Cardiff,Tom Bridges,Clothing,Running Shoes,PRD-007,9,-69.99,28.0,0.2,No
TXN-00338,24/09/2023,CUST-0483,Marcus Johnson,East,Peterborough,Rachel Ng,Clothing,Denim Jeans,PRD-008,2,49.99,18.0,0.1,No
TXN-00339,2023-02-17,CUST-0117,,South,London,,Electronics,Wireless Charger,PRD-005,2,29.99,10.0,0.25,No
TXN-00340,24/11/2023,CUST-0339,Oliver Bennett,South,London,Daniel Marsh,Electronics,Sony Headphones,PRD-002,7,149.99,75.0,0.0,No
TXN-00341,2023-09-09,CUST-0235,Oliver Bennett,East,Ipswich,Emily Patel,Electronics,"Samsung 55"" TV",PRD-001,7,799.99,480.0,0.2,No
TXN-00342,2023-09-12,CUST-0228,James Holloway,West,Bath,Sarah Collins,Clothing,Winter Jacket,PRD-006,8,89.99,35.0,0.1,No
TXN-00343,02/01/2023,CUST-0515,Amelia Roberts,North,Liverpool,Emily Patel,Clothing,Gym T-Shirt,PRD-010,1,19.99,7.0,0.25,No
TXN-00344,07-16-2023,CUST-0431,Priya Sharma,West,Exeter,Emily Patel,clothing,Winter Jacket,PRD-006,6,89.99,35.0,0.15,No
TXN-00345,10-04-2023,CUST-0222,Oliver Bennett,South,Oxford,Sarah Collins,Clothing,Wool Scarf,PRD-009,4,24.99,8.0,0.0,No
TXN-00346,2023-10-24,CUST-0581,Thomas Wu,East,Peterborough,,Clothing,Winter Jacket,PRD-006,7,89.99,35.0,0.0,No
TXN-00347,2023-10-30,CUST-0149,Sophie Davies,north,Liverpool,,Electronics,Sony Headphones,PRD-002,1,149.99,75.0,0.0,No
TXN-00348,01-24-2023,CUST-0528,Marcus Johnson,North,Leeds,Sarah Collins,Clothing,Wool Scarf,PRD-009,6,24.99,8.0,0.0,No
TXN-00349,2023-03-22,CUST-0151,Harry Singh,South,London,Emily Patel,Clothing,Denim Jeans,PRD-008,9,49.99,18.0,0.0,Yes
TXN-00350,11-09-2023,CUST-0310,Sophie Davies,west,Cardiff,Sarah Collins,Home & Garden,Plant Pot Set,PRD-014,8,29.99,11.0,0.0,No
TXN-00351,10-04-2023,CUST-0371,Grace Kim,North,Liverpool,Rachel Ng,Home & Garden,Throw Blanket,PRD-013,6,-44.99,18.0,0.2,No
TXN-00352,09/05/2023,CUST-0286,Chloe Evans,South,Brighton,,Electronics,Laptop Stand,PRD-004,8,49.99,18.0,0.0,Yes
TXN-00353,26/02/2023,CUST-0446,Amelia Roberts,west,Cardiff,James Okafor,Clothing,Winter Jacket,PRD-006,4,89.99,35.0,0.25,No
TXN-00354,04-10-2023,CUST-0298,Ethan Brooks,SOUTH,Brighton,Tom Bridges,Electronics,Laptop Stand,PRD-004,1,49.99,18.0,0.2,No
TXN-00355,2023-11-06,CUST-0275,Isla McGregor,East,Cambridge,Emily Patel,Home & Garden,Throw Blanket,PRD-013,3,44.99,18.0,0.0,No
TXN-00356,17/06/2023,CUST-0476,Amelia Roberts,South,Brighton,Sarah Collins,Home & Garden,Garden Fork,PRD-012,10,34.99,14.0,0.25,No
TXN-00357,2023-09-11,CUST-0456,Ethan Brooks,South,Brighton,Rachel Ng,Clothing,Winter Jacket,PRD-006,8,89.99,35.0,0.0,No
TXN-00358,21/08/2023,CUST-0335,James Holloway,North,Manchester,Daniel Marsh,Electronics,Apple iPad,PRD-003,4,-499.99,310.0,0.0,No
TXN-00359,2023-12-17,CUST-0318,Marcus Johnson,South,Oxford,James Okafor,Clothing,Winter Jacket,PRD-006,2,89.99,35.0,0.2,Yes
TXN-00360,10-15-2023,CUST-0189,Oliver Bennett,East,Norwich,Rachel Ng,Home & Garden,Coffee Maker,PRD-011,2,79.99,38.0,0.2,No
TXN-00361,10/07/2023,CUST-0316,Oliver Bennett,South,Southampton,James Okafor,Home & Garden,Scented Candle,PRD-015,4,14.99,4.5,0.05,No
TXN-00362,2023-08-23,CUST-0581,Marcus Johnson,West,Bristol,Tom Bridges,Home & Garden,Throw Blanket,PRD-013,8,44.99,18.0,0.15,No
TXN-00363,08-02-2023,CUST-0421,,North,Leeds,Emily Patel,Electronics,Apple iPad,PRD-003,2,499.99,310.0,0.0,No
TXN-00364,09-06-2023,CUST-0396,Liam Turner,South,Oxford,Tom Bridges,Electronics,"Samsung 55"" TV",PRD-001,1,799.99,480.0,0.05,No
TXN-00365,2023-04-04,CUST-0416,Isla McGregor,West,Cardiff,Emily Patel,Clothing,Denim Jeans,PRD-008,5,49.99,18.0,0.0,No
TXN-00366,2023-10-04,CUST-0276,Ethan Brooks,South,London,Sarah Collins,Home & Garden,Throw Blanket,PRD-013,6,44.99,18.0,0.0,No
TXN-00367,05-29-2023,CUST-0431,Mia Carter,East,Norwich,Tom Bridges,Electronics,Apple iPad,PRD-003,3,499.99,310.0,0.0,No
TXN-00368,01-29-2023,CUST-0328,Liam Turner,South,Oxford,Emily Patel,Home & Garden,Coffee Maker,PRD-011,3,79.99,38.0,0.0,No
TXN-00369,08/12/2023,CUST-0583,,South,Brighton,Emily Patel,Electronics,Laptop Stand,PRD-004,2,49.99,18.0,0.2,No
TXN-00370,15/08/2023,CUST-0327,Chloe Evans,West,Bath,Emily Patel,Electronics,Apple iPad,PRD-003,5,499.99,310.0,0.25,No
TXN-00371,30/10/2023,CUST-0271,,South,Oxford,Daniel Marsh,Electronics,Wireless Charger,PRD-005,2,29.99,10.0,0.0,No
TXN-00372,09-10-2023,CUST-0521,Isla McGregor,NORTH,Liverpool,James Okafor,Home & Garden,Garden Fork,PRD-012,4,34.99,14.0,0.0,No
TXN-00373,22/05/2023,CUST-0225,,West,Bristol,James Okafor,Home & Garden,Plant Pot Set,PRD-014,2,29.99,11.0,0.1,No
TXN-00374,13/06/2023,CUST-0183,Thomas Wu,North,Sheffield,Rachel Ng,Clothing,Wool Scarf,PRD-009,2,24.99,8.0,0.15,No
TXN-00375,02-18-2023,CUST-0199,Sophie Davies,South,London,Emily Patel,Home & Garden,Throw Blanket,PRD-013,1,44.99,18.0,0.1,Yes
TXN-00376,2023-06-24,CUST-0290,Chloe Evans,South,Southampton,Daniel Marsh,Clothing,Denim Jeans,PRD-008,0,49.99,18.0,0.15,No
TXN-00377,28/06/2023,CUST-0167,Mia Carter,North,Leeds,James Okafor,Home & Garden,Scented Candle,PRD-015,9,14.99,4.5,0.0,No
TXN-00378,2023-03-08,CUST-0216,Marcus Johnson,East,Peterborough,Rachel Ng,Clothing,Denim Jeans,PRD-008,1,49.99,18.0,0.0,No
TXN-00379,03-05-2023,CUST-0254,Fatima Al-Rashid,West,Bristol,sarah collins,clothing,Winter Jacket,PRD-006,1,89.99,35.0,0.0,Yes
TXN-00380,02-20-2023,CUST-0413,Oliver Bennett,South,Brighton,James Okafor,Electronics,Apple iPad,PRD-003,10,499.99,310.0,0.15,No
TXN-00381,14/07/2023,CUST-0590,Grace Kim,North,Leeds,Emily Patel,home & garden,Coffee Maker,PRD-011,4,79.99,38.0,0.25,No
TXN-00382,17/06/2023,CUST-0469,,South,Oxford,Sarah Collins,Clothing,Winter Jacket,PRD-006,9,89.99,35.0,0.0,No
TXN-00383,14/12/2023,CUST-0135,Mia Carter,North,Liverpool,Rachel Ng,Home & Garden,Plant Pot Set,PRD-014,4,29.99,11.0,0.2,No
TXN-00384,03/02/2023,CUST-0573,Sophie Davies,SOUTH,London,Tom Bridges,Home & Garden,Coffee Maker,PRD-011,3,79.99,38.0,0.2,No
TXN-00385,09-06-2023,CUST-0282,Harry Singh,South,Oxford,Sarah Collins,Clothing,Denim Jeans,PRD-008,10,49.99,18.0,0.1,No
TXN-00386,11-06-2023,CUST-0113,Harry Singh,East,Peterborough,Sarah Collins,Clothing,Running Shoes,PRD-007,1,69.99,28.0,0.0,No
TXN-00387,17/01/2023,CUST-0275,James Holloway,East,Norwich,Sarah Collins,Home & Garden,Plant Pot Set,PRD-014,4,29.99,11.0,0.1,No
TXN-00388,12-04-2023,CUST-0349,Mia Carter,North,Sheffield,Tom Bridges,electronics,Wireless Charger,PRD-005,5,29.99,10.0,0.0,No
TXN-00389,07/07/2023,CUST-0402,,West,Cardiff,Rachel Ng ,Clothing,Wool Scarf,PRD-009,10,24.99,8.0,0.15,Yes
TXN-00390,2023-06-06,CUST-0403,Oliver Bennett,North,Sheffield,Tom Bridges,Clothing,Wool Scarf,PRD-009,6,24.99,8.0,0.0,No
TXN-00391,2023-10-21,CUST-0293,Liam Turner,East,Ipswich,Sarah Collins,Clothing,Wool Scarf,PRD-009,5,24.99,8.0,0.0,No
TXN-00392,28/05/2023,CUST-0598,Marcus Johnson,West,Cardiff,Emily Patel,Home & Garden,Scented Candle,PRD-015,5,14.99,4.5,0.15,No
TXN-00393,30/11/2023,CUST-0318,Oliver Bennett,North,Liverpool,James Okafor,Electronics,Wireless Charger,PRD-005,2,29.99,10.0,0.15,No
TXN-00394,12-05-2023,CUST-0195,Marcus Johnson,East,Ipswich,James Okafor,Clothing,Wool Scarf,PRD-009,9,24.99,8.0,0.0,No
TXN-00395,02-02-2023,CUST-0532,Liam Turner,West,Bath,Rachel Ng,Electronics,Apple iPad,PRD-003,8,499.99,310.0,0.0,No
TXN-00396,14/10/2023,CUST-0523,Mia Carter,South,Southampton,Emily Patel,Clothing,Running Shoes,PRD-007,7,69.99,28.0,0.05,No
TXN-00397,12/02/2023,CUST-0500,,West,Bristol,James Okafor,electronics,Apple iPad,PRD-003,9,499.99,310.0,0.0,No
TXN-00398,2023-09-12,CUST-0440,Noah Patel,East,Peterborough,Emily Patel,Electronics,Sony Headphones,PRD-002,4,149.99,75.0,0.0,No
TXN-00399,09-09-2023,CUST-0325,Priya Sharma,South,Southampton,Emily Patel,Home & Garden,Garden Fork,PRD-012,7,34.99,14.0,0.05,No
TXN-00400,2023-12-06,CUST-0430,Priya Sharma,East,Norwich,Emily Patel,Clothing,Denim Jeans,PRD-008,3,49.99,18.0,0.15,No
TXN-00401,2023-06-04,CUST-0301,Noah Patel,South,Oxford,Emily Patel,Home & Garden,Coffee Maker,PRD-011,9,79.99,38.0,0.05,No
TXN-00402,2023-08-05,CUST-0311,Liam Turner,South,Brighton,Tom Bridges,Home & Garden,Coffee Maker,PRD-011,5,79.99,38.0,0.0,No
TXN-00403,02/01/2023,CUST-0327,Thomas Wu,South,London,Emily Patel,Home & Garden,Throw Blanket,PRD-013,8,44.99,18.0,0.0,No
TXN-00404,12-18-2023,CUST-0476,Sophie Davies,South,Southampton,Rachel Ng,Electronics,Sony Headphones,PRD-002,10,149.99,75.0,0.2,No
TXN-00405,2023-08-25,CUST-0413,Oliver Bennett,East,Cambridge,Sarah Collins,Electronics,Laptop Stand,PRD-004,10,-49.99,18.0,0.05,No
TXN-00406,11/12/2023,CUST-0369,Ethan Brooks,East,Cambridge,Sarah Collins,Clothing,Running Shoes,PRD-007,2,69.99,28.0,0.15,Yes
TXN-00407,2023-08-03,CUST-0521,Marcus Johnson,North,Leeds,James Okafor,Clothing,Wool Scarf,PRD-009,7,24.99,8.0,0.0,No
TXN-00408,07-16-2023,CUST-0598,Marcus Johnson,West,Bristol,Emily Patel,Electronics,Sony Headphones,PRD-002,6,149.99,75.0,0.25,No
TXN-00409,03/01/2023,CUST-0406,Priya Sharma,West,Exeter,Sarah Collins,electronics,Sony Headphones,PRD-002,8,149.99,75.0,0.15,No
TXN-00410,14/03/2023,CUST-0167,Chloe Evans,West,Bath,Daniel Marsh,home & garden,Garden Fork,PRD-012,5,34.99,14.0,0.0,No
TXN-00411,06-11-2023,CUST-0260,Sophie Davies,North,Leeds,Tom Bridges,Clothing,Wool Scarf,PRD-009,5,24.99,8.0,0.1,No
TXN-00412,2023-08-12,CUST-0233,Ethan Brooks,West,Cardiff,Rachel Ng,Home & Garden,Plant Pot Set,PRD-014,1,29.99,11.0,0.05,Yes
TXN-00413,10-16-2023,CUST-0483,Noah Patel,WEST,Bath,Tom Bridges,Home & Garden,Coffee Maker,PRD-011,6,79.99,38.0,0.0,No
TXN-00414,21/07/2023,CUST-0448,Fatima Al-Rashid,South,London,Rachel Ng,Electronics,"Samsung 55"" TV",PRD-001,4,799.99,480.0,0.25,Yes
TXN-00415,2023-04-19,CUST-0331,Thomas Wu,North,Leeds,Sarah Collins,Home & Garden,Plant Pot Set,PRD-014,5,29.99,11.0,0.0,No
TXN-00416,18/07/2023,CUST-0110,Sophie Davies,East,Norwich,Daniel Marsh,Home & Garden,Plant Pot Set,PRD-014,5,29.99,11.0,0.0,No
TXN-00417,01/09/2023,CUST-0202,Harry Singh,East,Cambridge,Sarah Collins,Clothing,Denim Jeans,PRD-008,10,49.99,18.0,0.0,No
TXN-00418,09-27-2023,CUST-0465,Mia Carter,WEST,Exeter,Rachel Ng,Home & Garden,Coffee Maker,PRD-011,9,79.99,38.0,0.15,No
TXN-00419,19/09/2023,CUST-0139,Fatima Al-Rashid,North,Liverpool,Sarah Collins,Clothing,Running Shoes,PRD-007,5,69.99,28.0,0.05,Yes
TXN-00420,10/12/2023,CUST-0460,Ethan Brooks,WEST,Exeter,Emily Patel,home & garden,Plant Pot Set,PRD-014,3,29.99,11.0,0.0,No
TXN-00421,21/12/2023,CUST-0187,Ethan Brooks,East,Cambridge,James Okafor,Home & Garden,Throw Blanket,PRD-013,0,44.99,18.0,0.2,No
TXN-00422,18/04/2023,CUST-0456,James Holloway,West,Exeter,Daniel Marsh,Home & Garden,Throw Blanket,PRD-013,2,44.99,18.0,0.0,No
TXN-00423,06/09/2023,CUST-0178,Ethan Brooks,South,Oxford,Daniel Marsh,Home & Garden,Throw Blanket,PRD-013,8,44.99,18.0,0.0,No
TXN-00424,19/01/2023,CUST-0405,Isla McGregor,North,Leeds,James Okafor,clothing,Winter Jacket,PRD-006,2,89.99,35.0,0.2,No
TXN-00425,08-18-2023,CUST-0159,Grace Kim,West,Bath,James Okafor,home & garden,Scented Candle,PRD-015,6,14.99,4.5,0.0,No
TXN-00426,2023-08-30,CUST-0591,Grace Kim,WEST,Cardiff,Tom Bridges,Electronics,Wireless Charger,PRD-005,6,29.99,10.0,0.25,No
TXN-00427,10/01/2023,CUST-0220,Priya Sharma,South,London,Daniel Marsh,Electronics,Wireless Charger,PRD-005,8,29.99,10.0,0.0,No
TXN-00428,2023-07-01,CUST-0349,Liam Turner,East,Cambridge,James Okafor,home & garden,Coffee Maker,PRD-011,6,79.99,38.0,0.2,No
TXN-00429,2023-07-05,CUST-0422,Marcus Johnson,East,Norwich,daniel marsh,Clothing,Winter Jacket,PRD-006,2,89.99,35.0,0.0,No
TXN-00430,31/08/2023,CUST-0493,,East,Peterborough,Daniel Marsh,Electronics,Apple iPad,PRD-003,3,499.99,310.0,0.0,No
TXN-00431,09-22-2023,CUST-0570,Ethan Brooks,East,Norwich,Emily Patel,Clothing,Running Shoes,PRD-007,3,69.99,28.0,0.2,No
TXN-00432,12-05-2023,CUST-0131,Priya Sharma,East,Peterborough,James Okafor,Home & Garden,Coffee Maker,PRD-011,2,79.99,38.0,0.15,No
TXN-00433,05/01/2023,CUST-0469,Grace Kim,South,London,Daniel Marsh,Home & Garden,Throw Blanket,PRD-013,7,44.99,18.0,0.2,No
TXN-00434,01-19-2023,CUST-0201,Oliver Bennett,South,Oxford,Daniel Marsh,Home & Garden,Scented Candle,PRD-015,8,14.99,4.5,0.15,No
TXN-00435,04/05/2023,CUST-0114,Noah Patel,East,Cambridge,Rachel Ng,Clothing,Gym T-Shirt,PRD-010,9,19.99,7.0,0.1,No
TXN-00436,2023-06-23,CUST-0393,Ethan Brooks,West,Bristol,Daniel Marsh ,Clothing,Denim Jeans,PRD-008,2,49.99,18.0,0.0,No
TXN-00437,03-17-2023,CUST-0498,Fatima Al-Rashid,South,Southampton,Daniel Marsh,Home & Garden,Garden Fork,PRD-012,7,34.99,14.0,0.05,No
TXN-00438,08-14-2023,CUST-0235,Chloe Evans,West,Bristol,Unknown,Clothing,Winter Jacket,PRD-006,6,89.99,35.0,0.2,No
TXN-00439,03-02-2023,CUST-0180,Grace Kim,West,Bath,James Okafor,Electronics,Laptop Stand,PRD-004,3,49.99,18.0,0.0,Yes
TXN-00440,25/01/2023,CUST-0172,Chloe Evans,West,Exeter,Rachel Ng,Home & Garden,Throw Blanket,PRD-013,5,44.99,18.0,0.15,No
TXN-00441,03-12-2023,CUST-0500,Thomas Wu,East,Peterborough,Sarah Collins,clothing,Winter Jacket,PRD-006,7,89.99,35.0,0.25,No
TXN-00442,05-23-2023,CUST-0123,Ethan Brooks,West,Bath,James Okafor,Clothing,Gym T-Shirt,PRD-010,10,19.99,7.0,0.2,No
TXN-00443,09-01-2023,CUST-0127,Marcus Johnson,North,Manchester,Rachel Ng,Home & Garden,Coffee Maker,PRD-011,9,79.99,38.0,0.0,No
TXN-00444,24/06/2023,CUST-0123,James Holloway,North,Leeds,Sarah Collins,Electronics,Wireless Charger,PRD-005,8,29.99,10.0,0.0,No
TXN-00445,01-31-2023,CUST-0257,Sophie Davies,South,Southampton,Tom Bridges,Electronics,Wireless Charger,PRD-005,3,29.99,10.0,0.1,No
TXN-00446,09-10-2023,CUST-0222,Amelia Roberts,East,Norwich,Emily Patel,Clothing,Denim Jeans,PRD-008,5,49.99,18.0,0.2,Yes
TXN-00447,05-07-2023,CUST-0383,Fatima Al-Rashid,West,Exeter,Sarah Collins,Home & Garden,Plant Pot Set,PRD-014,1,29.99,11.0,0.2,Yes
TXN-00448,01/01/2023,CUST-0566,Priya Sharma,South,Oxford,Tom Bridges,Home & Garden,Garden Fork,PRD-012,6,34.99,14.0,0.0,No
TXN-00449,2023-06-03,CUST-0478,Oliver Bennett,East,Cambridge,sarah collins,Clothing,Wool Scarf,PRD-009,6,24.99,8.0,0.05,Yes
TXN-00450,05-06-2023,CUST-0485,Noah Patel,West,Cardiff,Daniel Marsh,Clothing,Running Shoes,PRD-007,10,69.99,28.0,0.15,No
TXN-00451,07-21-2023,CUST-0384,Mia Carter,East,Peterborough,Rachel Ng,Home & Garden,Coffee Maker,PRD-011,0,-79.99,38.0,0.25,No
TXN-00452,09/04/2023,CUST-0104,Grace Kim,North,Manchester,rachel ng,Home & Garden,Plant Pot Set,PRD-014,10,29.99,11.0,0.15,No
TXN-00453,09-10-2023,CUST-0595,Noah Patel,North,Manchester,Emily Patel,Home & Garden,Coffee Maker,PRD-011,10,79.99,38.0,0.1,No
TXN-00454,09-25-2023,CUST-0232,Amelia Roberts,SOUTH,London,Emily Patel,Clothing,Running Shoes,PRD-007,10,69.99,28.0,0.0,Yes
TXN-00455,10/08/2023,CUST-0126,Liam Turner,East,Norwich,Daniel Marsh,Home & Garden,Scented Candle,PRD-015,8,14.99,4.5,0.0,No
TXN-00456,2023-10-20,CUST-0300,Oliver Bennett,East,Peterborough,Tom Bridges,Electronics,Sony Headphones,PRD-002,1,149.99,75.0,0.1,No
TXN-00457,2023-05-09,CUST-0508,Liam Turner,South,Oxford,Sarah Collins,Electronics,Apple iPad,PRD-003,2,-499.99,310.0,0.0,Yes
TXN-00458,13/07/2023,CUST-0143,Priya Sharma,North,Sheffield,Sarah Collins,Home & Garden,Coffee Maker,PRD-011,10,79.99,38.0,0.25,No
TXN-00459,21/08/2023,CUST-0485,James Holloway,North,Manchester,tom bridges,Electronics,"Samsung 55"" TV",PRD-001,9,799.99,480.0,0.0,No
TXN-00460,04-10-2023,CUST-0465,,West,Bristol,Emily Patel,Home & Garden,Plant Pot Set,PRD-014,9,29.99,11.0,0.15,Yes
TXN-00461,06-09-2023,CUST-0323,Grace Kim,South,Southampton,Emily Patel,Home & Garden,Garden Fork,PRD-012,4,34.99,14.0,0.0,No
TXN-00462,2023-06-26,CUST-0539,,South,Southampton,Rachel Ng,Clothing,Gym T-Shirt,PRD-010,10,19.99,7.0,0.0,No
TXN-00463,23/02/2023,CUST-0253,Sophie Davies,South,Brighton,Sarah Collins,Home & Garden,Plant Pot Set,PRD-014,10,29.99,11.0,0.15,No
TXN-00464,2023-04-05,CUST-0478,Harry Singh,North,Manchester,Daniel Marsh,Electronics,Sony Headphones,PRD-002,4,149.99,75.0,0.25,No
TXN-00465,06-23-2023,CUST-0212,Sophie Davies,EAST,Norwich,Rachel Ng,Clothing,Gym T-Shirt,PRD-010,6,19.99,7.0,0.0,No
TXN-00466,09-27-2023,CUST-0289,Sophie Davies,South,London,James Okafor,electronics,Sony Headphones,PRD-002,7,149.99,75.0,0.0,No
TXN-00467,11-12-2023,CUST-0425,Priya Sharma,West,Bristol,Sarah Collins,Electronics,Sony Headphones,PRD-002,9,149.99,75.0,0.2,No
TXN-00468,18/09/2023,CUST-0439,Sophie Davies,South,Southampton,James Okafor,Electronics,Apple iPad,PRD-003,3,499.99,310.0,0.25,No
TXN-00469,2023-04-23,CUST-0398,Marcus Johnson,East,Peterborough,James Okafor,Clothing,Wool Scarf,PRD-009,8,24.99,8.0,0.25,No
TXN-00470,08-27-2023,CUST-0280,Priya Sharma,West,Bath,James Okafor,Clothing,Denim Jeans,PRD-008,5,49.99,18.0,0.0,No
TXN-00471,2023-05-22,CUST-0561,Oliver Bennett,East,Peterborough,Tom Bridges,Clothing,Wool Scarf,PRD-009,1,24.99,8.0,0.0,Yes
TXN-00472,06/10/2023,CUST-0197,Thomas Wu,North,Sheffield,Sarah Collins,Clothing,Denim Jeans,PRD-008,5,49.99,18.0,0.1,No
TXN-00473,18/04/2023,CUST-0543,Amelia Roberts,North,Sheffield,Emily Patel,Clothing,Gym T-Shirt,PRD-010,1,19.99,7.0,0.25,No
TXN-00474,2023-07-11,CUST-0330,James Holloway,South,Oxford,Daniel Marsh,Clothing,Denim Jeans,PRD-008,4,49.99,18.0,0.2,No
TXN-00475,2023-01-17,CUST-0400,,South,London,Tom Bridges,Clothing,Wool Scarf,PRD-009,7,24.99,8.0,0.2,No
TXN-00476,19/10/2023,CUST-0196,Liam Turner,South,Southampton,Rachel Ng,Home & Garden,Scented Candle,PRD-015,7,14.99,4.5,0.2,No
TXN-00477,2023-08-21,CUST-0249,Oliver Bennett,east,Cambridge,Sarah Collins,Home & Garden,Garden Fork,PRD-012,4,34.99,14.0,0.0,No
TXN-00478,08/06/2023,CUST-0543,Marcus Johnson,East,Cambridge,Emily Patel,Clothing,Winter Jacket,PRD-006,3,89.99,35.0,0.2,No
TXN-00479,19/10/2023,CUST-0409,Liam Turner,West,Exeter,Rachel Ng,Home & Garden,Throw Blanket,PRD-013,4,44.99,18.0,0.0,No
TXN-00480,23/08/2023,CUST-0312,Chloe Evans,West,Bristol,Daniel Marsh,Home & Garden,Plant Pot Set,PRD-014,6,29.99,11.0,0.1,No
TXN-00481,07-30-2023,CUST-0561,Mia Carter,South,London,Tom Bridges,Electronics,Sony Headphones,PRD-002,5,149.99,75.0,0.1,No
TXN-00482,15/07/2023,CUST-0455,Ethan Brooks,North,Manchester,Sarah Collins,Clothing,Running Shoes,PRD-007,5,69.99,28.0,0.05,Yes
TXN-00483,30/08/2023,CUST-0465,Thomas Wu,West,Bath,,Home & Garden,Throw Blanket,PRD-013,8,44.99,18.0,0.25,No
TXN-00484,01-18-2023,CUST-0325,Marcus Johnson,South,London,Rachel Ng,Clothing,Wool Scarf,PRD-009,0,24.99,8.0,0.0,No
TXN-00485,2023-07-11,CUST-0293,Amelia Roberts,South,London,Daniel Marsh,Home & Garden,Coffee Maker,PRD-011,7,79.99,38.0,0.1,Yes
TXN-00486,2023-09-20,CUST-0185,,SOUTH,London,Sarah Collins,Electronics,"Samsung 55"" TV",PRD-001,4,799.99,480.0,0.0,No
TXN-00487,2023-07-19,CUST-0305,James Holloway,East,Cambridge,Rachel Ng,Home & Garden,Plant Pot Set,PRD-014,2,29.99,11.0,0.05,No
TXN-00488,2023-05-09,CUST-0464,Sophie Davies,West,Exeter,Daniel Marsh,electronics,Sony Headphones,PRD-002,7,149.99,75.0,0.1,No
TXN-00489,09-15-2023,CUST-0329,Amelia Roberts,East,Peterborough,Daniel Marsh,Home & Garden,Garden Fork,PRD-012,0,34.99,14.0,0.25,No
TXN-00490,05-02-2023,CUST-0292,Priya Sharma,North,Manchester,Emily Patel,Clothing,Gym T-Shirt,PRD-010,2,19.99,7.0,0.0,No
TXN-00491,2023-05-05,CUST-0533,Liam Turner,West,Exeter,James Okafor,Home & Garden,Coffee Maker,PRD-011,9,79.99,38.0,0.2,Yes
TXN-00492,2023-04-09,CUST-0351,,North,Leeds,Daniel Marsh,Electronics,Laptop Stand,PRD-004,9,49.99,18.0,0.15,Yes
TXN-00493,2023-11-07,CUST-0201,Sophie Davies,South,Brighton,Sarah Collins,Home & Garden,Garden Fork,PRD-012,4,34.99,14.0,0.0,No
TXN-00494,2023-09-04,CUST-0476,Thomas Wu,East,Peterborough,Daniel Marsh,Clothing,Denim Jeans,PRD-008,7,49.99,18.0,0.2,No
TXN-00495,03-11-2023,CUST-0410,Liam Turner,West,Bristol,Emily Patel,Electronics,Sony Headphones,PRD-002,5,149.99,75.0,0.2,No
TXN-00496,05/03/2023,CUST-0136,Priya Sharma,West,Cardiff,Sarah Collins ,Clothing,Wool Scarf,PRD-009,7,24.99,8.0,0.15,No
TXN-00497,11-20-2023,CUST-0224,Grace Kim,South,Oxford,Emily Patel,Home & Garden,Plant Pot Set,PRD-014,6,29.99,11.0,0.0,No
TXN-00498,2023-09-23,CUST-0569,Oliver Bennett,North,Leeds,Emily Patel,Home & Garden,Garden Fork,PRD-012,10,-34.99,14.0,0.0,No
TXN-00499,15/03/2023,CUST-0545,Grace Kim,West,Bath,Emily Patel,Home & Garden,Plant Pot Set,PRD-014,10,29.99,11.0,0.1,No
TXN-00500,01/04/2023,CUST-0247,Sophie Davies,South,Oxford,Daniel Marsh,Electronics,"Samsung 55"" TV",PRD-001,2,799.99,480.0,0.0,No
TXN-00501,08-14-2023,CUST-0232,Chloe Evans,South,Brighton,Tom Bridges,Electronics,Sony Headphones,PRD-002,3,149.99,75.0,0.05,No
TXN-00502,2023-05-17,CUST-0151,,North,Leeds,Sarah Collins,Clothing,Winter Jacket,PRD-006,6,89.99,35.0,0.0,No
TXN-00503,07/12/2023,CUST-0261,Grace Kim,north,Liverpool,Rachel Ng,Clothing,Wool Scarf,PRD-009,6,24.99,8.0,0.2,No
TXN-00504,08/07/2023,CUST-0458,Amelia Roberts,West,Exeter,Emily Patel,Electronics,Laptop Stand,PRD-004,3,49.99,18.0,0.0,No
TXN-00505,28/06/2023,CUST-0478,Oliver Bennett,West,Cardiff,Sarah Collins,clothing,Denim Jeans,PRD-008,1,49.99,18.0,0.15,No
TXN-00506,28/03/2023,CUST-0444,Ethan Brooks,West,Bristol,Daniel Marsh,Home & Garden,Garden Fork,PRD-012,9,34.99,14.0,0.0,No
TXN-00507,07/12/2023,CUST-0492,Noah Patel,North,Leeds,James Okafor,Home & Garden,Coffee Maker,PRD-011,7,79.99,38.0,0.0,No
TXN-00508,2023-04-30,CUST-0476,Chloe Evans,North,Liverpool,Sarah Collins,Clothing,Gym T-Shirt,PRD-010,10,19.99,7.0,0.0,No
TXN-00509,02-01-2023,CUST-0477,,East,Norwich,Sarah Collins,Home & Garden,Garden Fork,PRD-012,2,34.99,14.0,0.15,No
TXN-00510,23/04/2023,CUST-0261,Isla McGregor,South,Oxford,Emily Patel,Home & Garden,Garden Fork,PRD-012,0,34.99,14.0,0.05,No
TXN-00511,05-30-2023,CUST-0423,Mia Carter,West,Exeter,James Okafor,home & garden,Throw Blanket,PRD-013,5,44.99,18.0,0.0,No
TXN-00512,01-12-2023,CUST-0517,Sophie Davies,WEST,Cardiff,Daniel Marsh,Home & Garden,Garden Fork,PRD-012,1,34.99,14.0,0.0,No
TXN-00513,30/12/2023,CUST-0265,Priya Sharma,West,Bath,Emily Patel,clothing,Denim Jeans,PRD-008,5,49.99,18.0,0.05,No
TXN-00514,12/07/2023,CUST-0394,Thomas Wu,West,Cardiff,Tom Bridges,Clothing,Running Shoes,PRD-007,0,69.99,28.0,0.05,No
TXN-00515,04/05/2023,CUST-0306,Fatima Al-Rashid,South,London,Emily Patel,Electronics,"Samsung 55"" TV",PRD-001,9,799.99,480.0,0.15,No
TXN-00516,09-08-2023,CUST-0161,Fatima Al-Rashid,West,Cardiff,Daniel Marsh,Home & Garden,Coffee Maker,PRD-011,8,79.99,38.0,0.2,No
TXN-00517,07-27-2023,CUST-0565,Sophie Davies,SOUTH,Southampton,Daniel Marsh,Home & Garden,Plant Pot Set,PRD-014,7,29.99,11.0,0.1,Yes
TXN-00518,2023-03-04,CUST-0384,Liam Turner,North,Liverpool,Sarah Collins,Home & Garden,Coffee Maker,PRD-011,4,79.99,38.0,0.0,No
TXN-00519,2023-06-03,CUST-0583,Amelia Roberts,South,Brighton,Sarah Collins,Electronics,"Samsung 55"" TV",PRD-001,9,799.99,480.0,0.1,No
TXN-00520,2023-04-21,CUST-0118,Isla McGregor,East,Peterborough,James Okafor,Home & Garden,Throw Blanket,PRD-013,10,44.99,18.0,0.05,Yes
TXN-00521,2023-12-22,CUST-0583,Chloe Evans,South,Southampton,James Okafor,clothing,Denim Jeans,PRD-008,5,49.99,18.0,0.2,No
TXN-00522,09/02/2023,CUST-0322,Amelia Roberts,SOUTH,Brighton,Daniel Marsh,Home & Garden,Scented Candle,PRD-015,10,14.99,4.5,0.0,No
TXN-00523,2023-07-13,CUST-0293,Amelia Roberts,North,Liverpool,Sarah Collins,Electronics,Apple iPad,PRD-003,5,499.99,310.0,0.0,Yes
TXN-00524,03/04/2023,CUST-0187,Harry Singh,North,Sheffield,Rachel Ng,Clothing,Denim Jeans,PRD-008,10,49.99,18.0,0.1,No
TXN-00525,28/12/2023,CUST-0462,Chloe Evans,West,Cardiff,Unknown,Home & Garden,Plant Pot Set,PRD-014,10,29.99,11.0,0.1,No
TXN-00526,2023-11-21,CUST-0494,Oliver Bennett,South,Southampton,Tom Bridges,Clothing,Gym T-Shirt,PRD-010,4,19.99,7.0,0.1,No
TXN-00527,09-21-2023,CUST-0474,Mia Carter,North,Manchester,James Okafor,Electronics,Wireless Charger,PRD-005,8,29.99,10.0,0.0,No
TXN-00528,2023-03-31,CUST-0551,Amelia Roberts,North,Leeds,daniel marsh,Home & Garden,Throw Blanket,PRD-013,4,44.99,18.0,0.0,No
TXN-00529,2023-05-16,CUST-0248,Isla McGregor,East,Ipswich,Sarah Collins,Clothing,Winter Jacket,PRD-006,6,89.99,35.0,0.05,No
TXN-00530,06-29-2023,CUST-0252,James Holloway,North,Liverpool,James Okafor,Home & Garden,Coffee Maker,PRD-011,0,79.99,38.0,0.25,No
TXN-00531,22/07/2023,CUST-0436,Mia Carter,South,London,Sarah Collins,Electronics,Wireless Charger,PRD-005,3,29.99,10.0,0.2,No
TXN-00532,08/04/2023,CUST-0545,Fatima Al-Rashid,East,Cambridge,Rachel Ng,Electronics,Laptop Stand,PRD-004,3,49.99,18.0,0.0,No
TXN-00533,07-24-2023,CUST-0449,Liam Turner,North,Liverpool,Daniel Marsh,Electronics,Sony Headphones,PRD-002,8,149.99,75.0,0.1,No
TXN-00534,12/02/2023,CUST-0345,Mia Carter,West,Bristol,Sarah Collins,Clothing,Running Shoes,PRD-007,1,69.99,28.0,0.15,Yes
TXN-00535,04-07-2023,CUST-0473,Sophie Davies,South,Brighton,James Okafor,Electronics,Sony Headphones,PRD-002,7,149.99,75.0,0.05,No
TXN-00536,24/04/2023,CUST-0458,Amelia Roberts,South,Brighton,Unknown,Electronics,Wireless Charger,PRD-005,4,29.99,10.0,0.0,No
TXN-00537,19/04/2023,CUST-0126,Liam Turner,West,Bath,,Clothing,Denim Jeans,PRD-008,7,49.99,18.0,0.05,Yes
TXN-00538,10-29-2023,CUST-0166,Grace Kim,West,Bristol,Tom Bridges,Clothing,Denim Jeans,PRD-008,2,49.99,18.0,0.0,No
TXN-00539,2023-02-20,CUST-0518,Ethan Brooks,East,Ipswich,James Okafor,Electronics,Sony Headphones,PRD-002,10,149.99,75.0,0.0,No
TXN-00540,08-18-2023,CUST-0386,Grace Kim,East,Peterborough,James Okafor,electronics,Sony Headphones,PRD-002,7,149.99,75.0,0.1,No
TXN-00541,2023-12-22,CUST-0389,,North,Manchester,Tom Bridges,Home & Garden,Garden Fork,PRD-012,10,34.99,14.0,0.1,Yes
TXN-00542,09-15-2023,CUST-0403,Ethan Brooks,West,Bristol,James Okafor,Home & Garden,Plant Pot Set,PRD-014,0,29.99,11.0,0.1,No
TXN-00543,01-27-2023,CUST-0242,Noah Patel,East,Cambridge,Emily Patel,Home & Garden,Garden Fork,PRD-012,1,34.99,14.0,0.05,No
TXN-00544,2023-06-16,CUST-0469,Isla McGregor,South,Brighton,Rachel Ng,Home & Garden,Scented Candle,PRD-015,6,14.99,4.5,0.15,No
TXN-00545,2023-08-15,CUST-0231,Marcus Johnson,North,Leeds,Daniel Marsh,Electronics,"Samsung 55"" TV",PRD-001,9,799.99,480.0,0.0,No
TXN-00546,04-03-2023,CUST-0541,Mia Carter,East,Peterborough,James Okafor,Home & Garden,Throw Blanket,PRD-013,3,44.99,18.0,0.25,No
TXN-00547,2023-11-05,CUST-0470,James Holloway,east,Cambridge,Tom Bridges,electronics,"Samsung 55"" TV",PRD-001,7,799.99,480.0,0.05,No
TXN-00548,10-05-2023,CUST-0505,Fatima Al-Rashid,West,Bristol,Sarah Collins,Home & Garden,Garden Fork,PRD-012,4,34.99,14.0,0.0,No
TXN-00549,2023-01-11,CUST-0236,Fatima Al-Rashid,East,Norwich,James Okafor,Home & Garden,Garden Fork,PRD-012,5,34.99,14.0,0.15,No
TXN-00550,12-18-2023,CUST-0215,Harry Singh,North,Manchester,Rachel Ng,Clothing,Running Shoes,PRD-007,1,69.99,28.0,0.05,No
TXN-00551,08-08-2023,CUST-0122,Sophie Davies,North,Manchester,James Okafor,Clothing,Gym T-Shirt,PRD-010,6,19.99,7.0,0.0,No
TXN-00552,2023-01-02,CUST-0235,Oliver Bennett,East,Peterborough,James Okafor,Home & Garden,Throw Blanket,PRD-013,6,44.99,18.0,0.0,No
TXN-00553,30/06/2023,CUST-0165,Harry Singh,South,Oxford,Tom Bridges,Clothing,Winter Jacket,PRD-006,10,89.99,35.0,0.2,No
TXN-00554,02-12-2023,CUST-0374,Harry Singh,West,Bath,Rachel Ng,Clothing,Running Shoes,PRD-007,7,69.99,28.0,0.2,No
TXN-00555,31/05/2023,CUST-0278,Thomas Wu,West,Cardiff,Daniel Marsh,clothing,Winter Jacket,PRD-006,6,89.99,35.0,0.25,Yes
TXN-00556,02-24-2023,CUST-0290,,South,Oxford,James Okafor,electronics,Sony Headphones,PRD-002,2,149.99,75.0,0.0,No
TXN-00557,29/08/2023,CUST-0483,Isla McGregor,North,Leeds,Sarah Collins,electronics,"Samsung 55"" TV",PRD-001,1,799.99,480.0,0.2,No
TXN-00558,10-11-2023,CUST-0448,Ethan Brooks,East,Norwich,Emily Patel,Electronics,"Samsung 55"" TV",PRD-001,0,799.99,480.0,0.0,No
TXN-00559,2023-07-20,CUST-0416,,East,Ipswich,Daniel Marsh,Electronics,"Samsung 55"" TV",PRD-001,9,799.99,480.0,0.2,No
TXN-00560,05/11/2023,CUST-0155,Grace Kim,North,Liverpool,Tom Bridges,Home & Garden,Plant Pot Set,PRD-014,3,29.99,11.0,0.0,No
TXN-00561,2023-01-24,CUST-0391,Mia Carter,North,Leeds,Rachel Ng,Electronics,Apple iPad,PRD-003,4,499.99,310.0,0.05,No
TXN-00562,2023-09-15,CUST-0308,Fatima Al-Rashid,EAST,Norwich,Emily Patel,Clothing,Denim Jeans,PRD-008,7,49.99,18.0,0.15,No
TXN-00563,03-24-2023,CUST-0552,Thomas Wu,North,Liverpool,Tom Bridges,Electronics,Sony Headphones,PRD-002,8,149.99,75.0,0.0,No
TXN-00564,2023-02-19,CUST-0590,Mia Carter,East,Cambridge,Emily Patel,Home & Garden,Plant Pot Set,PRD-014,1,29.99,11.0,0.2,No
TXN-00565,04-02-2023,CUST-0286,Oliver Bennett,South,Southampton,Rachel Ng,Electronics,Laptop Stand,PRD-004,6,49.99,18.0,0.0,No
TXN-00566,14/08/2023,CUST-0538,Thomas Wu,West,Bath,Emily Patel,Clothing,Running Shoes,PRD-007,2,69.99,28.0,0.25,No
TXN-00567,25/04/2023,CUST-0391,Oliver Bennett,East,Peterborough,Rachel Ng,home & garden,Coffee Maker,PRD-011,4,79.99,38.0,0.0,No
TXN-00568,25/07/2023,CUST-0303,Marcus Johnson,West,Exeter,Tom Bridges,Home & Garden,Plant Pot Set,PRD-014,2,29.99,11.0,0.0,No
TXN-00569,04/11/2023,CUST-0390,,North,Liverpool,James Okafor,Clothing,Wool Scarf,PRD-009,1,24.99,8.0,0.0,No
TXN-00570,31/12/2023,CUST-0240,Isla McGregor,North,Sheffield,Tom Bridges,electronics,"Samsung 55"" TV",PRD-001,7,799.99,480.0,0.1,No
TXN-00571,23/12/2023,CUST-0343,Sophie Davies,West,Exeter,James Okafor,Electronics,Laptop Stand,PRD-004,6,49.99,18.0,0.1,No
TXN-00572,2023-01-08,CUST-0480,Liam Turner,East,Peterborough,Sarah Collins,Home & Garden,Scented Candle,PRD-015,10,14.99,4.5,0.0,No
TXN-00573,2023-01-19,CUST-0427,Fatima Al-Rashid,West,Bath,Emily Patel,Home & Garden,Scented Candle,PRD-015,1,14.99,4.5,0.25,No
TXN-00574,25/12/2023,CUST-0257,Fatima Al-Rashid,South,Brighton,Rachel Ng,Clothing,Running Shoes,PRD-007,10,69.99,28.0,0.0,No
TXN-00575,05-26-2023,CUST-0183,Harry Singh,West,Exeter,Emily Patel,Clothing,Denim Jeans,PRD-008,2,49.99,18.0,0.0,No
TXN-00576,09-15-2023,CUST-0378,Ethan Brooks,West,Bristol,Sarah Collins,Electronics,"Samsung 55"" TV",PRD-001,10,799.99,480.0,0.2,No
TXN-00577,04/01/2023,CUST-0337,Harry Singh,North,Liverpool,James Okafor,Clothing,Winter Jacket,PRD-006,4,89.99,35.0,0.25,No
TXN-00578,2023-06-21,CUST-0518,Liam Turner,South,Southampton,Daniel Marsh,Clothing,Winter Jacket,PRD-006,7,-89.99,35.0,0.0,No
TXN-00579,2023-08-12,CUST-0306,Sophie Davies,West,Bath,James Okafor,Clothing,Gym T-Shirt,PRD-010,7,19.99,7.0,0.0,No
TXN-00580,2023-10-31,CUST-0323,,North,Leeds,Rachel Ng,Home & Garden,Throw Blanket,PRD-013,9,44.99,18.0,0.0,No
TXN-00581,05-14-2023,CUST-0374,Harry Singh,North,Manchester,Rachel Ng,Home & Garden,Plant Pot Set,PRD-014,6,29.99,11.0,0.0,No
TXN-00582,17/04/2023,CUST-0139,Grace Kim,North,Leeds,,Electronics,Wireless Charger,PRD-005,2,29.99,10.0,0.0,No
TXN-00583,04-02-2023,CUST-0252,,North,Manchester,Tom Bridges,home & garden,Plant Pot Set,PRD-014,7,29.99,11.0,0.15,No
TXN-00584,21/04/2023,CUST-0111,Thomas Wu,North,Sheffield,Emily Patel,Home & Garden,Coffee Maker,PRD-011,3,79.99,38.0,0.1,Yes
TXN-00585,11/09/2023,CUST-0382,Ethan Brooks,North,Manchester,Emily Patel,Electronics,Sony Headphones,PRD-002,5,149.99,75.0,0.1,No
TXN-00586,11-02-2023,CUST-0321,Chloe Evans,West,Exeter,James Okafor,Home & Garden,Plant Pot Set,PRD-014,2,29.99,11.0,0.1,No
TXN-00587,2023-07-23,CUST-0400,Grace Kim,East,Norwich,Rachel Ng,Electronics,Apple iPad,PRD-003,2,499.99,310.0,0.25,No
TXN-00588,2023-06-18,CUST-0452,,North,Sheffield,Tom Bridges,Clothing,Running Shoes,PRD-007,6,69.99,28.0,0.15,Yes
TXN-00589,10-21-2023,CUST-0552,Oliver Bennett,West,Exeter,James Okafor,Clothing,Running Shoes,PRD-007,9,69.99,28.0,0.05,No
TXN-00590,05-02-2023,CUST-0187,Harry Singh,West,Bath,Emily Patel,Electronics,Laptop Stand,PRD-004,8,49.99,18.0,0.0,No
TXN-00591,21/05/2023,CUST-0524,Isla McGregor,North,Manchester,Tom Bridges,clothing,Gym T-Shirt,PRD-010,0,19.99,7.0,0.0,No
TXN-00592,2023-01-06,CUST-0214,,East,Ipswich,Tom Bridges,Clothing,Wool Scarf,PRD-009,8,24.99,8.0,0.0,No
TXN-00593,25/01/2023,CUST-0501,,North,Liverpool,James Okafor,Electronics,Apple iPad,PRD-003,9,499.99,310.0,0.0,No
TXN-00594,2023-12-09,CUST-0594,Ethan Brooks,North,Liverpool,Emily Patel,Electronics,"Samsung 55"" TV",PRD-001,3,799.99,480.0,0.15,No
TXN-00595,2023-12-22,CUST-0224,Marcus Johnson,South,Oxford,Emily Patel,Home & Garden,Coffee Maker,PRD-011,5,79.99,38.0,0.1,No
TXN-00596,29/12/2023,CUST-0363,Isla McGregor,North,Manchester,Unknown,Clothing,Running Shoes,PRD-007,8,69.99,28.0,0.0,No
TXN-00597,17/03/2023,CUST-0184,Fatima Al-Rashid,South,London,James Okafor,Clothing,Wool Scarf,PRD-009,10,24.99,8.0,0.05,No
TXN-00598,07-23-2023,CUST-0281,Thomas Wu,North,Leeds,Sarah Collins,Electronics,Laptop Stand,PRD-004,9,49.99,18.0,0.25,No
TXN-00599,02-25-2023,CUST-0371,Chloe Evans,West,Bristol,Tom Bridges,electronics,Laptop Stand,PRD-004,7,49.99,18.0,0.05,No
TXN-00600,04-23-2023,CUST-0307,Fatima Al-Rashid,North,Manchester,James Okafor,Electronics,Sony Headphones,PRD-002,2,149.99,75.0,0.0,No
TXN-00601,29/03/2023,CUST-0478,Amelia Roberts,East,Cambridge,James Okafor,Clothing,Denim Jeans,PRD-008,1,49.99,18.0,0.0,No
TXN-00602,01/11/2023,CUST-0447,James Holloway,North,Sheffield,Tom Bridges,Electronics,Laptop Stand,PRD-004,6,49.99,18.0,0.0,Yes
TXN-00603,20/08/2023,CUST-0148,Liam Turner,West,Bath,James Okafor,Electronics,Wireless Charger,PRD-005,5,29.99,10.0,0.05,No
TXN-00604,27/02/2023,CUST-0561,Mia Carter,East,Ipswich,Daniel Marsh,Clothing,Denim Jeans,PRD-008,5,49.99,18.0,0.15,No
TXN-00605,05-21-2023,CUST-0588,Fatima Al-Rashid,North,Liverpool,James Okafor,Electronics,"Samsung 55"" TV",PRD-001,4,799.99,480.0,0.2,No
TXN-00606,2023-11-10,CUST-0396,Liam Turner,West,Cardiff,Emily Patel,Clothing,Wool Scarf,PRD-009,10,24.99,8.0,0.2,No
TXN-00607,03/02/2023,CUST-0183,Isla McGregor,West,Exeter,Emily Patel,Electronics,Sony Headphones,PRD-002,8,149.99,75.0,0.0,No
TXN-00608,09-15-2023,CUST-0170,Isla McGregor,North,Leeds,Emily Patel,electronics,Apple iPad,PRD-003,1,499.99,310.0,0.2,Yes
TXN-00609,2023-07-24,CUST-0447,Chloe Evans,South,Southampton,James Okafor,Electronics,"Samsung 55"" TV",PRD-001,5,799.99,480.0,0.05,No
TXN-00610,2023-10-07,CUST-0256,Ethan Brooks,East,Ipswich,James Okafor,Home & Garden,Scented Candle,PRD-015,3,14.99,4.5,0.05,No
TXN-00611,2023-10-14,CUST-0336,,West,Bath,Sarah Collins,Clothing,Gym T-Shirt,PRD-010,6,19.99,7.0,0.25,No
TXN-00612,23/09/2023,CUST-0443,,west,Exeter,James Okafor,Clothing,Gym T-Shirt,PRD-010,10,19.99,7.0,0.1,No
TXN-00613,10-15-2023,CUST-0127,Thomas Wu,NORTH,Manchester,Emily Patel,Clothing,Denim Jeans,PRD-008,1,49.99,18.0,0.0,No
TXN-00614,2023-04-15,CUST-0161,Amelia Roberts,West,Cardiff,Emily Patel,Home & Garden,Coffee Maker,PRD-011,0,79.99,38.0,0.05,No
TXN-00615,2023-11-22,CUST-0415,Thomas Wu,WEST,Bath,Sarah Collins,Clothing,Running Shoes,PRD-007,4,69.99,28.0,0.1,No
TXN-00616,07-17-2023,CUST-0288,Harry Singh,South,Brighton,James Okafor,Home & Garden,Plant Pot Set,PRD-014,8,29.99,11.0,0.1,No
TXN-00617,2023-07-01,CUST-0327,,North,Liverpool,james okafor,Electronics,"Samsung 55"" TV",PRD-001,10,799.99,480.0,0.1,No
TXN-00618,12-02-2023,CUST-0189,Grace Kim,West,Bath,Unknown,Clothing,Gym T-Shirt,PRD-010,4,19.99,7.0,0.15,No
TXN-00619,03-08-2023,CUST-0394,Noah Patel,East,Cambridge,Emily Patel,Home & Garden,Plant Pot Set,PRD-014,2,29.99,11.0,0.25,No
TXN-00620,2023-05-02,CUST-0343,Amelia Roberts,East,Ipswich,Rachel Ng,clothing,Winter Jacket,PRD-006,3,89.99,35.0,0.05,No
TXN-00621,02-25-2023,CUST-0115,Liam Turner,South,Oxford,Tom Bridges,Electronics,"Samsung 55"" TV",PRD-001,1,799.99,480.0,0.0,No
TXN-00622,2023-04-15,CUST-0144,Fatima Al-Rashid,West,Cardiff,James Okafor,Clothing,Running Shoes,PRD-007,4,69.99,28.0,0.0,No
TXN-00623,04/02/2023,CUST-0280,Thomas Wu,South,Southampton,Tom Bridges,Electronics,Wireless Charger,PRD-005,8,29.99,10.0,0.05,No
TXN-00624,07-19-2023,CUST-0520,Noah Patel,West,Bristol,Rachel Ng,Home & Garden,Coffee Maker,PRD-011,8,79.99,38.0,0.05,Yes
TXN-00625,2023-12-01,CUST-0156,Noah Patel,east,Ipswich,Sarah Collins,Electronics,Wireless Charger,PRD-005,9,29.99,10.0,0.1,No
TXN-00626,2023-06-27,CUST-0563,Priya Sharma,North,Sheffield,James Okafor,Electronics,Wireless Charger,PRD-005,6,29.99,10.0,0.0,No
TXN-00627,2023-01-11,CUST-0344,Amelia Roberts,West,Bristol,Rachel Ng,Electronics,"Samsung 55"" TV",PRD-001,2,799.99,480.0,0.0,No
TXN-00628,01/03/2023,CUST-0320,Thomas Wu,North,Leeds,Rachel Ng,Clothing,Winter Jacket,PRD-006,9,89.99,35.0,0.25,No
TXN-00629,01-08-2023,CUST-0554,Priya Sharma,North,Sheffield,Emily Patel,Clothing,Running Shoes,PRD-007,4,69.99,28.0,0.0,No
TXN-00630,09/02/2023,CUST-0436,Oliver Bennett,South,London,Sarah Collins,Electronics,Apple iPad,PRD-003,6,499.99,310.0,0.05,No
TXN-00631,07-30-2023,CUST-0357,Grace Kim,South,Southampton,James Okafor,Clothing,Gym T-Shirt,PRD-010,5,19.99,7.0,0.05,No
TXN-00632,2023-02-28,CUST-0220,Ethan Brooks,West,Cardiff,James Okafor,Home & Garden,Scented Candle,PRD-015,4,14.99,4.5,0.0,No
TXN-00633,2023-04-25,CUST-0295,Priya Sharma,West,Exeter,Emily Patel,Clothing,Winter Jacket,PRD-006,1,89.99,35.0,0.1,Yes
TXN-00634,06-24-2023,CUST-0402,James Holloway,West,Bath,Rachel Ng ,Electronics,Apple iPad,PRD-003,1,499.99,310.0,0.15,No
TXN-00635,08-28-2023,CUST-0233,Harry Singh,West,Bristol,Sarah Collins,Home & Garden,Throw Blanket,PRD-013,9,44.99,18.0,0.25,No
TXN-00636,12-01-2023,CUST-0285,Noah Patel,South,London,Emily Patel,Clothing,Running Shoes,PRD-007,9,69.99,28.0,0.1,No
TXN-00637,2023-10-24,CUST-0384,Priya Sharma,North,Sheffield,Emily Patel,Clothing,Wool Scarf,PRD-009,1,24.99,8.0,0.25,No
TXN-00638,02-28-2023,CUST-0416,Amelia Roberts,East,Ipswich,Sarah Collins,Clothing,Denim Jeans,PRD-008,5,49.99,18.0,0.25,No
TXN-00639,2023-06-29,CUST-0376,Amelia Roberts,North,Liverpool,Rachel Ng,Home & Garden,Coffee Maker,PRD-011,5,-79.99,38.0,0.1,No
TXN-00640,21/06/2023,CUST-0267,Grace Kim,North,Manchester,Rachel Ng,Electronics,Apple iPad,PRD-003,7,499.99,310.0,0.0,No
TXN-00641,21/04/2023,CUST-0466,Grace Kim,East,Ipswich,Rachel Ng ,Electronics,Sony Headphones,PRD-002,10,149.99,75.0,0.0,No
TXN-00642,08-30-2023,CUST-0508,,North,Leeds,Tom Bridges,home & garden,Coffee Maker,PRD-011,4,79.99,38.0,0.2,No
TXN-00643,2023-07-05,CUST-0327,Chloe Evans,West,Cardiff,Rachel Ng,Electronics,Apple iPad,PRD-003,4,499.99,310.0,0.25,No
TXN-00644,07/11/2023,CUST-0445,Thomas Wu,East,Norwich,Emily Patel,Home & Garden,Plant Pot Set,PRD-014,4,29.99,11.0,0.0,No
TXN-00645,2023-02-21,CUST-0161,Mia Carter,East,Norwich,Sarah Collins,Home & Garden,Scented Candle,PRD-015,8,14.99,4.5,0.05,Yes
TXN-00646,06-22-2023,CUST-0464,Liam Turner,North,Manchester,Daniel Marsh,Electronics,Wireless Charger,PRD-005,7,29.99,10.0,0.2,No
TXN-00647,2023-03-19,CUST-0193,Oliver Bennett,North,Manchester,Sarah Collins,Clothing,Wool Scarf,PRD-009,8,24.99,8.0,0.2,No
TXN-00648,27/05/2023,CUST-0365,Chloe Evans,East,Peterborough,Tom Bridges,Electronics,Wireless Charger,PRD-005,5,29.99,10.0,0.0,Yes
TXN-00649,28/03/2023,CUST-0240,Amelia Roberts,West,Cardiff,Unknown,Clothing,Gym T-Shirt,PRD-010,10,19.99,7.0,0.15,No
TXN-00650,04/01/2023,CUST-0376,Marcus Johnson,East,Norwich,James Okafor,Electronics,Wireless Charger,PRD-005,9,-29.99,10.0,0.0,No
TXN-00651,2023-02-14,CUST-0555,Noah Patel,North,Sheffield,Rachel Ng,Clothing,Wool Scarf,PRD-009,5,24.99,8.0,0.0,No
TXN-00652,12-28-2023,CUST-0362,Oliver Bennett,East,Norwich,Emily Patel,Home & Garden,Coffee Maker,PRD-011,6,79.99,38.0,0.0,No
TXN-00653,2023-12-11,CUST-0400,Amelia Roberts,East,Norwich,Tom Bridges,Home & Garden,Throw Blanket,PRD-013,4,44.99,18.0,0.0,No
TXN-00654,08-03-2023,CUST-0206,Priya Sharma,East,Peterborough,James Okafor,Clothing,Winter Jacket,PRD-006,9,-89.99,35.0,0.05,No
TXN-00655,06/10/2023,CUST-0422,Grace Kim,East,Cambridge,Daniel Marsh,Home & Garden,Garden Fork,PRD-012,5,34.99,14.0,0.05,No
TXN-00656,05/09/2023,CUST-0456,Thomas Wu,east,Ipswich,Tom Bridges,Clothing,Wool Scarf,PRD-009,2,24.99,8.0,0.0,No
TXN-00657,28/01/2023,CUST-0326,Noah Patel,West,Bristol,Emily Patel,Electronics,Laptop Stand,PRD-004,1,49.99,18.0,0.15,No
TXN-00658,03-08-2023,CUST-0595,Liam Turner,West,Exeter,Daniel Marsh,Clothing,Running Shoes,PRD-007,10,69.99,28.0,0.0,No
TXN-00659,28/04/2023,CUST-0201,Harry Singh,North,Manchester,Tom Bridges,Home & Garden,Throw Blanket,PRD-013,9,44.99,18.0,0.0,No
TXN-00660,25/05/2023,CUST-0505,Sophie Davies,South,Southampton,Tom Bridges,Home & Garden,Coffee Maker,PRD-011,1,79.99,38.0,0.0,No
TXN-00661,12-27-2023,CUST-0139,,North,Leeds,Sarah Collins,Electronics,Laptop Stand,PRD-004,7,49.99,18.0,0.0,No
TXN-00662,12-02-2023,CUST-0334,Noah Patel,west,Bristol,Daniel Marsh,Clothing,Gym T-Shirt,PRD-010,5,19.99,7.0,0.15,No
TXN-00663,2023-08-20,CUST-0587,Fatima Al-Rashid,West,Bath,Sarah Collins,Clothing,Wool Scarf,PRD-009,5,24.99,8.0,0.05,No
TXN-00664,2023-10-31,CUST-0186,Mia Carter,North,Leeds,Tom Bridges,Home & Garden,Throw Blanket,PRD-013,6,44.99,18.0,0.0,No
TXN-00665,03/01/2023,CUST-0118,Chloe Evans,North,Liverpool,Rachel Ng,Home & Garden,Coffee Maker,PRD-011,8,79.99,38.0,0.1,No
TXN-00666,09-24-2023,CUST-0165,Sophie Davies,South,Oxford,Rachel Ng,Home & Garden,Plant Pot Set,PRD-014,8,29.99,11.0,0.0,Yes
TXN-00667,13/12/2023,CUST-0251,Isla McGregor,North,Liverpool,sarah collins,Clothing,Gym T-Shirt,PRD-010,8,19.99,7.0,0.0,No
TXN-00668,03-26-2023,CUST-0579,Thomas Wu,East,Ipswich,Rachel Ng,Electronics,Sony Headphones,PRD-002,10,149.99,75.0,0.15,No
TXN-00669,06-29-2023,CUST-0339,Oliver Bennett,WEST,Cardiff,James Okafor,Electronics,Sony Headphones,PRD-002,4,149.99,75.0,0.0,Yes
TXN-00670,2023-03-20,CUST-0203,,South,London,James Okafor,Clothing,Denim Jeans,PRD-008,6,49.99,18.0,0.2,No
TXN-00671,2023-01-02,CUST-0565,Sophie Davies,South,Southampton,Rachel Ng,Home & Garden,Plant Pot Set,PRD-014,6,29.99,11.0,0.1,No
TXN-00672,13/07/2023,CUST-0489,Harry Singh,south,Brighton,James Okafor,Electronics,"Samsung 55"" TV",PRD-001,3,799.99,480.0,0.25,No
TXN-00673,13/10/2023,CUST-0503,Fatima Al-Rashid,West,Exeter,Rachel Ng,Home & Garden,Garden Fork,PRD-012,5,34.99,14.0,0.0,No
TXN-00674,2023-09-27,CUST-0105,Grace Kim,East,Ipswich,Tom Bridges,Clothing,Running Shoes,PRD-007,10,69.99,28.0,0.05,No
TXN-00675,05-21-2023,CUST-0122,Noah Patel,North,Sheffield,Sarah Collins,Clothing,Winter Jacket,PRD-006,10,89.99,35.0,0.1,No
TXN-00676,01-15-2023,CUST-0153,,North,Manchester,Daniel Marsh,Home & Garden,Plant Pot Set,PRD-014,3,29.99,11.0,0.25,No
TXN-00677,06-20-2023,CUST-0435,James Holloway,South,Brighton,James Okafor,electronics,"Samsung 55"" TV",PRD-001,6,799.99,480.0,0.0,No
TXN-00678,2023-08-16,CUST-0473,Sophie Davies,East,Cambridge,Rachel Ng,Clothing,Wool Scarf,PRD-009,7,24.99,8.0,0.0,No
TXN-00679,2023-03-01,CUST-0389,Oliver Bennett,East,Peterborough,James Okafor,Electronics,Wireless Charger,PRD-005,6,29.99,10.0,0.0,No
TXN-00680,09/03/2023,CUST-0257,Marcus Johnson,South,Brighton,Emily Patel,Electronics,"Samsung 55"" TV",PRD-001,4,799.99,480.0,0.15,No
TXN-00681,08/09/2023,CUST-0457,Oliver Bennett,North,Sheffield,James Okafor,Home & Garden,Garden Fork,PRD-012,4,34.99,14.0,0.1,No
TXN-00682,17/04/2023,CUST-0277,Isla McGregor,East,Peterborough,Daniel Marsh,electronics,Wireless Charger,PRD-005,7,29.99,10.0,0.0,No
TXN-00683,06-15-2023,CUST-0293,Priya Sharma,east,Ipswich,James Okafor,Electronics,Wireless Charger,PRD-005,3,29.99,10.0,0.25,No
TXN-00684,10-31-2023,CUST-0111,Ethan Brooks,North,Manchester,James Okafor,Clothing,Winter Jacket,PRD-006,3,89.99,35.0,0.15,No
TXN-00685,04/08/2023,CUST-0578,Fatima Al-Rashid,West,Bath,James Okafor,Clothing,Wool Scarf,PRD-009,7,24.99,8.0,0.1,No
TXN-00686,27/06/2023,CUST-0596,Thomas Wu,East,Peterborough,Unknown,Clothing,Gym T-Shirt,PRD-010,4,19.99,7.0,0.0,No
TXN-00687,03/01/2023,CUST-0178,Grace Kim,West,Bristol,Daniel Marsh,Electronics,"Samsung 55"" TV",PRD-001,3,799.99,480.0,0.05,No
TXN-00688,24/07/2023,CUST-0165,Thomas Wu,South,Oxford,Rachel Ng,Home & Garden,Plant Pot Set,PRD-014,7,29.99,11.0,0.25,No
TXN-00689,11-09-2023,CUST-0285,James Holloway,East,Peterborough,Rachel Ng,Electronics,Wireless Charger,PRD-005,1,29.99,10.0,0.05,No
TXN-00690,18/01/2023,CUST-0259,Mia Carter,West,Cardiff,James Okafor,Electronics,Laptop Stand,PRD-004,2,49.99,18.0,0.15,No
TXN-00691,18/12/2023,CUST-0182,Harry Singh,West,Bath,Daniel Marsh,Electronics,"Samsung 55"" TV",PRD-001,6,799.99,480.0,0.0,No
TXN-00692,2023-02-27,CUST-0532,Grace Kim,North,Liverpool,Tom Bridges,Clothing,Winter Jacket,PRD-006,10,89.99,35.0,0.25,No
TXN-00693,2023-05-25,CUST-0322,,West,Bath,Daniel Marsh,Electronics,Wireless Charger,PRD-005,5,29.99,10.0,0.05,No
TXN-00694,2023-11-02,CUST-0266,Priya Sharma,North,Liverpool,Emily Patel ,Clothing,Denim Jeans,PRD-008,1,49.99,18.0,0.1,Yes
TXN-00695,2023-01-21,CUST-0416,Ethan Brooks,East,Peterborough,James Okafor,Home & Garden,Garden Fork,PRD-012,8,34.99,14.0,0.2,No
TXN-00696,05-12-2023,CUST-0305,,East,Cambridge,Rachel Ng,Home & Garden,Coffee Maker,PRD-011,7,79.99,38.0,0.0,No
TXN-00697,05-21-2023,CUST-0210,Chloe Evans,North,Liverpool,Sarah Collins,Home & Garden,Throw Blanket,PRD-013,10,44.99,18.0,0.05,No
TXN-00698,2023-02-19,CUST-0240,Liam Turner,South,London,Rachel Ng,Electronics,Apple iPad,PRD-003,1,499.99,310.0,0.2,No
TXN-00699,24/06/2023,CUST-0576,Liam Turner,SOUTH,Brighton,Sarah Collins,Home & Garden,Plant Pot Set,PRD-014,10,29.99,11.0,0.2,No
TXN-00700,2023-02-12,CUST-0140,Grace Kim,East,Cambridge,Tom Bridges,Clothing,Running Shoes,PRD-007,7,69.99,28.0,0.1,No
TXN-00701,01/05/2023,CUST-0484,Mia Carter,East,Ipswich,Tom Bridges,Electronics,Wireless Charger,PRD-005,3,29.99,10.0,0.15,No
TXN-00702,22/04/2023,CUST-0305,Grace Kim,South,London,Sarah Collins,Electronics,Wireless Charger,PRD-005,5,29.99,10.0,0.0,No
TXN-00703,2023-03-22,CUST-0246,Ethan Brooks,East,Ipswich,Daniel Marsh,Home & Garden,Throw Blanket,PRD-013,9,44.99,18.0,0.2,No
TXN-00704,11-03-2023,CUST-0416,Oliver Bennett,West,Exeter,Tom Bridges,Home & Garden,Plant Pot Set,PRD-014,10,29.99,11.0,0.2,No
TXN-00705,24/03/2023,CUST-0382,Marcus Johnson,West,Exeter,Rachel Ng,Home & Garden,Coffee Maker,PRD-011,6,79.99,38.0,0.0,No
TXN-00706,2023-05-04,CUST-0335,Ethan Brooks,East,Cambridge,James Okafor,Home & Garden,Throw Blanket,PRD-013,3,44.99,18.0,0.1,No
TXN-00707,02/08/2023,CUST-0340,Oliver Bennett,West,Bristol,Rachel Ng,Electronics,"Samsung 55"" TV",PRD-001,1,799.99,480.0,0.0,No
TXN-00708,2023-02-23,CUST-0325,Fatima Al-Rashid,North,Manchester,Tom Bridges,home & garden,Plant Pot Set,PRD-014,1,29.99,11.0,0.15,No
TXN-00709,06/05/2023,CUST-0137,Mia Carter,East,Norwich,Daniel Marsh,Clothing,Running Shoes,PRD-007,4,69.99,28.0,0.25,No
TXN-00710,30/05/2023,CUST-0213,Grace Kim,East,Peterborough,Emily Patel,Home & Garden,Throw Blanket,PRD-013,10,44.99,18.0,0.0,No
TXN-00711,03-17-2023,CUST-0535,Isla McGregor,South,Southampton,Tom Bridges,Home & Garden,Garden Fork,PRD-012,3,34.99,14.0,0.1,No
TXN-00712,31/03/2023,CUST-0431,Mia Carter,North,Liverpool,Tom Bridges,Electronics,Sony Headphones,PRD-002,10,149.99,75.0,0.15,No
TXN-00713,2023-09-26,CUST-0564,,west,Exeter,James Okafor,Electronics,Wireless Charger,PRD-005,2,29.99,10.0,0.05,No
TXN-00714,12-20-2023,CUST-0226,Sophie Davies,South,London,Tom Bridges,Clothing,Denim Jeans,PRD-008,9,49.99,18.0,0.0,No
TXN-00715,2023-08-26,CUST-0399,Mia Carter,South,Oxford,James Okafor ,Home & Garden,Garden Fork,PRD-012,2,34.99,14.0,0.0,No
TXN-00716,08-15-2023,CUST-0320,Fatima Al-Rashid,North,Manchester,James Okafor,Clothing,Running Shoes,PRD-007,2,69.99,28.0,0.05,Yes
TXN-00717,24/06/2023,CUST-0253,Amelia Roberts,South,Oxford,Sarah Collins,Clothing,Wool Scarf,PRD-009,3,24.99,8.0,0.15,No
TXN-00718,06-25-2023,CUST-0255,Ethan Brooks,East,Norwich,James Okafor,Clothing,Gym T-Shirt,PRD-010,8,19.99,7.0,0.25,No
TXN-00719,09/04/2023,CUST-0444,Sophie Davies,South,London,James Okafor,Home & Garden,Scented Candle,PRD-015,8,14.99,4.5,0.0,No
TXN-00720,06-20-2023,CUST-0255,Isla McGregor,South,Brighton,Emily Patel,Clothing,Wool Scarf,PRD-009,5,24.99,8.0,0.05,No
TXN-00721,01-10-2023,CUST-0171,Noah Patel,East,Ipswich,Tom Bridges,Home & Garden,Plant Pot Set,PRD-014,1,29.99,11.0,0.2,No
TXN-00722,24/03/2023,CUST-0240,Amelia Roberts,South,Southampton,Emily Patel,Electronics,Laptop Stand,PRD-004,6,49.99,18.0,0.05,No
TXN-00723,03/10/2023,CUST-0128,Noah Patel,West,Bath,Sarah Collins,Clothing,Wool Scarf,PRD-009,4,24.99,8.0,0.1,Yes
TXN-00724,10-13-2023,CUST-0324,Noah Patel,West,Bristol,Tom Bridges,home & garden,Plant Pot Set,PRD-014,3,29.99,11.0,0.0,No
TXN-00725,04-12-2023,CUST-0216,Liam Turner,East,Cambridge,Sarah Collins,Home & Garden,Throw Blanket,PRD-013,6,44.99,18.0,0.25,No
TXN-00726,03/10/2023,CUST-0323,Liam Turner,East,Norwich,James Okafor,Clothing,Wool Scarf,PRD-009,1,24.99,8.0,0.0,Yes
TXN-00727,02-07-2023,CUST-0572,Marcus Johnson,East,Norwich,Daniel Marsh,Electronics,"Samsung 55"" TV",PRD-001,9,799.99,480.0,0.0,No
TXN-00728,11/01/2023,CUST-0454,Chloe Evans,West,Bath,Tom Bridges,Home & Garden,Throw Blanket,PRD-013,2,44.99,18.0,0.0,No
TXN-00729,2023-10-23,CUST-0520,Grace Kim,EAST,Norwich,Sarah Collins,Clothing,Running Shoes,PRD-007,10,69.99,28.0,0.15,No
TXN-00730,2023-06-05,CUST-0217,Marcus Johnson,South,Brighton,Emily Patel,Electronics,"Samsung 55"" TV",PRD-001,3,799.99,480.0,0.15,No
TXN-00731,13/08/2023,CUST-0206,Ethan Brooks,West,Cardiff,James Okafor,Electronics,Laptop Stand,PRD-004,2,-49.99,18.0,0.2,No
TXN-00732,2023-08-01,CUST-0479,Liam Turner,South,Oxford,Rachel Ng,Electronics,Wireless Charger,PRD-005,10,29.99,10.0,0.0,No
TXN-00733,03/02/2023,CUST-0281,Isla McGregor,South,Southampton,Tom Bridges,Electronics,"Samsung 55"" TV",PRD-001,1,799.99,480.0,0.2,No
TXN-00734,03-13-2023,CUST-0104,Thomas Wu,East,Norwich,Daniel Marsh,Clothing,Winter Jacket,PRD-006,5,89.99,35.0,0.15,No
TXN-00735,2023-07-06,CUST-0365,Sophie Davies,West,Bristol,Rachel Ng,Home & Garden,Throw Blanket,PRD-013,10,44.99,18.0,0.2,No
TXN-00736,04/10/2023,CUST-0173,Priya Sharma,south,Southampton,Tom Bridges,Clothing,Winter Jacket,PRD-006,1,-89.99,35.0,0.15,No
TXN-00737,09/06/2023,CUST-0325,James Holloway,South,London,Emily Patel,Electronics,"Samsung 55"" TV",PRD-001,2,799.99,480.0,0.25,No
TXN-00738,2023-03-15,CUST-0164,Thomas Wu,West,Exeter,James Okafor,Home & Garden,Scented Candle,PRD-015,2,14.99,4.5,0.25,No
TXN-00739,09/03/2023,CUST-0366,Noah Patel,North,Liverpool,Emily Patel,Electronics,Apple iPad,PRD-003,3,499.99,310.0,0.1,No
TXN-00740,23/07/2023,CUST-0527,Sophie Davies,West,Cardiff,Rachel Ng,Electronics,Laptop Stand,PRD-004,0,49.99,18.0,0.05,No
TXN-00741,2023-06-22,CUST-0493,Liam Turner,North,Liverpool,Emily Patel,Home & Garden,Garden Fork,PRD-012,8,34.99,14.0,0.1,No
TXN-00742,27/04/2023,CUST-0593,Fatima Al-Rashid,East,Peterborough,Rachel Ng,Electronics,Apple iPad,PRD-003,9,499.99,310.0,0.1,No
TXN-00743,2023-01-09,CUST-0199,Amelia Roberts,North,Sheffield,James Okafor,Clothing,Gym T-Shirt,PRD-010,2,19.99,7.0,0.0,No
TXN-00744,11-22-2023,CUST-0181,Sophie Davies,East,Cambridge,Rachel Ng,home & garden,Scented Candle,PRD-015,6,14.99,4.5,0.05,No
TXN-00745,01/09/2023,CUST-0561,Chloe Evans,South,Brighton,Rachel Ng,Home & Garden,Garden Fork,PRD-012,5,34.99,14.0,0.0,No
TXN-00746,2023-07-20,CUST-0521,Amelia Roberts,East,Ipswich,Sarah Collins,Home & Garden,Throw Blanket,PRD-013,4,44.99,18.0,0.0,No
TXN-00747,11/12/2023,CUST-0177,Thomas Wu,West,Cardiff,James Okafor,Electronics,Apple iPad,PRD-003,3,499.99,310.0,0.2,No
TXN-00748,24/06/2023,CUST-0178,,east,Ipswich,Rachel Ng,Home & Garden,Garden Fork,PRD-012,8,34.99,14.0,0.1,No
TXN-00749,05-04-2023,CUST-0591,Grace Kim,North,Sheffield,Sarah Collins,Clothing,Wool Scarf,PRD-009,5,24.99,8.0,0.05,No
TXN-00750,2023-09-06,CUST-0142,,West,Bath,,Clothing,Denim Jeans,PRD-008,5,49.99,18.0,0.15,No
TXN-00751,2023-10-22,CUST-0121,Fatima Al-Rashid,West,Bath,Daniel Marsh,Home & Garden,Scented Candle,PRD-015,10,14.99,4.5,0.2,No
TXN-00752,07-24-2023,CUST-0393,Priya Sharma,North,Leeds,Emily Patel,Home & Garden,Plant Pot Set,PRD-014,7,29.99,11.0,0.0,No
TXN-00753,16/12/2023,CUST-0534,Grace Kim,West,Bristol,James Okafor,Electronics,Apple iPad,PRD-003,2,499.99,310.0,0.1,No
TXN-00754,30/03/2023,CUST-0479,Grace Kim,East,Cambridge,Emily Patel,Electronics,Apple iPad,PRD-003,3,499.99,310.0,0.05,No
TXN-00755,29/06/2023,CUST-0203,Mia Carter,North,Leeds,Emily Patel,Electronics,"Samsung 55"" TV",PRD-001,7,799.99,480.0,0.15,No
TXN-00756,2023-02-17,CUST-0456,,West,Cardiff,James Okafor,Electronics,Apple iPad,PRD-003,9,499.99,310.0,0.1,No
TXN-00757,05-06-2023,CUST-0215,Priya Sharma,West,Cardiff,Daniel Marsh,Clothing,Wool Scarf,PRD-009,2,24.99,8.0,0.1,No
TXN-00758,13/08/2023,CUST-0224,Mia Carter,South,Southampton,Sarah Collins,Home & Garden,Garden Fork,PRD-012,4,34.99,14.0,0.25,Yes
TXN-00759,2023-12-21,CUST-0263,Oliver Bennett,South,Oxford,Daniel Marsh,Clothing,Denim Jeans,PRD-008,5,49.99,18.0,0.2,No
TXN-00760,27/08/2023,CUST-0278,Amelia Roberts,East,Cambridge,Rachel Ng,Electronics,Wireless Charger,PRD-005,8,29.99,10.0,0.15,No
TXN-00761,16/12/2023,CUST-0544,Oliver Bennett,North,Liverpool,Tom Bridges,Electronics,Sony Headphones,PRD-002,1,149.99,75.0,0.25,No
TXN-00762,10-03-2023,CUST-0210,Isla McGregor,North,Sheffield,Rachel Ng,home & garden,Scented Candle,PRD-015,8,14.99,4.5,0.2,No
TXN-00763,03-24-2023,CUST-0136,Chloe Evans,East,Peterborough,James Okafor,Home & Garden,Coffee Maker,PRD-011,10,79.99,38.0,0.0,No
TXN-00764,12/03/2023,CUST-0308,Mia Carter,South,Brighton,james okafor,Home & Garden,Coffee Maker,PRD-011,2,79.99,38.0,0.2,No
TXN-00765,26/09/2023,CUST-0141,Fatima Al-Rashid,SOUTH,Brighton,Daniel Marsh,Clothing,Running Shoes,PRD-007,5,69.99,28.0,0.2,No
TXN-00766,2023-03-30,CUST-0390,Oliver Bennett,North,Manchester,Rachel Ng ,Electronics,Wireless Charger,PRD-005,1,29.99,10.0,0.0,No
TXN-00767,01-16-2023,CUST-0190,Ethan Brooks,West,Cardiff,Emily Patel,Home & Garden,Scented Candle,PRD-015,6,14.99,4.5,0.0,No
TXN-00768,12-04-2023,CUST-0413,Ethan Brooks,North,Manchester,Emily Patel,Electronics,Sony Headphones,PRD-002,10,149.99,75.0,0.0,No
TXN-00769,12-04-2023,CUST-0569,Mia Carter,West,Bristol,Daniel Marsh,Clothing,Running Shoes,PRD-007,4,69.99,28.0,0.25,No
TXN-00770,05-30-2023,CUST-0169,Marcus Johnson,North,Manchester,Daniel Marsh,Home & Garden,Scented Candle,PRD-015,9,14.99,4.5,0.2,No
TXN-00771,2023-09-28,CUST-0494,Priya Sharma,West,Bath,Sarah Collins,Clothing,Gym T-Shirt,PRD-010,8,19.99,7.0,0.2,No
TXN-00772,09-18-2023,CUST-0593,Chloe Evans,South,Southampton,Rachel Ng,Home & Garden,Throw Blanket,PRD-013,1,44.99,18.0,0.0,No
TXN-00773,2023-12-19,CUST-0123,Marcus Johnson,South,London,James Okafor,Electronics,Apple iPad,PRD-003,2,499.99,310.0,0.05,No
TXN-00774,04-15-2023,CUST-0551,Isla McGregor,east,Ipswich,James Okafor,Electronics,Laptop Stand,PRD-004,1,49.99,18.0,0.0,No
TXN-00775,12-06-2023,CUST-0456,Thomas Wu,East,Norwich,Tom Bridges,Clothing,Running Shoes,PRD-007,8,69.99,28.0,0.1,No
TXN-00776,02/10/2023,CUST-0576,Isla McGregor,south,London,James Okafor,clothing,Gym T-Shirt,PRD-010,6,19.99,7.0,0.0,No
TXN-00777,20/01/2023,CUST-0345,Amelia Roberts,East,Ipswich,Sarah Collins,Clothing,Running Shoes,PRD-007,2,69.99,28.0,0.25,Yes
TXN-00778,01-23-2023,CUST-0493,Liam Turner,south,Brighton,Tom Bridges,Clothing,Wool Scarf,PRD-009,10,24.99,8.0,0.0,No
TXN-00779,12-03-2023,CUST-0194,Liam Turner,North,Sheffield,Emily Patel,Clothing,Winter Jacket,PRD-006,7,89.99,35.0,0.2,Yes
TXN-00780,03-28-2023,CUST-0373,,WEST,Bristol,James Okafor,Clothing,Running Shoes,PRD-007,9,69.99,28.0,0.15,No
TXN-00781,2023-10-07,CUST-0421,,East,Cambridge,Sarah Collins,Electronics,Wireless Charger,PRD-005,1,29.99,10.0,0.2,No
TXN-00782,08-21-2023,CUST-0425,Thomas Wu,North,Liverpool,Rachel Ng,Clothing,Wool Scarf,PRD-009,8,24.99,8.0,0.05,No
TXN-00783,2023-07-25,CUST-0310,Amelia Roberts,East,Ipswich,Daniel Marsh,Clothing,Running Shoes,PRD-007,6,69.99,28.0,0.0,Yes
TXN-00784,04-22-2023,CUST-0470,Amelia Roberts,East,Peterborough,Tom Bridges,Clothing,Wool Scarf,PRD-009,7,24.99,8.0,0.25,No
TXN-00785,2023-01-27,CUST-0253,Chloe Evans,South,Southampton,Tom Bridges,Clothing,Denim Jeans,PRD-008,4,49.99,18.0,0.2,No
TXN-00786,25/11/2023,CUST-0481,Thomas Wu,South,Brighton,Daniel Marsh,Home & Garden,Plant Pot Set,PRD-014,1,29.99,11.0,0.05,No
TXN-00787,2023-06-19,CUST-0104,Priya Sharma,South,Southampton,Tom Bridges,Home & Garden,Plant Pot Set,PRD-014,6,29.99,11.0,0.0,No
TXN-00788,02-21-2023,CUST-0460,Isla McGregor,East,Ipswich,James Okafor,Electronics,"Samsung 55"" TV",PRD-001,6,799.99,480.0,0.15,No
TXN-00789,2023-08-16,CUST-0227,Thomas Wu,South,Brighton,James Okafor,Home & Garden,Plant Pot Set,PRD-014,3,29.99,11.0,0.25,No
TXN-00790,2023-06-23,CUST-0596,Grace Kim,North,Liverpool,Tom Bridges,Electronics,Wireless Charger,PRD-005,6,29.99,10.0,0.25,No
TXN-00791,01-09-2023,CUST-0408,Mia Carter,east,Ipswich,Daniel Marsh,Electronics,Sony Headphones,PRD-002,6,149.99,75.0,0.1,No
TXN-00792,2023-06-22,CUST-0256,Chloe Evans,West,Exeter,Emily Patel,Clothing,Winter Jacket,PRD-006,8,89.99,35.0,0.15,No
TXN-00793,11/12/2023,CUST-0298,,East,Peterborough,Daniel Marsh,home & garden,Scented Candle,PRD-015,1,14.99,4.5,0.0,No
TXN-00794,2023-09-18,CUST-0570,Liam Turner,West,Bath,Tom Bridges,Electronics,Apple iPad,PRD-003,9,499.99,310.0,0.05,No
TXN-00795,03-21-2023,CUST-0513,Oliver Bennett,North,Manchester,James Okafor,clothing,Gym T-Shirt,PRD-010,0,19.99,7.0,0.0,Yes
TXN-00796,2023-04-18,CUST-0321,Amelia Roberts,West,Exeter,Daniel Marsh,electronics,Sony Headphones,PRD-002,4,149.99,75.0,0.0,No
TXN-00797,2023-02-10,CUST-0131,James Holloway,North,Leeds,Tom Bridges,Home & Garden,Scented Candle,PRD-015,3,14.99,4.5,0.25,No
TXN-00798,22/04/2023,CUST-0311,Isla McGregor,South,Brighton,Daniel Marsh,Electronics,Apple iPad,PRD-003,4,499.99,310.0,0.0,No
TXN-00799,12-12-2023,CUST-0486,Oliver Bennett,East,Cambridge,Rachel Ng ,Clothing,Winter Jacket,PRD-006,1,89.99,35.0,0.0,Yes
TXN-00800,03/06/2023,CUST-0515,Mia Carter,west,Exeter,Rachel Ng,Clothing,Gym T-Shirt,PRD-010,2,19.99,7.0,0.1,No
TXN-00801,2023-08-20,CUST-0306,Ethan Brooks,East,Cambridge,James Okafor,Electronics,Laptop Stand,PRD-004,8,49.99,18.0,0.25,No
TXN-00802,2023-04-22,CUST-0563,Sophie Davies,South,Oxford,Tom Bridges,Electronics,Laptop Stand,PRD-004,3,49.99,18.0,0.2,No
TXN-00803,09-07-2023,CUST-0321,Sophie Davies,North,Leeds,Emily Patel,Electronics,Sony Headphones,PRD-002,5,149.99,75.0,0.1,No
TXN-00804,06-07-2023,CUST-0351,,North,Manchester,Sarah Collins,Home & Garden,Throw Blanket,PRD-013,3,44.99,18.0,0.05,No
TXN-00805,2023-02-02,CUST-0165,Mia Carter,South,Southampton,Daniel Marsh,Home & Garden,Garden Fork,PRD-012,9,34.99,14.0,0.1,No
TXN-00806,11-20-2023,CUST-0199,Liam Turner,West,Cardiff,James Okafor,Home & Garden,Throw Blanket,PRD-013,8,44.99,18.0,0.1,No
TXN-00807,04/02/2023,CUST-0370,Noah Patel,South,Brighton,James Okafor,Clothing,Denim Jeans,PRD-008,9,49.99,18.0,0.0,No
TXN-00808,06/09/2023,CUST-0501,Liam Turner,West,Exeter,Daniel Marsh,Electronics,Sony Headphones,PRD-002,1,149.99,75.0,0.15,No
TXN-00809,2023-05-14,CUST-0536,,South,Brighton,Rachel Ng,Clothing,Running Shoes,PRD-007,9,69.99,28.0,0.1,No
TXN-00810,22/08/2023,CUST-0488,Noah Patel,South,London,Daniel Marsh,clothing,Wool Scarf,PRD-009,3,24.99,8.0,0.25,No
TXN-00811,2023-10-09,CUST-0261,Harry Singh,South,Oxford,Emily Patel,Electronics,"Samsung 55"" TV",PRD-001,2,799.99,480.0,0.0,No
TXN-00812,2023-03-13,CUST-0167,Oliver Bennett,West,Bath,James Okafor,Electronics,Apple iPad,PRD-003,10,499.99,310.0,0.0,No
TXN-00813,2023-10-08,CUST-0428,Thomas Wu,North,Leeds,Sarah Collins,Clothing,Wool Scarf,PRD-009,6,24.99,8.0,0.0,No
TXN-00814,2023-03-20,CUST-0121,Amelia Roberts,South,London,Emily Patel,Electronics,Wireless Charger,PRD-005,1,29.99,10.0,0.0,No
TXN-00815,2023-12-26,CUST-0398,Grace Kim,East,Peterborough,Sarah Collins,Clothing,Wool Scarf,PRD-009,9,24.99,8.0,0.0,No
TXN-00816,2023-06-21,CUST-0203,Noah Patel,East,Cambridge,Tom Bridges,home & garden,Scented Candle,PRD-015,5,14.99,4.5,0.1,No
TXN-00817,04-13-2023,CUST-0154,Marcus Johnson,East,Peterborough,Sarah Collins,clothing,Gym T-Shirt,PRD-010,9,19.99,7.0,0.2,No
TXN-00818,16/04/2023,CUST-0524,Liam Turner,East,Cambridge,Rachel Ng,Clothing,Running Shoes,PRD-007,10,69.99,28.0,0.1,Yes
TXN-00819,01-16-2023,CUST-0139,James Holloway,West,Bath,Tom Bridges,Electronics,Laptop Stand,PRD-004,9,49.99,18.0,0.1,No
TXN-00820,24/05/2023,CUST-0479,Oliver Bennett,North,Sheffield,Sarah Collins,Clothing,Running Shoes,PRD-007,2,69.99,28.0,0.0,No
TXN-00821,08-22-2023,CUST-0157,Amelia Roberts,North,Manchester,Sarah Collins,Clothing,Running Shoes,PRD-007,2,69.99,28.0,0.0,No
TXN-00822,2023-12-03,CUST-0189,Priya Sharma,East,Peterborough,Sarah Collins,Electronics,Laptop Stand,PRD-004,7,49.99,18.0,0.0,No
TXN-00823,10-14-2023,CUST-0388,Chloe Evans,East,Peterborough,James Okafor,Electronics,Sony Headphones,PRD-002,4,149.99,75.0,0.25,Yes
TXN-00824,2023-07-28,CUST-0376,Grace Kim,West,Bristol,Emily Patel,Home & Garden,Plant Pot Set,PRD-014,9,29.99,11.0,0.0,No
TXN-00825,27/11/2023,CUST-0553,Grace Kim,West,Exeter,Emily Patel,Home & Garden,Plant Pot Set,PRD-014,9,29.99,11.0,0.2,No
TXN-00826,11/02/2023,CUST-0505,Harry Singh,West,Cardiff,Sarah Collins,Home & Garden,Throw Blanket,PRD-013,9,44.99,18.0,0.0,No
TXN-00827,08/10/2023,CUST-0266,Grace Kim,North,Manchester,Rachel Ng,Electronics,Wireless Charger,PRD-005,3,29.99,10.0,0.05,No
TXN-00828,02-06-2023,CUST-0509,Thomas Wu,West,Exeter,Daniel Marsh,Electronics,Laptop Stand,PRD-004,3,49.99,18.0,0.05,No
TXN-00829,10/05/2023,CUST-0497,Oliver Bennett,East,Peterborough,Emily Patel,Home & Garden,Garden Fork,PRD-012,1,34.99,14.0,0.0,No
TXN-00830,14/12/2023,CUST-0344,Priya Sharma,North,Sheffield,Daniel Marsh,Home & Garden,Throw Blanket,PRD-013,7,44.99,18.0,0.15,No
TXN-00831,14/01/2023,CUST-0585,Mia Carter,North,Sheffield,Sarah Collins,Clothing,Wool Scarf,PRD-009,9,24.99,8.0,0.0,No
TXN-00832,04-21-2023,CUST-0117,Ethan Brooks,North,Manchester,Tom Bridges,Electronics,"Samsung 55"" TV",PRD-001,8,799.99,480.0,0.2,No
TXN-00833,31/03/2023,CUST-0229,Mia Carter,west,Bristol,Rachel Ng,Home & Garden,Throw Blanket,PRD-013,10,44.99,18.0,0.2,No
TXN-00834,2023-07-12,CUST-0481,Sophie Davies,East,Norwich,Emily Patel,Clothing,Running Shoes,PRD-007,2,69.99,28.0,0.05,No
TXN-00835,12/09/2023,CUST-0409,Ethan Brooks,East,Ipswich,Daniel Marsh,Clothing,Wool Scarf,PRD-009,2,24.99,8.0,0.0,No
TXN-00836,2023-03-12,CUST-0343,Amelia Roberts,WEST,Bristol,Tom Bridges,Clothing,Wool Scarf,PRD-009,2,24.99,8.0,0.0,No
TXN-00837,2023-04-29,CUST-0398,Priya Sharma,North,Leeds,Daniel Marsh,Home & Garden,Throw Blanket,PRD-013,9,44.99,18.0,0.1,No
TXN-00838,2023-09-03,CUST-0170,Amelia Roberts,South,Oxford,Sarah Collins,Home & Garden,Coffee Maker,PRD-011,0,79.99,38.0,0.1,No
TXN-00839,2023-09-20,CUST-0489,,South,Oxford,Tom Bridges,Electronics,Wireless Charger,PRD-005,2,29.99,10.0,0.0,No
TXN-00840,20/07/2023,CUST-0198,Grace Kim,South,Oxford,Daniel Marsh,Electronics,Laptop Stand,PRD-004,1,49.99,18.0,0.2,No
TXN-00841,02-13-2023,CUST-0313,,South,Brighton,Tom Bridges,Home & Garden,Garden Fork,PRD-012,4,34.99,14.0,0.1,No
TXN-00842,29/08/2023,CUST-0349,Thomas Wu,South,London,Emily Patel,Clothing,Denim Jeans,PRD-008,5,49.99,18.0,0.15,No
TXN-00843,28/06/2023,CUST-0265,Marcus Johnson,North,Sheffield,Rachel Ng,home & garden,Throw Blanket,PRD-013,5,44.99,18.0,0.1,No
TXN-00844,15/04/2023,CUST-0451,Liam Turner,South,Oxford,Emily Patel,Clothing,Running Shoes,PRD-007,10,69.99,28.0,0.0,No
TXN-00845,16/03/2023,CUST-0577,Liam Turner,South,Southampton,Daniel Marsh,Home & Garden,Throw Blanket,PRD-013,3,44.99,18.0,0.25,No
TXN-00846,2023-05-17,CUST-0361,Marcus Johnson,North,Liverpool,Rachel Ng,electronics,Apple iPad,PRD-003,8,499.99,310.0,0.25,No
TXN-00847,02-25-2023,CUST-0121,Noah Patel,West,Bath,Rachel Ng,Clothing,Winter Jacket,PRD-006,3,89.99,35.0,0.0,No
TXN-00848,04-23-2023,CUST-0245,Amelia Roberts,East,Norwich,Daniel Marsh,electronics,Wireless Charger,PRD-005,1,29.99,10.0,0.0,No
TXN-00849,2023-09-06,CUST-0146,Noah Patel,East,Ipswich,James Okafor,Home & Garden,Garden Fork,PRD-012,3,34.99,14.0,0.2,No
TXN-00850,2023-08-17,CUST-0396,Harry Singh,North,Liverpool,James Okafor,Home & Garden,Garden Fork,PRD-012,4,34.99,14.0,0.1,No
TXN-00851,2023-06-14,CUST-0444,Liam Turner,South,London,Tom Bridges,Clothing,Wool Scarf,PRD-009,10,-24.99,8.0,0.2,No
TXN-00852,2023-05-29,CUST-0280,Amelia Roberts,West,Bath,Tom Bridges,Clothing,Winter Jacket,PRD-006,10,89.99,35.0,0.2,No
TXN-00853,2023-08-06,CUST-0351,Ethan Brooks,West,Bath,Sarah Collins,Home & Garden,Coffee Maker,PRD-011,8,79.99,38.0,0.0,No
TXN-00854,02-17-2023,CUST-0489,Sophie Davies,West,Cardiff,Emily Patel,Clothing,Running Shoes,PRD-007,4,69.99,28.0,0.05,No
TXN-00855,10-21-2023,CUST-0546,Priya Sharma,North,Sheffield,Tom Bridges,Electronics,Apple iPad,PRD-003,3,499.99,310.0,0.05,Yes
TXN-00856,11/10/2023,CUST-0191,Ethan Brooks,South,Oxford,Tom Bridges,electronics,Sony Headphones,PRD-002,10,149.99,75.0,0.0,No
TXN-00857,2023-03-21,CUST-0185,,South,Brighton,James Okafor,Clothing,Denim Jeans,PRD-008,9,49.99,18.0,0.0,No
TXN-00858,08-24-2023,CUST-0293,Isla McGregor,South,Southampton,Rachel Ng,Clothing,Running Shoes,PRD-007,2,69.99,28.0,0.05,Yes
TXN-00859,03-27-2023,CUST-0307,Chloe Evans,West,Bath,Rachel Ng,Clothing,Wool Scarf,PRD-009,9,24.99,8.0,0.15,No
TXN-00860,21/04/2023,CUST-0349,James Holloway,West,Bristol,James Okafor,Clothing,Winter Jacket,PRD-006,10,89.99,35.0,0.2,Yes
TXN-00861,08/03/2023,CUST-0290,Ethan Brooks,South,Brighton,Daniel Marsh,Clothing,Winter Jacket,PRD-006,4,89.99,35.0,0.25,No
TXN-00862,21/01/2023,CUST-0250,Mia Carter,North,Leeds,Daniel Marsh,Clothing,Denim Jeans,PRD-008,8,49.99,18.0,0.2,Yes
TXN-00863,26/07/2023,CUST-0290,,North,Leeds,Emily Patel,electronics,"Samsung 55"" TV",PRD-001,3,799.99,480.0,0.1,No
TXN-00864,20/03/2023,CUST-0473,Oliver Bennett,West,Exeter,Emily Patel,Home & Garden,Plant Pot Set,PRD-014,8,29.99,11.0,0.2,No
TXN-00865,08-03-2023,CUST-0106,Marcus Johnson,East,Peterborough,Daniel Marsh,Clothing,Running Shoes,PRD-007,2,69.99,28.0,0.2,Yes
TXN-00866,2023-08-28,CUST-0502,,South,Brighton,Tom Bridges,Clothing,Running Shoes,PRD-007,1,69.99,28.0,0.0,No
TXN-00867,2023-11-01,CUST-0449,Noah Patel,West,Bath,Emily Patel,Clothing,Denim Jeans,PRD-008,10,49.99,18.0,0.15,No
TXN-00868,08/05/2023,CUST-0384,Amelia Roberts,South,Oxford,Tom Bridges,Home & Garden,Plant Pot Set,PRD-014,1,29.99,11.0,0.1,No
TXN-00869,12/08/2023,CUST-0133,Priya Sharma,South,Southampton,Tom Bridges,Clothing,Denim Jeans,PRD-008,2,49.99,18.0,0.05,No
TXN-00870,05-05-2023,CUST-0320,Isla McGregor,West,Bath,Sarah Collins,Clothing,Running Shoes,PRD-007,8,69.99,28.0,0.25,No
TXN-00871,2023-01-27,CUST-0596,Thomas Wu,South,Southampton,Rachel Ng,Electronics,"Samsung 55"" TV",PRD-001,1,799.99,480.0,0.0,No
TXN-00872,01-21-2023,CUST-0119,Oliver Bennett,West,Cardiff,Emily Patel,Clothing,Denim Jeans,PRD-008,10,49.99,18.0,0.0,No
TXN-00873,11-26-2023,CUST-0410,Sophie Davies,North,Leeds,James Okafor,Clothing,Gym T-Shirt,PRD-010,5,19.99,7.0,0.0,Yes
TXN-00874,01/05/2023,CUST-0461,Chloe Evans,North,Leeds,Daniel Marsh,Clothing,Running Shoes,PRD-007,8,69.99,28.0,0.25,No
TXN-00875,19/12/2023,CUST-0137,Liam Turner,East,Peterborough,James Okafor,electronics,Wireless Charger,PRD-005,2,29.99,10.0,0.0,No
TXN-00876,09/04/2023,CUST-0117,Harry Singh,South,Oxford,Tom Bridges,Home & Garden,Scented Candle,PRD-015,10,14.99,4.5,0.1,No
TXN-00877,2023-01-04,CUST-0316,Sophie Davies,NORTH,Liverpool,James Okafor,Clothing,Wool Scarf,PRD-009,6,24.99,8.0,0.25,No
TXN-00878,07-04-2023,CUST-0494,,East,Peterborough,Emily Patel,Electronics,Wireless Charger,PRD-005,8,29.99,10.0,0.1,No
TXN-00879,08-11-2023,CUST-0413,Marcus Johnson,East,Ipswich,emily patel,Home & Garden,Garden Fork,PRD-012,6,34.99,14.0,0.1,No
TXN-00880,11-08-2023,CUST-0524,Ethan Brooks,North,Sheffield,Rachel Ng,clothing,Denim Jeans,PRD-008,1,49.99,18.0,0.2,Yes
TXN-00881,03/05/2023,CUST-0213,Ethan Brooks,South,Brighton,Tom Bridges,Home & Garden,Garden Fork,PRD-012,0,34.99,14.0,0.1,No
TXN-00882,2023-03-01,CUST-0397,Isla McGregor,North,Manchester,Emily Patel,Home & Garden,Coffee Maker,PRD-011,9,79.99,38.0,0.1,No
TXN-00883,03-28-2023,CUST-0166,Noah Patel,West,Exeter,James Okafor,electronics,Laptop Stand,PRD-004,2,49.99,18.0,0.15,Yes
TXN-00884,2023-03-21,CUST-0135,,East,Peterborough,James Okafor,Electronics,Apple iPad,PRD-003,2,499.99,310.0,0.1,No
TXN-00885,2023-06-30,CUST-0502,Oliver Bennett,North,Manchester,Emily Patel,Electronics,Apple iPad,PRD-003,2,499.99,310.0,0.25,No
TXN-00886,2023-08-10,CUST-0115,Harry Singh,West,Exeter,,Electronics,Apple iPad,PRD-003,3,499.99,310.0,0.05,No
TXN-00887,19/01/2023,CUST-0288,Priya Sharma,West,Cardiff,Rachel Ng,Home & Garden,Coffee Maker,PRD-011,4,79.99,38.0,0.25,No
TXN-00888,31/08/2023,CUST-0387,Thomas Wu,SOUTH,London,Daniel Marsh,Home & Garden,Coffee Maker,PRD-011,6,79.99,38.0,0.25,No
TXN-00889,2023-07-14,CUST-0593,Noah Patel,East,Norwich,Daniel Marsh,Clothing,Wool Scarf,PRD-009,5,24.99,8.0,0.0,No
TXN-00890,09-26-2023,CUST-0464,Thomas Wu,East,Peterborough,Sarah Collins,clothing,Denim Jeans,PRD-008,5,-49.99,18.0,0.2,No
TXN-00891,12-31-2023,CUST-0259,Oliver Bennett,North,Manchester,Emily Patel,Clothing,Running Shoes,PRD-007,10,69.99,28.0,0.05,Yes
TXN-00892,24/02/2023,CUST-0585,James Holloway,East,Ipswich,Sarah Collins,Electronics,Laptop Stand,PRD-004,2,49.99,18.0,0.15,Yes
TXN-00893,2023-08-29,CUST-0458,James Holloway,North,Sheffield,Tom Bridges,Clothing,Gym T-Shirt,PRD-010,4,19.99,7.0,0.0,No
TXN-00894,2023-06-26,CUST-0198,Isla McGregor,South,Brighton,Tom Bridges ,Home & Garden,Garden Fork,PRD-012,8,34.99,14.0,0.05,No
TXN-00895,2023-12-20,CUST-0307,Noah Patel,West,Bath,Rachel Ng,Electronics,"Samsung 55"" TV",PRD-001,7,799.99,480.0,0.1,No
TXN-00896,2023-11-30,CUST-0591,James Holloway,South,London,Daniel Marsh,home & garden,Garden Fork,PRD-012,1,34.99,14.0,0.0,No
TXN-00897,2023-11-22,CUST-0448,Marcus Johnson,North,Manchester,Tom Bridges,Electronics,Sony Headphones,PRD-002,2,149.99,75.0,0.15,No
TXN-00898,08-23-2023,CUST-0131,Priya Sharma,South,Brighton,Daniel Marsh,Home & Garden,Plant Pot Set,PRD-014,0,29.99,11.0,0.2,No
TXN-00899,02/09/2023,CUST-0330,Noah Patel,East,Norwich,Emily Patel,Clothing,Winter Jacket,PRD-006,8,89.99,35.0,0.0,No
TXN-00900,25/09/2023,CUST-0174,Grace Kim,East,Cambridge,Tom Bridges,Electronics,Laptop Stand,PRD-004,7,49.99,18.0,0.05,No
TXN-00901,18/11/2023,CUST-0576,Sophie Davies,North,Sheffield,Daniel Marsh,Electronics,"Samsung 55"" TV",PRD-001,4,799.99,480.0,0.1,No
TXN-00902,2023-10-28,CUST-0491,Noah Patel,North,Manchester,Emily Patel,Home & Garden,Throw Blanket,PRD-013,1,44.99,18.0,0.25,No
TXN-00903,08-09-2023,CUST-0372,Amelia Roberts,West,Exeter,Sarah Collins,Home & Garden,Garden Fork,PRD-012,6,34.99,14.0,0.0,No
TXN-00904,2023-03-11,CUST-0448,Ethan Brooks,North,Manchester,Rachel Ng,Electronics,"Samsung 55"" TV",PRD-001,4,799.99,480.0,0.25,Yes
TXN-00905,11-03-2023,CUST-0413,Noah Patel,South,London,Sarah Collins,Home & Garden,Throw Blanket,PRD-013,10,44.99,18.0,0.25,No
TXN-00906,01/01/2023,CUST-0217,Noah Patel,SOUTH,Brighton,Daniel Marsh,home & garden,Plant Pot Set,PRD-014,4,29.99,11.0,0.2,No
TXN-00907,2023-04-18,CUST-0123,Marcus Johnson,East,Peterborough,Rachel Ng,Electronics,Wireless Charger,PRD-005,1,29.99,10.0,0.1,No
TXN-00908,23/03/2023,CUST-0451,Oliver Bennett,South,London,Daniel Marsh,Home & Garden,Coffee Maker,PRD-011,4,79.99,38.0,0.15,No
TXN-00909,2023-08-20,CUST-0516,Liam Turner,WEST,Bristol,Rachel Ng,Clothing,Running Shoes,PRD-007,4,69.99,28.0,0.0,No
TXN-00910,02/10/2023,CUST-0200,Harry Singh,South,Oxford,James Okafor,Clothing,Denim Jeans,PRD-008,10,49.99,18.0,0.05,No
TXN-00911,2023-10-03,CUST-0518,Sophie Davies,North,Manchester,Daniel Marsh,Electronics,Wireless Charger,PRD-005,2,29.99,10.0,0.25,No
TXN-00912,23/01/2023,CUST-0270,Sophie Davies,South,London,Rachel Ng,Home & Garden,Garden Fork,PRD-012,9,34.99,14.0,0.0,No
TXN-00913,2023-08-24,CUST-0379,Liam Turner,West,Cardiff,James Okafor,Electronics,"Samsung 55"" TV",PRD-001,9,799.99,480.0,0.0,No
TXN-00914,2023-09-04,CUST-0399,Marcus Johnson,East,Ipswich,,Electronics,"Samsung 55"" TV",PRD-001,1,799.99,480.0,0.0,No
TXN-00915,2023-05-14,CUST-0358,Isla McGregor,West,Exeter,Sarah Collins,Home & Garden,Coffee Maker,PRD-011,3,79.99,38.0,0.15,No
TXN-00916,14/07/2023,CUST-0418,Liam Turner,North,Leeds,Rachel Ng,Home & Garden,Plant Pot Set,PRD-014,9,29.99,11.0,0.0,No
TXN-00917,07-13-2023,CUST-0240,Harry Singh,North,Liverpool,,Electronics,Sony Headphones,PRD-002,7,149.99,75.0,0.15,No
TXN-00918,17/11/2023,CUST-0121,Priya Sharma,North,Leeds,Emily Patel,Clothing,Winter Jacket,PRD-006,6,89.99,35.0,0.1,No
TXN-00919,2023-03-06,CUST-0538,Sophie Davies,North,Leeds,Tom Bridges,Home & Garden,Scented Candle,PRD-015,6,14.99,4.5,0.0,No
TXN-00920,2023-09-13,CUST-0429,Mia Carter,North,Manchester,Sarah Collins,Clothing,Winter Jacket,PRD-006,9,89.99,35.0,0.0,No
TXN-00921,28/07/2023,CUST-0187,Isla McGregor,South,Brighton,Rachel Ng,Clothing,Running Shoes,PRD-007,2,69.99,28.0,0.0,No
TXN-00922,22/03/2023,CUST-0249,Harry Singh,SOUTH,Brighton,Emily Patel,Home & Garden,Coffee Maker,PRD-011,5,79.99,38.0,0.1,No
TXN-00923,13/07/2023,CUST-0111,Mia Carter,East,Norwich,James Okafor,Electronics,Apple iPad,PRD-003,6,499.99,310.0,0.0,No
TXN-00924,06-19-2023,CUST-0191,Noah Patel,West,Exeter,Rachel Ng,Home & Garden,Coffee Maker,PRD-011,4,79.99,38.0,0.0,No
TXN-00925,28/10/2023,CUST-0521,Noah Patel,South,London,Daniel Marsh,Electronics,"Samsung 55"" TV",PRD-001,5,799.99,480.0,0.05,No
TXN-00926,2023-10-31,CUST-0410,Amelia Roberts,North,Leeds,James Okafor,Electronics,Wireless Charger,PRD-005,8,29.99,10.0,0.25,No
TXN-00927,2023-07-19,CUST-0358,Liam Turner,South,Brighton,Tom Bridges,electronics,Laptop Stand,PRD-004,1,49.99,18.0,0.0,No
TXN-00928,02-27-2023,CUST-0154,Chloe Evans,West,Bath,Rachel Ng,Home & Garden,Coffee Maker,PRD-011,3,79.99,38.0,0.05,Yes
TXN-00929,11-14-2023,CUST-0564,James Holloway,South,London,James Okafor,Clothing,Wool Scarf,PRD-009,5,24.99,8.0,0.1,No
TXN-00930,2023-10-28,CUST-0371,James Holloway,South,Southampton,James Okafor,Electronics,"Samsung 55"" TV",PRD-001,2,799.99,480.0,0.1,No
TXN-00931,2023-05-31,CUST-0578,,West,Cardiff,James Okafor,Home & Garden,Garden Fork,PRD-012,8,34.99,14.0,0.1,No
TXN-00932,2023-08-07,CUST-0149,Thomas Wu,West,Bristol,Emily Patel,Clothing,Wool Scarf,PRD-009,7,24.99,8.0,0.2,No
TXN-00933,2023-03-31,CUST-0581,Fatima Al-Rashid,North,Manchester,Rachel Ng,Clothing,Gym T-Shirt,PRD-010,2,19.99,7.0,0.0,Yes
TXN-00934,2023-11-15,CUST-0387,Thomas Wu,East,Ipswich,Sarah Collins,Home & Garden,Plant Pot Set,PRD-014,10,29.99,11.0,0.0,No
TXN-00935,2023-07-28,CUST-0567,Thomas Wu,East,Norwich,Sarah Collins,home & garden,Scented Candle,PRD-015,8,14.99,4.5,0.05,No
TXN-00936,29/05/2023,CUST-0389,Oliver Bennett,South,Southampton,Rachel Ng,Electronics,Apple iPad,PRD-003,8,499.99,310.0,0.0,No
TXN-00937,02-15-2023,CUST-0499,Ethan Brooks,South,Oxford,Emily Patel,Electronics,Wireless Charger,PRD-005,10,29.99,10.0,0.2,No
TXN-00938,2023-03-31,CUST-0391,Marcus Johnson,East,Ipswich,Rachel Ng,Home & Garden,Throw Blanket,PRD-013,10,44.99,18.0,0.0,No
TXN-00939,23/08/2023,CUST-0179,Fatima Al-Rashid,North,Leeds,Emily Patel,Clothing,Gym T-Shirt,PRD-010,1,19.99,7.0,0.2,No
TXN-00940,12-03-2023,CUST-0432,Thomas Wu,North,Leeds,Daniel Marsh,Home & Garden,Garden Fork,PRD-012,9,34.99,14.0,0.05,No
TXN-00941,10-06-2023,CUST-0175,Grace Kim,North,Sheffield,Sarah Collins,Clothing,Winter Jacket,PRD-006,3,89.99,35.0,0.2,No
TXN-00942,04-08-2023,CUST-0514,Thomas Wu,South,Southampton,Sarah Collins,Clothing,Denim Jeans,PRD-008,7,49.99,18.0,0.0,No
TXN-00943,26/03/2023,CUST-0537,,East,Norwich,Emily Patel,Clothing,Running Shoes,PRD-007,4,69.99,28.0,0.1,No
TXN-00944,2023-01-25,CUST-0271,James Holloway,SOUTH,Oxford,,Electronics,Laptop Stand,PRD-004,9,49.99,18.0,0.05,No
TXN-00945,25/11/2023,CUST-0200,Ethan Brooks,West,Exeter,Sarah Collins,home & garden,Throw Blanket,PRD-013,1,44.99,18.0,0.25,No
TXN-00946,07-30-2023,CUST-0553,Harry Singh,SOUTH,Brighton,Daniel Marsh,Electronics,Laptop Stand,PRD-004,8,49.99,18.0,0.1,No
TXN-00947,12/01/2023,CUST-0577,Noah Patel,South,Southampton,Sarah Collins,Electronics,Laptop Stand,PRD-004,8,49.99,18.0,0.2,No
TXN-00948,2023-08-26,CUST-0339,Oliver Bennett,east,Cambridge,James Okafor,Electronics,Apple iPad,PRD-003,6,499.99,310.0,0.0,No
TXN-00949,09-11-2023,CUST-0442,Ethan Brooks,South,Brighton,Daniel Marsh,Home & Garden,Plant Pot Set,PRD-014,2,29.99,11.0,0.05,No
TXN-00950,05-31-2023,CUST-0124,Harry Singh,East,Cambridge,James Okafor,Home & Garden,Throw Blanket,PRD-013,5,44.99,18.0,0.0,No
TXN-00951,12-08-2023,CUST-0563,Mia Carter,North,Manchester,Tom Bridges,Electronics,Sony Headphones,PRD-002,5,149.99,75.0,0.0,No
TXN-00952,09-09-2023,CUST-0598,Liam Turner,South,London,Sarah Collins,Home & Garden,Plant Pot Set,PRD-014,10,29.99,11.0,0.0,No
TXN-00953,12/01/2023,CUST-0273,Ethan Brooks,West,Bath,James Okafor,Home & Garden,Coffee Maker,PRD-011,9,79.99,38.0,0.0,No
TXN-00954,07-12-2023,CUST-0107,James Holloway,West,Bristol,Tom Bridges,Electronics,Laptop Stand,PRD-004,4,49.99,18.0,0.2,No
TXN-00955,07-27-2023,CUST-0579,Noah Patel,south,Brighton,James Okafor,Clothing,Winter Jacket,PRD-006,7,-89.99,35.0,0.15,No
TXN-00956,2023-10-07,CUST-0220,Isla McGregor,South,Brighton,Sarah Collins,Electronics,Laptop Stand,PRD-004,8,49.99,18.0,0.0,No
TXN-00957,06-02-2023,CUST-0359,Thomas Wu,South,London,Emily Patel,Home & Garden,Garden Fork,PRD-012,9,34.99,14.0,0.2,No
TXN-00958,2023-04-02,CUST-0435,Grace Kim,East,Norwich,Daniel Marsh,Clothing,Gym T-Shirt,PRD-010,9,19.99,7.0,0.25,Yes
TXN-00959,09-11-2023,CUST-0468,Ethan Brooks,West,Bath,James Okafor,Home & Garden,Scented Candle,PRD-015,8,14.99,4.5,0.1,No
TXN-00960,12-15-2023,CUST-0119,Liam Turner,West,Cardiff,Rachel Ng,Clothing,Running Shoes,PRD-007,3,69.99,28.0,0.15,No
TXN-00961,01-16-2023,CUST-0269,Priya Sharma,North,Leeds,Daniel Marsh,Electronics,Apple iPad,PRD-003,1,499.99,310.0,0.15,No
TXN-00962,04-06-2023,CUST-0523,Isla McGregor,North,Leeds,Daniel Marsh,Clothing,Running Shoes,PRD-007,9,69.99,28.0,0.2,No
TXN-00963,2023-05-14,CUST-0152,Sophie Davies,South,Brighton,Daniel Marsh,Home & Garden,Plant Pot Set,PRD-014,4,29.99,11.0,0.05,No
TXN-00964,06-25-2023,CUST-0213,Amelia Roberts,East,Ipswich,Daniel Marsh,Clothing,Denim Jeans,PRD-008,7,49.99,18.0,0.0,No
TXN-00965,15/12/2023,CUST-0108,Mia Carter,East,Norwich,Rachel Ng,Clothing,Wool Scarf,PRD-009,9,24.99,8.0,0.1,No
TXN-00966,09-25-2023,CUST-0347,Marcus Johnson,East,Cambridge,Emily Patel,Electronics,Wireless Charger,PRD-005,10,29.99,10.0,0.0,No
TXN-00967,07-07-2023,CUST-0203,Sophie Davies,East,Ipswich,Sarah Collins,Clothing,Denim Jeans,PRD-008,2,49.99,18.0,0.15,No
TXN-00968,2023-05-26,CUST-0533,Fatima Al-Rashid,South,Oxford,Daniel Marsh,Home & Garden,Plant Pot Set,PRD-014,8,29.99,11.0,0.15,No
TXN-00969,2023-07-04,CUST-0487,Noah Patel,North,Leeds,Tom Bridges,Home & Garden,Coffee Maker,PRD-011,10,79.99,38.0,0.25,No
TXN-00970,03/10/2023,CUST-0359,Ethan Brooks,South,Southampton,Tom Bridges,Electronics,Wireless Charger,PRD-005,7,29.99,10.0,0.2,No
TXN-00971,04-02-2023,CUST-0543,Isla McGregor,East,Cambridge,James Okafor,Clothing,Denim Jeans,PRD-008,9,49.99,18.0,0.15,No
TXN-00972,2023-02-07,CUST-0290,Amelia Roberts,South,London,Sarah Collins,Clothing,Winter Jacket,PRD-006,3,89.99,35.0,0.0,No
TXN-00973,26/05/2023,CUST-0384,Fatima Al-Rashid,South,London,Emily Patel,Electronics,Apple iPad,PRD-003,6,499.99,310.0,0.25,No
TXN-00974,03-18-2023,CUST-0586,Chloe Evans,East,Peterborough,Tom Bridges,Home & Garden,Plant Pot Set,PRD-014,4,29.99,11.0,0.2,No
TXN-00975,17/11/2023,CUST-0202,James Holloway,North,Leeds,Emily Patel,Electronics,Sony Headphones,PRD-002,9,149.99,75.0,0.0,Yes
TXN-00976,07/12/2023,CUST-0306,Oliver Bennett,north,Manchester,Rachel Ng,Clothing,Running Shoes,PRD-007,9,69.99,28.0,0.25,No
TXN-00977,03-14-2023,CUST-0582,,South,Southampton,Tom Bridges,Clothing,Denim Jeans,PRD-008,9,49.99,18.0,0.1,No
TXN-00978,02/02/2023,CUST-0161,Sophie Davies,North,Liverpool,Tom Bridges,Home & Garden,Coffee Maker,PRD-011,7,79.99,38.0,0.0,No
TXN-00979,2023-03-29,CUST-0414,Chloe Evans,South,Brighton,Rachel Ng,Electronics,"Samsung 55"" TV",PRD-001,6,799.99,480.0,0.0,No
TXN-00980,06-13-2023,CUST-0395,Marcus Johnson,West,Bristol,Daniel Marsh,Home & Garden,Garden Fork,PRD-012,3,34.99,14.0,0.15,No
TXN-00981,23/10/2023,CUST-0392,Noah Patel,East,Norwich,Tom Bridges,Clothing,Wool Scarf,PRD-009,4,24.99,8.0,0.0,No
TXN-00982,27/09/2023,CUST-0441,Ethan Brooks,North,Liverpool,Rachel Ng,Home & Garden,Garden Fork,PRD-012,10,34.99,14.0,0.0,No
TXN-00983,07-23-2023,CUST-0150,Grace Kim,North,Sheffield,James Okafor,Home & Garden,Scented Candle,PRD-015,4,14.99,4.5,0.0,No
TXN-00984,12-08-2023,CUST-0278,Grace Kim,North,Leeds,Sarah Collins,Clothing,Wool Scarf,PRD-009,10,24.99,8.0,0.25,No
TXN-00985,26/02/2023,CUST-0537,Liam Turner,East,Peterborough,Sarah Collins,Electronics,Apple iPad,PRD-003,5,499.99,310.0,0.05,No
TXN-00986,2023-12-06,CUST-0582,Grace Kim,North,Leeds,James Okafor,Home & Garden,Coffee Maker,PRD-011,1,79.99,38.0,0.0,No
TXN-00987,02-17-2023,CUST-0142,Mia Carter,North,Liverpool,Emily Patel,Home & Garden,Coffee Maker,PRD-011,10,79.99,38.0,0.05,No
TXN-00988,2023-03-01,CUST-0158,Oliver Bennett,North,Manchester,Daniel Marsh,Electronics,Sony Headphones,PRD-002,2,149.99,75.0,0.25,No
TXN-00989,2023-10-20,CUST-0473,Isla McGregor,West,Cardiff,,Clothing,Denim Jeans,PRD-008,9,49.99,18.0,0.25,No
TXN-00990,11-17-2023,CUST-0146,Harry Singh,West,Cardiff,Unknown,Clothing,Denim Jeans,PRD-008,9,49.99,18.0,0.0,No
TXN-00991,2023-07-14,CUST-0533,Grace Kim,South,London,Rachel Ng,Electronics,Apple iPad,PRD-003,7,-499.99,310.0,0.0,No
TXN-00992,07-03-2023,CUST-0172,Chloe Evans,North,Leeds,Daniel Marsh,Home & Garden,Scented Candle,PRD-015,8,14.99,4.5,0.0,No
TXN-00993,05/03/2023,CUST-0346,Chloe Evans,East,Peterborough,Emily Patel,Electronics,"Samsung 55"" TV",PRD-001,5,799.99,480.0,0.0,Yes
TXN-00994,25/06/2023,CUST-0164,Fatima Al-Rashid,South,Oxford,,Clothing,Winter Jacket,PRD-006,7,89.99,35.0,0.2,No
TXN-00995,10-16-2023,CUST-0563,Mia Carter,East,Cambridge,Daniel Marsh,Electronics,Apple iPad,PRD-003,0,499.99,310.0,0.05,No
TXN-00996,09/05/2023,CUST-0345,Thomas Wu,West,Exeter,rachel ng,Home & Garden,Throw Blanket,PRD-013,6,44.99,18.0,0.1,No
TXN-00997,24/03/2023,CUST-0490,Mia Carter,west,Bristol,Sarah Collins,Home & Garden,Garden Fork,PRD-012,1,34.99,14.0,0.2,No
TXN-00998,2023-08-20,CUST-0200,Chloe Evans,North,Manchester,Daniel Marsh,Clothing,Gym T-Shirt,PRD-010,1,19.99,7.0,0.0,No
TXN-00999,17/10/2023,CUST-0460,James Holloway,south,Southampton,Sarah Collins,Clothing,Gym T-Shirt,PRD-010,5,19.99,7.0,0.25,No
TXN-01000,07/11/2023,CUST-0443,Marcus Johnson,South,Southampton,Tom Bridges,Clothing,Wool Scarf,PRD-009,0,24.99,8.0,0.05,No
TXN-01001,2023-01-17,CUST-0458,James Holloway,South,Oxford,Emily Patel,Clothing,Running Shoes,PRD-007,2,69.99,28.0,0.15,No
TXN-01002,01-11-2023,CUST-0163,Priya Sharma,East,Peterborough,Sarah Collins,Clothing,Winter Jacket,PRD-006,2,89.99,35.0,0.0,No
TXN-01003,05-11-2023,CUST-0262,Priya Sharma,East,Norwich,Daniel Marsh,Home & Garden,Throw Blanket,PRD-013,10,44.99,18.0,0.0,No
TXN-01004,01/08/2023,CUST-0402,Fatima Al-Rashid,North,Sheffield,Daniel Marsh,Clothing,Wool Scarf,PRD-009,10,24.99,8.0,0.25,No
TXN-01005,04-18-2023,CUST-0490,Sophie Davies,East,Peterborough,Sarah Collins,Clothing,Winter Jacket,PRD-006,8,89.99,35.0,0.25,No
TXN-01006,2023-10-04,CUST-0209,Ethan Brooks,East,Norwich,Rachel Ng,electronics,Apple iPad,PRD-003,3,499.99,310.0,0.2,No
TXN-01007,2023-03-17,CUST-0392,Ethan Brooks,north,Leeds,Daniel Marsh,Electronics,Apple iPad,PRD-003,2,499.99,310.0,0.0,No
TXN-01008,06-05-2023,CUST-0575,Noah Patel,North,Manchester,Daniel Marsh,Home & Garden,Throw Blanket,PRD-013,9,44.99,18.0,0.0,No
TXN-01009,05-13-2023,CUST-0376,James Holloway,South,London,Tom Bridges,Clothing,Running Shoes,PRD-007,10,69.99,28.0,0.25,No
TXN-01010,19/09/2023,CUST-0442,Sophie Davies,North,Sheffield,Tom Bridges,Electronics,Laptop Stand,PRD-004,10,49.99,18.0,0.0,No
TXN-01011,2023-05-13,CUST-0281,Fatima Al-Rashid,East,Peterborough,Rachel Ng,Electronics,Laptop Stand,PRD-004,10,49.99,18.0,0.25,Yes
TXN-01012,2023-07-01,CUST-0214,Harry Singh,West,Bath,Sarah Collins,Home & Garden,Garden Fork,PRD-012,8,34.99,14.0,0.1,No
TXN-01013,08-20-2023,CUST-0413,Noah Patel,West,Bath,James Okafor,Electronics,Laptop Stand,PRD-004,5,49.99,18.0,0.2,No
TXN-01014,01-01-2023,CUST-0240,Thomas Wu,East,Peterborough,Sarah Collins,Clothing,Running Shoes,PRD-007,3,69.99,28.0,0.15,No
TXN-01015,2023-08-06,CUST-0369,Oliver Bennett,South,Oxford,Rachel Ng,Electronics,Laptop Stand,PRD-004,3,49.99,18.0,0.1,No
TXN-01016,2023-06-24,CUST-0468,James Holloway,north,Leeds,Sarah Collins,Home & Garden,Scented Candle,PRD-015,3,14.99,4.5,0.05,No
TXN-01017,08/08/2023,CUST-0174,Fatima Al-Rashid,SOUTH,Southampton,Rachel Ng,Clothing,Winter Jacket,PRD-006,3,89.99,35.0,0.15,No
TXN-01018,10-07-2023,CUST-0375,Priya Sharma,North,Sheffield,emily patel,Clothing,Wool Scarf,PRD-009,8,24.99,8.0,0.0,No
TXN-01019,05-16-2023,CUST-0570,Harry Singh,North,Liverpool,Rachel Ng,clothing,Denim Jeans,PRD-008,7,49.99,18.0,0.0,No
TXN-01020,06-24-2023,CUST-0556,Liam Turner,West,Cardiff,Daniel Marsh,Clothing,Gym T-Shirt,PRD-010,8,19.99,7.0,0.1,No
TXN-01021,2023-02-28,CUST-0555,Grace Kim,East,Norwich,Sarah Collins,Electronics,Sony Headphones,PRD-002,1,149.99,75.0,0.25,No
TXN-01022,17/06/2023,CUST-0151,Noah Patel,west,Cardiff,Rachel Ng,Home & Garden,Garden Fork,PRD-012,7,34.99,14.0,0.15,No
TXN-01023,09/08/2023,CUST-0449,Chloe Evans,North,Manchester,Sarah Collins ,Electronics,Wireless Charger,PRD-005,5,29.99,10.0,0.0,No
TXN-01024,2023-04-24,CUST-0500,Liam Turner,WEST,Exeter,James Okafor ,Clothing,Denim Jeans,PRD-008,8,49.99,18.0,0.25,No
TXN-01025,2023-04-28,CUST-0423,Grace Kim,North,Leeds,Emily Patel,Clothing,Running Shoes,PRD-007,3,69.99,28.0,0.2,No
TXN-01026,06-11-2023,CUST-0342,Thomas Wu,North,Liverpool,James Okafor,Electronics,Apple iPad,PRD-003,3,499.99,310.0,0.25,No
TXN-01027,2023-10-02,CUST-0130,,North,Manchester,Sarah Collins,Home & Garden,Coffee Maker,PRD-011,6,79.99,38.0,0.1,No
TXN-01028,29/07/2023,CUST-0510,Thomas Wu,North,Liverpool,Tom Bridges,Home & Garden,Coffee Maker,PRD-011,3,79.99,38.0,0.15,Yes
TXN-01029,2023-09-30,CUST-0216,Harry Singh,South,Oxford,Sarah Collins,Electronics,"Samsung 55"" TV",PRD-001,4,799.99,480.0,0.1,No
TXN-01030,2023-01-25,CUST-0485,Noah Patel,West,Cardiff,Emily Patel,Home & Garden,Garden Fork,PRD-012,2,34.99,14.0,0.05,No
TXN-01031,12-16-2023,CUST-0329,Mia Carter,West,Exeter,Emily Patel,Clothing,Running Shoes,PRD-007,2,69.99,28.0,0.0,No
TXN-01032,01/09/2023,CUST-0294,Oliver Bennett,North,Liverpool,James Okafor,Clothing,Running Shoes,PRD-007,8,69.99,28.0,0.0,No
TXN-01033,10-07-2023,CUST-0505,Liam Turner,North,Manchester,Sarah Collins,Clothing,Winter Jacket,PRD-006,5,89.99,35.0,0.15,No
TXN-01034,06/08/2023,CUST-0246,Oliver Bennett,South,Brighton,Emily Patel,clothing,Winter Jacket,PRD-006,9,89.99,35.0,0.0,No
TXN-01035,08-19-2023,CUST-0343,Marcus Johnson,South,Southampton,Daniel Marsh,Clothing,Winter Jacket,PRD-006,9,89.99,35.0,0.05,No
TXN-01036,12-20-2023,CUST-0390,Thomas Wu,NORTH,Leeds,Daniel Marsh,Electronics,Wireless Charger,PRD-005,9,29.99,10.0,0.1,No
TXN-01037,30/12/2023,CUST-0514,Harry Singh,North,Sheffield,Tom Bridges,Electronics,"Samsung 55"" TV",PRD-001,5,799.99,480.0,0.25,No
TXN-01038,16/01/2023,CUST-0430,Mia Carter,South,Brighton,Rachel Ng,Home & Garden,Scented Candle,PRD-015,4,14.99,4.5,0.05,No
TXN-01039,2023-01-02,CUST-0107,Sophie Davies,South,Brighton,James Okafor,Home & Garden,Scented Candle,PRD-015,9,14.99,4.5,0.05,No
TXN-01040,2023-07-16,CUST-0518,Grace Kim,North,Liverpool,Tom Bridges,electronics,"Samsung 55"" TV",PRD-001,9,799.99,480.0,0.25,No
TXN-01041,10/04/2023,CUST-0492,Thomas Wu,east,Ipswich,Emily Patel,Home & Garden,Scented Candle,PRD-015,9,14.99,4.5,0.0,No
TXN-01042,2023-08-13,CUST-0242,Harry Singh,East,Ipswich,Daniel Marsh,electronics,"Samsung 55"" TV",PRD-001,0,799.99,480.0,0.2,No
TXN-01043,2023-12-27,CUST-0253,Oliver Bennett,east,Peterborough,Tom Bridges,Home & Garden,Throw Blanket,PRD-013,2,-44.99,18.0,0.0,No
TXN-01044,2023-10-08,CUST-0489,Chloe Evans,EAST,Ipswich,Sarah Collins,Home & Garden,Scented Candle,PRD-015,0,14.99,4.5,0.0,No
TXN-01045,08-30-2023,CUST-0385,Fatima Al-Rashid,East,Peterborough,Rachel Ng,Home & Garden,Garden Fork,PRD-012,7,34.99,14.0,0.25,No
TXN-01046,2023-02-14,CUST-0164,,West,Bristol,emily patel,Electronics,"Samsung 55"" TV",PRD-001,10,799.99,480.0,0.25,No
TXN-01047,2023-03-13,CUST-0102,Grace Kim,West,Exeter,Tom Bridges,Home & Garden,Scented Candle,PRD-015,3,-14.99,4.5,0.2,No
TXN-01048,2023-05-24,CUST-0149,Thomas Wu,West,Exeter,Sarah Collins,Clothing,Winter Jacket,PRD-006,3,89.99,35.0,0.25,No
TXN-01049,2023-05-17,CUST-0567,Grace Kim,West,Bath,Emily Patel,Electronics,Laptop Stand,PRD-004,6,49.99,18.0,0.0,No
TXN-01050,2023-09-12,CUST-0172,Grace Kim,North,Sheffield,Daniel Marsh,Clothing,Winter Jacket,PRD-006,6,89.99,35.0,0.2,No
TXN-01051,04-01-2023,CUST-0169,Mia Carter,North,Manchester,Sarah Collins,Electronics,Apple iPad,PRD-003,7,499.99,310.0,0.1,No
TXN-01052,07/02/2023,CUST-0146,Chloe Evans,South,Southampton,Daniel Marsh,clothing,Winter Jacket,PRD-006,8,89.99,35.0,0.0,No
TXN-01053,2023-12-03,CUST-0532,Fatima Al-Rashid,east,Norwich,Emily Patel,Home & Garden,Coffee Maker,PRD-011,2,79.99,38.0,0.0,No
TXN-01054,03/01/2023,CUST-0320,James Holloway,East,Norwich,Daniel Marsh,Home & Garden,Plant Pot Set,PRD-014,1,29.99,11.0,0.0,Yes
TXN-01055,31/07/2023,CUST-0339,Marcus Johnson,East,Norwich,Rachel Ng,Clothing,Denim Jeans,PRD-008,5,49.99,18.0,0.05,No
TXN-01056,19/01/2023,CUST-0375,Oliver Bennett,South,Southampton,Tom Bridges,Clothing,Winter Jacket,PRD-006,10,89.99,35.0,0.0,No
TXN-01057,08-04-2023,CUST-0223,Thomas Wu,EAST,Peterborough,James Okafor,Electronics,Apple iPad,PRD-003,4,499.99,310.0,0.15,No
TXN-01058,08/10/2023,CUST-0576,Marcus Johnson,North,Sheffield,Rachel Ng,Home & Garden,Garden Fork,PRD-012,10,34.99,14.0,0.05,No
TXN-01059,2023-12-27,CUST-0517,Noah Patel,South,Brighton,Tom Bridges,Home & Garden,Throw Blanket,PRD-013,7,44.99,18.0,0.0,Yes
TXN-01060,09-10-2023,CUST-0492,Priya Sharma,West,Exeter,Emily Patel,Clothing,Gym T-Shirt,PRD-010,3,19.99,7.0,0.0,No
TXN-01061,16/12/2023,CUST-0268,Ethan Brooks,East,Norwich,James Okafor,Electronics,Laptop Stand,PRD-004,9,49.99,18.0,0.2,Yes
TXN-01062,02-12-2023,CUST-0142,James Holloway,North,Leeds,James Okafor,Clothing,Denim Jeans,PRD-008,4,49.99,18.0,0.15,No
TXN-01063,12-02-2023,CUST-0576,Grace Kim,South,Southampton,Rachel Ng,electronics,Laptop Stand,PRD-004,1,49.99,18.0,0.0,No
TXN-01064,07-01-2023,CUST-0381,,East,Ipswich,Sarah Collins,Electronics,Laptop Stand,PRD-004,2,49.99,18.0,0.25,No
TXN-01065,02/01/2023,CUST-0453,Fatima Al-Rashid,East,Cambridge,Daniel Marsh,electronics,Laptop Stand,PRD-004,5,49.99,18.0,0.05,Yes
TXN-01066,11-12-2023,CUST-0589,Liam Turner,East,Norwich,James Okafor,Home & Garden,Throw Blanket,PRD-013,2,44.99,18.0,0.0,No
TXN-01067,2023-11-26,CUST-0308,James Holloway,South,Southampton,Emily Patel,Electronics,Wireless Charger,PRD-005,6,29.99,10.0,0.0,Yes
TXN-01068,2023-12-06,CUST-0164,Marcus Johnson,West,Bristol,Sarah Collins,Home & Garden,Throw Blanket,PRD-013,1,44.99,18.0,0.05,No
TXN-01069,19/04/2023,CUST-0105,,East,Ipswich,james okafor,Clothing,Running Shoes,PRD-007,6,-69.99,28.0,0.15,No
TXN-01070,07/06/2023,CUST-0498,Amelia Roberts,East,Peterborough,James Okafor,Clothing,Running Shoes,PRD-007,10,69.99,28.0,0.0,No
TXN-01071,2023-05-05,CUST-0567,Noah Patel,north,Manchester,Daniel Marsh,Clothing,Winter Jacket,PRD-006,6,-89.99,35.0,0.05,No
TXN-01072,10-16-2023,CUST-0572,Liam Turner,South,London,Sarah Collins,Clothing,Running Shoes,PRD-007,10,69.99,28.0,0.0,No
TXN-01073,01-05-2023,CUST-0314,Sophie Davies,West,Cardiff,Sarah Collins,Home & Garden,Plant Pot Set,PRD-014,5,29.99,11.0,0.0,No
TXN-01074,2023-10-09,CUST-0276,Amelia Roberts,South,Southampton,Rachel Ng,Clothing,Wool Scarf,PRD-009,1,-24.99,8.0,0.0,No
TXN-01075,18/12/2023,CUST-0393,James Holloway,South,Brighton,Sarah Collins,Home & Garden,Garden Fork,PRD-012,2,34.99,14.0,0.15,No
TXN-01076,03-27-2023,CUST-0337,Mia Carter,North,Manchester,Rachel Ng,Home & Garden,Scented Candle,PRD-015,9,14.99,4.5,0.0,No
TXN-01077,03-30-2023,CUST-0360,Mia Carter,North,Manchester,Daniel Marsh ,Electronics,Wireless Charger,PRD-005,4,29.99,10.0,0.0,No
TXN-01078,03-11-2023,CUST-0374,Amelia Roberts,East,Ipswich,Sarah Collins,Home & Garden,Plant Pot Set,PRD-014,3,29.99,11.0,0.0,No
TXN-01079,2023-12-25,CUST-0395,Marcus Johnson,south,Southampton,Emily Patel,Clothing,Running Shoes,PRD-007,9,69.99,28.0,0.0,No
TXN-01080,05/05/2023,CUST-0576,Fatima Al-Rashid,South,London,Unknown,Electronics,Sony Headphones,PRD-002,4,149.99,75.0,0.0,No
TXN-01081,22/08/2023,CUST-0506,Ethan Brooks,south,London,Tom Bridges,Electronics,Laptop Stand,PRD-004,4,49.99,18.0,0.0,No
TXN-01082,02/06/2023,CUST-0480,,East,Norwich,Rachel Ng,Electronics,"Samsung 55"" TV",PRD-001,3,799.99,480.0,0.0,No
TXN-01083,2023-03-25,CUST-0134,Harry Singh,North,Leeds,Rachel Ng,Home & Garden,Coffee Maker,PRD-011,5,79.99,38.0,0.05,No
TXN-01084,2023-07-16,CUST-0301,Priya Sharma,North,Leeds,Sarah Collins,Electronics,Apple iPad,PRD-003,7,499.99,310.0,0.15,No
TXN-01085,2023-07-20,CUST-0118,Chloe Evans,West,Bristol,Rachel Ng,Clothing,Winter Jacket,PRD-006,5,89.99,35.0,0.1,No
TXN-01086,15/02/2023,CUST-0297,Fatima Al-Rashid,East,Cambridge,Daniel Marsh,Clothing,Denim Jeans,PRD-008,10,49.99,18.0,0.2,No
TXN-01087,10-01-2023,CUST-0362,Priya Sharma,South,Oxford,Daniel Marsh,Home & Garden,Scented Candle,PRD-015,6,14.99,4.5,0.1,No
TXN-01088,2023-05-03,CUST-0212,Liam Turner,West,Bristol,Daniel Marsh,Clothing,Running Shoes,PRD-007,5,69.99,28.0,0.0,No
TXN-01089,28/12/2023,CUST-0453,Oliver Bennett,East,Cambridge,Emily Patel,Clothing,Running Shoes,PRD-007,4,69.99,28.0,0.1,Yes
TXN-01090,22/11/2023,CUST-0464,Noah Patel,West,Exeter,Daniel Marsh,Clothing,Wool Scarf,PRD-009,10,24.99,8.0,0.1,No
TXN-01091,17/04/2023,CUST-0592,Chloe Evans,South,Brighton,Tom Bridges,Clothing,Denim Jeans,PRD-008,7,49.99,18.0,0.2,No
TXN-01092,22/10/2023,CUST-0173,Grace Kim,SOUTH,Southampton,,Home & Garden,Scented Candle,PRD-015,5,14.99,4.5,0.0,No
TXN-01093,2023-05-27,CUST-0236,Fatima Al-Rashid,West,Bath,James Okafor,electronics,Apple iPad,PRD-003,3,499.99,310.0,0.05,No
TXN-01094,03/12/2023,CUST-0331,Amelia Roberts,East,Cambridge,James Okafor,Electronics,"Samsung 55"" TV",PRD-001,5,799.99,480.0,0.15,No
TXN-01095,02-17-2023,CUST-0288,Ethan Brooks,South,London,Sarah Collins,Home & Garden,Plant Pot Set,PRD-014,9,29.99,11.0,0.15,No
TXN-01096,2023-09-12,CUST-0447,Fatima Al-Rashid,East,Cambridge,Emily Patel,Home & Garden,Garden Fork,PRD-012,7,34.99,14.0,0.25,No
TXN-01097,10/04/2023,CUST-0449,Marcus Johnson,South,London,Daniel Marsh,Clothing,Running Shoes,PRD-007,4,69.99,28.0,0.25,No
TXN-01098,2023-01-19,CUST-0365,Priya Sharma,North,Manchester,Daniel Marsh,Home & Garden,Garden Fork,PRD-012,8,-34.99,14.0,0.0,No
TXN-01099,22/04/2023,CUST-0393,Fatima Al-Rashid,South,Brighton,Daniel Marsh,Clothing,Wool Scarf,PRD-009,4,24.99,8.0,0.0,No
TXN-01100,10-22-2023,CUST-0113,Sophie Davies,North,Leeds,Sarah Collins,Electronics,Apple iPad,PRD-003,6,499.99,310.0,0.0,No
TXN-01101,09-25-2023,CUST-0326,Marcus Johnson,West,Exeter,James Okafor,Home & Garden,Garden Fork,PRD-012,4,34.99,14.0,0.0,No
TXN-01102,01-26-2023,CUST-0117,Oliver Bennett,SOUTH,Oxford,Daniel Marsh,Electronics,Sony Headphones,PRD-002,3,149.99,75.0,0.05,No
TXN-01103,10-13-2023,CUST-0302,Amelia Roberts,west,Bath,Rachel Ng,Electronics,Sony Headphones,PRD-002,0,149.99,75.0,0.2,No
TXN-01104,2023-04-18,CUST-0485,Thomas Wu,South,Oxford,Daniel Marsh,Home & Garden,Throw Blanket,PRD-013,9,44.99,18.0,0.1,No
TXN-01105,12-07-2023,CUST-0539,Thomas Wu,South,Brighton,Daniel Marsh,Home & Garden,Scented Candle,PRD-015,5,14.99,4.5,0.1,No
TXN-01106,2023-05-06,CUST-0559,Mia Carter,South,Southampton,Unknown,Home & Garden,Throw Blanket,PRD-013,4,44.99,18.0,0.15,No
TXN-01107,2023-03-18,CUST-0256,Liam Turner,North,Sheffield,Tom Bridges,Clothing,Running Shoes,PRD-007,1,69.99,28.0,0.25,No
TXN-01108,22/05/2023,CUST-0297,,North,Liverpool,James Okafor,Electronics,Apple iPad,PRD-003,7,499.99,310.0,0.05,No
TXN-01109,18/06/2023,CUST-0389,Liam Turner,North,Sheffield,Rachel Ng,Electronics,"Samsung 55"" TV",PRD-001,6,799.99,480.0,0.0,Yes
TXN-01110,28/03/2023,CUST-0515,Noah Patel,east,Peterborough,Rachel Ng,Home & Garden,Scented Candle,PRD-015,8,14.99,4.5,0.15,No
TXN-01111,08-25-2023,CUST-0466,Harry Singh,South,London,Rachel Ng,Clothing,Winter Jacket,PRD-006,3,89.99,35.0,0.1,No
TXN-01112,24/08/2023,CUST-0324,James Holloway,West,Bath,James Okafor,Clothing,Wool Scarf,PRD-009,4,24.99,8.0,0.0,No
TXN-01113,09-20-2023,CUST-0268,James Holloway,West,Bath,Emily Patel,Home & Garden,Scented Candle,PRD-015,5,14.99,4.5,0.05,No
TXN-01114,2023-09-03,CUST-0427,Isla McGregor,East,Norwich,,home & garden,Coffee Maker,PRD-011,6,79.99,38.0,0.25,No
TXN-01115,2023-08-03,CUST-0258,Oliver Bennett,NORTH,Liverpool,Tom Bridges,Home & Garden,Plant Pot Set,PRD-014,8,29.99,11.0,0.2,No
TXN-01116,17/07/2023,CUST-0201,,West,Bath,Daniel Marsh,Clothing,Winter Jacket,PRD-006,1,89.99,35.0,0.2,No
TXN-01117,02/04/2023,CUST-0403,James Holloway,West,Bath,Tom Bridges,Home & Garden,Throw Blanket,PRD-013,3,44.99,18.0,0.2,No
TXN-01118,10/11/2023,CUST-0386,Liam Turner,East,Cambridge,Tom Bridges,Electronics,Sony Headphones,PRD-002,2,149.99,75.0,0.15,No
TXN-01119,07-22-2023,CUST-0559,Fatima Al-Rashid,East,Peterborough,Daniel Marsh,Clothing,Denim Jeans,PRD-008,5,49.99,18.0,0.05,Yes
TXN-01120,2023-03-16,CUST-0108,Sophie Davies,South,Brighton,Daniel Marsh,Clothing,Wool Scarf,PRD-009,5,24.99,8.0,0.05,No
TXN-01121,2023-03-08,CUST-0557,Ethan Brooks,North,Liverpool,James Okafor,Clothing,Running Shoes,PRD-007,10,69.99,28.0,0.1,No
TXN-01122,2023-03-06,CUST-0272,Thomas Wu,South,Oxford,Sarah Collins,Clothing,Gym T-Shirt,PRD-010,6,19.99,7.0,0.05,No
TXN-01123,2023-03-11,CUST-0477,Fatima Al-Rashid,SOUTH,Southampton,Rachel Ng,Clothing,Winter Jacket,PRD-006,3,89.99,35.0,0.05,No
TXN-01124,02-10-2023,CUST-0341,Chloe Evans,South,Oxford,Emily Patel,Clothing,Gym T-Shirt,PRD-010,7,19.99,7.0,0.05,No
TXN-01125,2023-06-01,CUST-0381,Marcus Johnson,South,Southampton,Daniel Marsh,Clothing,Denim Jeans,PRD-008,7,49.99,18.0,0.2,No
TXN-01126,04-29-2023,CUST-0155,,South,Brighton,Daniel Marsh,Electronics,Sony Headphones,PRD-002,5,149.99,75.0,0.25,No
TXN-01127,19/10/2023,CUST-0433,Thomas Wu,West,Bath,Rachel Ng,Home & Garden,Plant Pot Set,PRD-014,9,29.99,11.0,0.0,No
TXN-01128,2023-01-30,CUST-0254,Liam Turner,West,Bristol,James Okafor,Home & Garden,Plant Pot Set,PRD-014,8,29.99,11.0,0.1,No
TXN-01129,2023-04-12,CUST-0546,Sophie Davies,South,Southampton,Sarah Collins,Home & Garden,Throw Blanket,PRD-013,7,44.99,18.0,0.2,No
TXN-01130,12/04/2023,CUST-0105,Amelia Roberts,South,Brighton,Rachel Ng,Electronics,Sony Headphones,PRD-002,6,149.99,75.0,0.2,No
TXN-01131,05-08-2023,CUST-0412,Liam Turner,West,Bristol,Daniel Marsh,Home & Garden,Plant Pot Set,PRD-014,6,29.99,11.0,0.0,No
TXN-01132,2023-01-24,CUST-0569,Thomas Wu,North,Sheffield,Unknown,Electronics,Wireless Charger,PRD-005,5,29.99,10.0,0.25,No
TXN-01133,12-05-2023,CUST-0469,Noah Patel,East,Norwich,Sarah Collins,Electronics,Sony Headphones,PRD-002,5,149.99,75.0,0.0,No
TXN-01134,17/07/2023,CUST-0193,Priya Sharma,West,Bristol,Tom Bridges,Home & Garden,Throw Blanket,PRD-013,7,44.99,18.0,0.0,No
TXN-01135,17/07/2023,CUST-0589,Liam Turner,South,Oxford,James Okafor,Clothing,Denim Jeans,PRD-008,9,49.99,18.0,0.0,Yes
TXN-01136,05-01-2023,CUST-0161,Priya Sharma,East,Cambridge,James Okafor,Home & Garden,Scented Candle,PRD-015,2,14.99,4.5,0.0,No
TXN-01137,2023-11-03,CUST-0508,Amelia Roberts,East,Peterborough,Daniel Marsh,Home & Garden,Coffee Maker,PRD-011,8,79.99,38.0,0.0,No
TXN-01138,04-23-2023,CUST-0298,Amelia Roberts,East,Ipswich,Daniel Marsh,Home & Garden,Coffee Maker,PRD-011,8,79.99,38.0,0.0,No
TXN-01139,04-10-2023,CUST-0550,Marcus Johnson,West,Bristol,Emily Patel,Electronics,Laptop Stand,PRD-004,3,49.99,18.0,0.2,No
TXN-01140,06/01/2023,CUST-0238,Sophie Davies,North,Leeds,James Okafor,Clothing,Winter Jacket,PRD-006,5,89.99,35.0,0.25,No
TXN-01141,11-03-2023,CUST-0424,Sophie Davies,West,Exeter,Sarah Collins,Clothing,Wool Scarf,PRD-009,8,24.99,8.0,0.1,No
TXN-01142,03-14-2023,CUST-0304,Oliver Bennett,East,Ipswich,James Okafor,Clothing,Running Shoes,PRD-007,0,69.99,28.0,0.15,No
TXN-01143,2023-08-12,CUST-0458,Amelia Roberts,SOUTH,Brighton,James Okafor,electronics,Laptop Stand,PRD-004,4,49.99,18.0,0.0,No
TXN-01144,12-09-2023,CUST-0363,,West,Cardiff,Daniel Marsh,Home & Garden,Garden Fork,PRD-012,1,34.99,14.0,0.2,No
TXN-01145,2023-02-18,CUST-0142,Thomas Wu,east,Norwich,James Okafor,electronics,Wireless Charger,PRD-005,9,29.99,10.0,0.05,No
TXN-01146,2023-10-26,CUST-0252,Fatima Al-Rashid,North,Sheffield,Rachel Ng,Electronics,Wireless Charger,PRD-005,3,29.99,10.0,0.2,No
TXN-01147,06/05/2023,CUST-0354,Mia Carter,East,Norwich,Tom Bridges,Clothing,Winter Jacket,PRD-006,1,89.99,35.0,0.2,No
TXN-01148,2023-03-16,CUST-0157,Chloe Evans,East,Peterborough,Daniel Marsh,Clothing,Winter Jacket,PRD-006,10,89.99,35.0,0.2,No
TXN-01149,16/02/2023,CUST-0580,Fatima Al-Rashid,North,Manchester,Emily Patel,Electronics,Wireless Charger,PRD-005,5,29.99,10.0,0.05,No
TXN-01150,10/08/2023,CUST-0110,,West,Bath,Rachel Ng,Home & Garden,Scented Candle,PRD-015,2,14.99,4.5,0.0,No
TXN-01151,2023-05-19,CUST-0123,Sophie Davies,west,Bristol,Unknown,Home & Garden,Throw Blanket,PRD-013,4,44.99,18.0,0.2,No
TXN-01152,2023-05-05,CUST-0183,Chloe Evans,South,London,Emily Patel,Electronics,Wireless Charger,PRD-005,3,29.99,10.0,0.0,No
TXN-01153,01/04/2023,CUST-0425,Harry Singh,South,Brighton,Rachel Ng,Clothing,Running Shoes,PRD-007,4,69.99,28.0,0.25,No
TXN-01154,02-20-2023,CUST-0215,Thomas Wu,West,Bath,Rachel Ng,electronics,"Samsung 55"" TV",PRD-001,4,799.99,480.0,0.0,No
TXN-01155,10/09/2023,CUST-0110,Mia Carter,South,Brighton,Tom Bridges,Home & Garden,Scented Candle,PRD-015,8,14.99,4.5,0.15,No
TXN-01156,07/11/2023,CUST-0138,Ethan Brooks,North,Liverpool,Daniel Marsh,Home & Garden,Scented Candle,PRD-015,9,14.99,4.5,0.0,No
TXN-01157,26/12/2023,CUST-0108,Thomas Wu,West,Bristol,Emily Patel,Clothing,Gym T-Shirt,PRD-010,4,19.99,7.0,0.1,No
TXN-01158,25/06/2023,CUST-0359,Sophie Davies,West,Bath,Rachel Ng,Electronics,Apple iPad,PRD-003,10,499.99,310.0,0.0,No
TXN-01159,02/02/2023,CUST-0416,Isla McGregor,South,Oxford,Daniel Marsh,Clothing,Running Shoes,PRD-007,10,69.99,28.0,0.0,No
TXN-01160,2023-09-18,CUST-0241,,West,Bristol,Rachel Ng,Clothing,Wool Scarf,PRD-009,5,24.99,8.0,0.15,No
TXN-01161,16/05/2023,CUST-0294,James Holloway,East,Peterborough,James Okafor,Clothing,Denim Jeans,PRD-008,4,49.99,18.0,0.2,No
TXN-01162,01-10-2023,CUST-0248,Priya Sharma,east,Peterborough,Sarah Collins,Electronics,"Samsung 55"" TV",PRD-001,3,799.99,480.0,0.2,No
TXN-01163,11-13-2023,CUST-0256,Amelia Roberts,South,Southampton,Emily Patel,electronics,Wireless Charger,PRD-005,10,29.99,10.0,0.05,No
TXN-01164,02-22-2023,CUST-0468,Harry Singh,West,Bristol,Rachel Ng,electronics,Laptop Stand,PRD-004,6,49.99,18.0,0.0,No
TXN-01165,15/09/2023,CUST-0250,Priya Sharma,East,Norwich,Emily Patel,Electronics,Wireless Charger,PRD-005,4,29.99,10.0,0.25,No
TXN-01166,05/06/2023,CUST-0218,Isla McGregor,North,Liverpool,James Okafor,Home & Garden,Coffee Maker,PRD-011,2,79.99,38.0,0.05,No
TXN-01167,01/03/2023,CUST-0119,Thomas Wu,South,London,Tom Bridges,Home & Garden,Plant Pot Set,PRD-014,9,29.99,11.0,0.2,No
TXN-01168,2023-08-14,CUST-0425,Isla McGregor,East,Peterborough,Tom Bridges,Clothing,Running Shoes,PRD-007,3,69.99,28.0,0.0,No
TXN-01169,2023-06-10,CUST-0521,Amelia Roberts,East,Peterborough,Tom Bridges,Clothing,Denim Jeans,PRD-008,6,49.99,18.0,0.05,No
TXN-01170,2023-08-30,CUST-0194,Oliver Bennett,West,Cardiff,Emily Patel,Clothing,Running Shoes,PRD-007,10,-69.99,28.0,0.0,No
TXN-01171,03-29-2023,CUST-0266,Isla McGregor,South,Oxford,Tom Bridges,Clothing,Gym T-Shirt,PRD-010,4,19.99,7.0,0.15,No
TXN-01172,05/07/2023,CUST-0370,Priya Sharma,East,Ipswich,Sarah Collins,Home & Garden,Throw Blanket,PRD-013,10,44.99,18.0,0.0,No
TXN-01173,2023-08-25,CUST-0536,Fatima Al-Rashid,North,Liverpool,Emily Patel,Electronics,Sony Headphones,PRD-002,6,149.99,75.0,0.0,No
TXN-01174,02-05-2023,CUST-0371,Oliver Bennett,East,Peterborough,James Okafor,Home & Garden,Throw Blanket,PRD-013,4,44.99,18.0,0.25,No
TXN-01175,12/10/2023,CUST-0200,,South,Brighton,Tom Bridges,Home & Garden,Scented Candle,PRD-015,3,14.99,4.5,0.0,No
TXN-01176,02-21-2023,CUST-0512,Priya Sharma,South,London,Emily Patel,Clothing,Wool Scarf,PRD-009,6,24.99,8.0,0.05,No
TXN-01177,2023-06-08,CUST-0577,,North,Liverpool,James Okafor,Clothing,Wool Scarf,PRD-009,8,24.99,8.0,0.2,No
TXN-01178,01-25-2023,CUST-0114,Fatima Al-Rashid,South,Brighton,Rachel Ng,Clothing,Wool Scarf,PRD-009,5,24.99,8.0,0.15,No
TXN-01179,19/07/2023,CUST-0563,Isla McGregor,East,Norwich,Rachel Ng,Home & Garden,Garden Fork,PRD-012,2,34.99,14.0,0.0,No
TXN-01180,2023-10-31,CUST-0164,Fatima Al-Rashid,East,Peterborough,Rachel Ng,Electronics,Apple iPad,PRD-003,8,499.99,310.0,0.15,No
TXN-01181,2023-08-25,CUST-0540,Oliver Bennett,South,Oxford,Daniel Marsh,Home & Garden,Coffee Maker,PRD-011,3,79.99,38.0,0.1,No
TXN-01182,04-22-2023,CUST-0367,Sophie Davies,East,Ipswich,Emily Patel,Electronics,Sony Headphones,PRD-002,7,149.99,75.0,0.25,No
TXN-01183,11-13-2023,CUST-0272,James Holloway,North,Sheffield,Tom Bridges,Electronics,Wireless Charger,PRD-005,4,29.99,10.0,0.25,No
TXN-01184,09-16-2023,CUST-0145,Liam Turner,South,Oxford,Tom Bridges,Clothing,Gym T-Shirt,PRD-010,7,19.99,7.0,0.2,No
TXN-01185,21/10/2023,CUST-0105,Thomas Wu,North,Liverpool,Daniel Marsh ,Electronics,Laptop Stand,PRD-004,1,49.99,18.0,0.0,No
TXN-01186,2023-06-17,CUST-0467,Isla McGregor,East,Ipswich,Emily Patel,Home & Garden,Scented Candle,PRD-015,1,14.99,4.5,0.15,No
TXN-01187,09-18-2023,CUST-0140,Grace Kim,South,Oxford,James Okafor,Clothing,Gym T-Shirt,PRD-010,8,19.99,7.0,0.05,No
TXN-01188,08-19-2023,CUST-0320,Isla McGregor,West,Cardiff,Emily Patel,home & garden,Coffee Maker,PRD-011,6,79.99,38.0,0.15,No
TXN-01189,2023-09-18,CUST-0447,Thomas Wu,SOUTH,Oxford,Tom Bridges,Clothing,Denim Jeans,PRD-008,6,49.99,18.0,0.0,No
TXN-01190,2023-05-12,CUST-0142,Noah Patel,West,Bath,Sarah Collins,Home & Garden,Plant Pot Set,PRD-014,7,29.99,11.0,0.0,No
TXN-01191,11/03/2023,CUST-0196,James Holloway,west,Bath,Emily Patel,Electronics,Apple iPad,PRD-003,7,499.99,310.0,0.1,No
TXN-01192,31/10/2023,CUST-0370,Amelia Roberts,south,Oxford,Tom Bridges,Electronics,Wireless Charger,PRD-005,2,29.99,10.0,0.1,No
TXN-01193,19/05/2023,CUST-0539,Ethan Brooks,South,Oxford,Rachel Ng,Clothing,Denim Jeans,PRD-008,10,49.99,18.0,0.0,No
TXN-01194,24/02/2023,CUST-0317,Fatima Al-Rashid,East,Cambridge,Emily Patel,Clothing,Wool Scarf,PRD-009,2,24.99,8.0,0.25,No
TXN-01195,2023-04-30,CUST-0283,Amelia Roberts,East,Norwich,James Okafor,Electronics,Wireless Charger,PRD-005,2,29.99,10.0,0.25,No
TXN-01196,2023-01-12,CUST-0198,Chloe Evans,West,Bath,Tom Bridges ,Electronics,"Samsung 55"" TV",PRD-001,10,799.99,480.0,0.0,No
TXN-01197,04/01/2023,CUST-0282,Thomas Wu,South,Southampton,Emily Patel,Electronics,"Samsung 55"" TV",PRD-001,3,799.99,480.0,0.05,No
TXN-01198,15/11/2023,CUST-0382,Priya Sharma,east,Peterborough,Daniel Marsh,Home & Garden,Scented Candle,PRD-015,4,14.99,4.5,0.0,No
TXN-01199,01/04/2023,CUST-0394,Sophie Davies,east,Cambridge,Emily Patel,clothing,Gym T-Shirt,PRD-010,8,19.99,7.0,0.0,No
TXN-01200,27/09/2023,CUST-0118,Harry Singh,North,Sheffield,James Okafor,Electronics,Sony Headphones,PRD-002,3,149.99,75.0,0.2,No
TXN-01201,20/07/2023,CUST-0404,Amelia Roberts,North,Leeds,Sarah Collins,Electronics,Laptop Stand,PRD-004,3,49.99,18.0,0.0,Yes
TXN-01202,14/01/2023,CUST-0224,James Holloway,SOUTH,Brighton,Tom Bridges,home & garden,Throw Blanket,PRD-013,8,44.99,18.0,0.25,No
TXN-01203,02-08-2023,CUST-0121,Mia Carter,South,London,James Okafor,Electronics,Sony Headphones,PRD-002,3,149.99,75.0,0.0,No
TXN-01204,2023-08-31,CUST-0513,Oliver Bennett,West,Cardiff,Sarah Collins ,Clothing,Denim Jeans,PRD-008,7,49.99,18.0,0.0,No
TXN-01205,28/10/2023,CUST-0173,Marcus Johnson,West,Cardiff,Unknown,Electronics,Apple iPad,PRD-003,3,499.99,310.0,0.0,No
TXN-01206,2023-02-18,CUST-0428,Liam Turner,North,Manchester,Rachel Ng,Home & Garden,Plant Pot Set,PRD-014,3,29.99,11.0,0.2,No
TXN-01207,2023-01-19,CUST-0376,Harry Singh,South,London,Daniel Marsh,Clothing,Winter Jacket,PRD-006,3,89.99,35.0,0.1,No
TXN-01208,11/05/2023,CUST-0246,Chloe Evans,North,Manchester,Emily Patel,Home & Garden,Coffee Maker,PRD-011,3,79.99,38.0,0.2,No
TXN-01209,2023-10-17,CUST-0218,Oliver Bennett,West,Bath,James Okafor,Clothing,Winter Jacket,PRD-006,9,89.99,35.0,0.1,No
TXN-01210,28/04/2023,CUST-0526,Liam Turner,North,Leeds,Sarah Collins,electronics,Wireless Charger,PRD-005,9,29.99,10.0,0.05,No
TXN-01211,2023-02-03,CUST-0538,,East,Ipswich,Tom Bridges,Electronics,"Samsung 55"" TV",PRD-001,4,799.99,480.0,0.2,No
TXN-01212,23/09/2023,CUST-0110,,South,Oxford,Daniel Marsh,Electronics,Apple iPad,PRD-003,6,499.99,310.0,0.0,Yes
TXN-01213,07-16-2023,CUST-0111,Oliver Bennett,South,Oxford,Tom Bridges,Electronics,"Samsung 55"" TV",PRD-001,9,799.99,480.0,0.0,No
TXN-01214,06-03-2023,CUST-0377,Liam Turner,South,Brighton,Daniel Marsh,Clothing,Gym T-Shirt,PRD-010,9,19.99,7.0,0.25,No
TXN-01215,2023-08-17,CUST-0149,Amelia Roberts,North,Liverpool,Tom Bridges,Clothing,Winter Jacket,PRD-006,1,89.99,35.0,0.1,No
TXN-01216,04-07-2023,CUST-0258,James Holloway,North,Manchester,Emily Patel,Home & Garden,Throw Blanket,PRD-013,5,44.99,18.0,0.15,No
TXN-01217,10-25-2023,CUST-0410,Isla McGregor,East,Norwich,Sarah Collins,Clothing,Denim Jeans,PRD-008,7,-49.99,18.0,0.2,No
TXN-01218,12-19-2023,CUST-0461,Oliver Bennett,East,Peterborough,Tom Bridges,Electronics,Wireless Charger,PRD-005,3,29.99,10.0,0.1,No
TXN-01219,11/03/2023,CUST-0354,Liam Turner,South,Brighton,Rachel Ng,Clothing,Running Shoes,PRD-007,7,69.99,28.0,0.0,No
TXN-01220,10-10-2023,CUST-0148,Thomas Wu,South,Southampton,Daniel Marsh,Clothing,Running Shoes,PRD-007,6,-69.99,28.0,0.25,No
TXN-01221,08-26-2023,CUST-0552,,East,Norwich,Daniel Marsh,Electronics,Apple iPad,PRD-003,6,499.99,310.0,0.0,No
TXN-01222,03-07-2023,CUST-0481,Marcus Johnson,South,Southampton,Tom Bridges,Electronics,Wireless Charger,PRD-005,4,29.99,10.0,0.0,No
TXN-01223,09/06/2023,CUST-0589,Noah Patel,west,Cardiff,Sarah Collins,Clothing,Denim Jeans,PRD-008,1,49.99,18.0,0.25,No
TXN-01224,07/07/2023,CUST-0145,James Holloway,North,Sheffield,Daniel Marsh,Electronics,Laptop Stand,PRD-004,4,49.99,18.0,0.1,No
TXN-01225,2023-12-14,CUST-0581,Fatima Al-Rashid,South,Southampton,Tom Bridges,Clothing,Gym T-Shirt,PRD-010,7,19.99,7.0,0.0,No
TXN-01226,15/11/2023,CUST-0538,Oliver Bennett,West,Cardiff,Tom Bridges,Electronics,Laptop Stand,PRD-004,7,49.99,18.0,0.15,No
TXN-01227,19/01/2023,CUST-0427,James Holloway,West,Bath,Rachel Ng,Clothing,Denim Jeans,PRD-008,8,49.99,18.0,0.25,No
TXN-01228,2023-10-08,CUST-0257,Harry Singh,North,Sheffield,Rachel Ng,Clothing,Running Shoes,PRD-007,4,69.99,28.0,0.15,No
TXN-01229,05-25-2023,CUST-0304,Noah Patel,North,Sheffield,Daniel Marsh,Clothing,Denim Jeans,PRD-008,3,49.99,18.0,0.15,Yes
TXN-01230,26/04/2023,CUST-0442,Isla McGregor,North,Manchester,Daniel Marsh,Clothing,Gym T-Shirt,PRD-010,9,19.99,7.0,0.0,Yes
TXN-01231,2023-01-23,CUST-0533,Fatima Al-Rashid,East,Cambridge,Daniel Marsh ,Home & Garden,Scented Candle,PRD-015,1,14.99,4.5,0.2,Yes
TXN-01232,2023-01-03,CUST-0480,Chloe Evans,North,Sheffield,Emily Patel,Home & Garden,Garden Fork,PRD-012,4,34.99,14.0,0.0,No
TXN-01233,15/02/2023,CUST-0590,,West,Bath,Sarah Collins,Electronics,Sony Headphones,PRD-002,2,149.99,75.0,0.25,No
TXN-01234,02-23-2023,CUST-0433,Priya Sharma,North,Leeds,Emily Patel,Clothing,Running Shoes,PRD-007,2,69.99,28.0,0.25,No
TXN-01235,2023-07-06,CUST-0425,Liam Turner,West,Cardiff,Emily Patel,Home & Garden,Coffee Maker,PRD-011,9,79.99,38.0,0.1,No
TXN-01236,12/03/2023,CUST-0367,Mia Carter,NORTH,Sheffield,James Okafor,Electronics,"Samsung 55"" TV",PRD-001,8,799.99,480.0,0.0,No
TXN-01237,09/05/2023,CUST-0166,Harry Singh,North,Liverpool,Sarah Collins,Electronics,Wireless Charger,PRD-005,9,29.99,10.0,0.0,No
TXN-01238,09/10/2023,CUST-0380,,West,Cardiff,Tom Bridges,electronics,Laptop Stand,PRD-004,0,49.99,18.0,0.0,No
TXN-01239,2023-10-27,CUST-0596,Harry Singh,East,Norwich,Sarah Collins,Clothing,Denim Jeans,PRD-008,4,49.99,18.0,0.0,No
TXN-01240,05-06-2023,CUST-0323,Fatima Al-Rashid,West,Bath,Rachel Ng,Clothing,Wool Scarf,PRD-009,1,24.99,8.0,0.2,No
TXN-01241,11-29-2023,CUST-0211,Priya Sharma,East,Cambridge,Sarah Collins,Home & Garden,Plant Pot Set,PRD-014,0,29.99,11.0,0.0,No
TXN-01242,2023-01-13,CUST-0357,,East,Cambridge,Emily Patel,Home & Garden,Coffee Maker,PRD-011,10,79.99,38.0,0.05,No
TXN-01243,24/12/2023,CUST-0343,Harry Singh,East,Peterborough,Rachel Ng,Electronics,Apple iPad,PRD-003,4,499.99,310.0,0.0,Yes
TXN-01244,04/08/2023,CUST-0550,Mia Carter,West,Cardiff,James Okafor,Home & Garden,Garden Fork,PRD-012,5,34.99,14.0,0.0,No
TXN-01245,2023-03-10,CUST-0352,Fatima Al-Rashid,South,Oxford,Sarah Collins,Electronics,Apple iPad,PRD-003,2,499.99,310.0,0.0,No
TXN-01246,09/07/2023,CUST-0251,Chloe Evans,East,Peterborough,Rachel Ng,Clothing,Wool Scarf,PRD-009,1,24.99,8.0,0.25,Yes
TXN-01247,09-30-2023,CUST-0512,Mia Carter,West,Bath,,Clothing,Wool Scarf,PRD-009,4,24.99,8.0,0.0,No
TXN-01248,28/12/2023,CUST-0137,Liam Turner,South,London,James Okafor,Clothing,Running Shoes,PRD-007,9,69.99,28.0,0.0,No
TXN-01249,18/08/2023,CUST-0364,Priya Sharma,South,Brighton,Rachel Ng,Clothing,Wool Scarf,PRD-009,9,24.99,8.0,0.2,No
TXN-01250,01/09/2023,CUST-0206,Harry Singh,West,Bristol,Tom Bridges,Clothing,Running Shoes,PRD-007,8,69.99,28.0,0.0,No
TXN-01251,10-30-2023,CUST-0234,Harry Singh,South,Brighton,James Okafor,Clothing,Wool Scarf,PRD-009,10,24.99,8.0,0.0,Yes
TXN-01252,08/08/2023,CUST-0589,Ethan Brooks,South,Southampton,Emily Patel,clothing,Winter Jacket,PRD-006,9,89.99,35.0,0.0,No
TXN-01253,2023-12-27,CUST-0535,,North,Sheffield,Tom Bridges,Home & Garden,Scented Candle,PRD-015,8,14.99,4.5,0.25,No
TXN-01254,2023-09-04,CUST-0189,Thomas Wu,South,Southampton,James Okafor,Clothing,Wool Scarf,PRD-009,3,24.99,8.0,0.25,No
TXN-01255,28/02/2023,CUST-0415,Grace Kim,North,Liverpool,Emily Patel,Clothing,Winter Jacket,PRD-006,8,89.99,35.0,0.0,No
TXN-01256,10-19-2023,CUST-0115,Chloe Evans,East,Peterborough,Rachel Ng,Electronics,"Samsung 55"" TV",PRD-001,7,799.99,480.0,0.0,No
TXN-01257,2023-04-21,CUST-0488,,NORTH,Leeds,Daniel Marsh,Clothing,Winter Jacket,PRD-006,7,89.99,35.0,0.0,No
TXN-01258,2023-10-23,CUST-0229,Harry Singh,West,Bath,Sarah Collins,home & garden,Coffee Maker,PRD-011,5,79.99,38.0,0.05,No
TXN-01259,2023-05-14,CUST-0303,Liam Turner,North,Liverpool,James Okafor,Clothing,Running Shoes,PRD-007,9,69.99,28.0,0.0,Yes
TXN-01260,2023-10-21,CUST-0376,Sophie Davies,South,Southampton,Sarah Collins,Electronics,Sony Headphones,PRD-002,3,149.99,75.0,0.25,No
TXN-01261,10-11-2023,CUST-0521,Sophie Davies,West,Bristol,Emily Patel,Home & Garden,Coffee Maker,PRD-011,3,79.99,38.0,0.2,No
TXN-01262,08-03-2023,CUST-0322,James Holloway,East,Cambridge,Rachel Ng,Home & Garden,Scented Candle,PRD-015,0,14.99,4.5,0.0,No
TXN-01263,05-02-2023,CUST-0562,Isla McGregor,West,Bath,Sarah Collins,home & garden,Coffee Maker,PRD-011,10,79.99,38.0,0.0,No
TXN-01264,07-11-2023,CUST-0134,,North,Manchester,Rachel Ng,Electronics,Sony Headphones,PRD-002,4,149.99,75.0,0.05,No
TXN-01265,2023-12-22,CUST-0537,Isla McGregor,East,Norwich,Sarah Collins,Home & Garden,Throw Blanket,PRD-013,5,44.99,18.0,0.15,Yes
TXN-01266,2023-03-04,CUST-0388,Amelia Roberts,South,Brighton,James Okafor,Clothing,Wool Scarf,PRD-009,3,24.99,8.0,0.2,Yes
TXN-01267,2023-03-15,CUST-0168,Fatima Al-Rashid,East,Norwich,James Okafor,Electronics,Apple iPad,PRD-003,10,499.99,310.0,0.2,No
TXN-01268,18/08/2023,CUST-0428,Marcus Johnson,West,Bristol,Tom Bridges,Home & Garden,Garden Fork,PRD-012,2,34.99,14.0,0.0,No
TXN-01269,03-19-2023,CUST-0586,Liam Turner,North,Leeds,Tom Bridges,Home & Garden,Plant Pot Set,PRD-014,6,29.99,11.0,0.05,No
TXN-01270,2023-06-11,CUST-0550,Noah Patel,West,Bristol,James Okafor,Home & Garden,Plant Pot Set,PRD-014,4,-29.99,11.0,0.0,No
TXN-01271,2023-06-03,CUST-0151,Fatima Al-Rashid,east,Norwich,Sarah Collins,Electronics,Apple iPad,PRD-003,1,499.99,310.0,0.15,No
TXN-01272,29/12/2023,CUST-0178,Amelia Roberts,North,Liverpool,Tom Bridges,Clothing,Denim Jeans,PRD-008,8,49.99,18.0,0.0,No
TXN-01273,2023-05-01,CUST-0394,Marcus Johnson,East,Norwich,Rachel Ng,Electronics,Wireless Charger,PRD-005,8,29.99,10.0,0.25,No
TXN-01274,09-27-2023,CUST-0357,Grace Kim,West,Exeter,Rachel Ng,Electronics,Wireless Charger,PRD-005,5,29.99,10.0,0.2,No
TXN-01275,05/07/2023,CUST-0164,Sophie Davies,South,Brighton,Emily Patel,Home & Garden,Garden Fork,PRD-012,7,-34.99,14.0,0.0,No
TXN-01276,28/03/2023,CUST-0373,Harry Singh,South,Southampton,Daniel Marsh,Home & Garden,Scented Candle,PRD-015,3,14.99,4.5,0.0,No
TXN-01277,2023-11-01,CUST-0247,Sophie Davies,West,Bath,James Okafor,Clothing,Winter Jacket,PRD-006,2,89.99,35.0,0.0,No
TXN-01278,2023-08-09,CUST-0523,Grace Kim,North,Liverpool,Tom Bridges,Home & Garden,Garden Fork,PRD-012,7,-34.99,14.0,0.2,No
TXN-01279,2023-08-26,CUST-0190,Isla McGregor,SOUTH,London,Sarah Collins,home & garden,Coffee Maker,PRD-011,10,79.99,38.0,0.05,No
TXN-01280,29/01/2023,CUST-0243,Chloe Evans,North,Leeds,Tom Bridges,home & garden,Coffee Maker,PRD-011,9,79.99,38.0,0.0,No
TXN-01281,08-06-2023,CUST-0238,Ethan Brooks,West,Bath,Emily Patel,Home & Garden,Throw Blanket,PRD-013,1,44.99,18.0,0.0,No
TXN-01282,19/07/2023,CUST-0170,Fatima Al-Rashid,South,London,James Okafor,Electronics,"Samsung 55"" TV",PRD-001,1,799.99,480.0,0.1,No
TXN-01283,2023-12-21,CUST-0570,Chloe Evans,East,Ipswich,Sarah Collins,Electronics,Laptop Stand,PRD-004,8,49.99,18.0,0.2,No
TXN-01284,11-14-2023,CUST-0110,Mia Carter,East,Cambridge,Rachel Ng,Clothing,Winter Jacket,PRD-006,8,89.99,35.0,0.15,No
TXN-01285,2023-06-21,CUST-0212,Chloe Evans,South,Brighton,Sarah Collins,Clothing,Wool Scarf,PRD-009,5,24.99,8.0,0.1,No
TXN-01286,05-24-2023,CUST-0314,Priya Sharma,West,Bath,Rachel Ng,Electronics,Apple iPad,PRD-003,9,499.99,310.0,0.15,No
TXN-01287,2023-03-31,CUST-0260,Noah Patel,West,Bath,Daniel Marsh,Electronics,"Samsung 55"" TV",PRD-001,10,799.99,480.0,0.15,No
TXN-01288,18/02/2023,CUST-0125,Chloe Evans,West,Cardiff,Emily Patel,home & garden,Coffee Maker,PRD-011,10,79.99,38.0,0.05,No
TXN-01289,2023-08-28,CUST-0312,Chloe Evans,South,Southampton,Emily Patel,Electronics,Laptop Stand,PRD-004,2,49.99,18.0,0.25,No
TXN-01290,20/08/2023,CUST-0580,,West,Bath,Rachel Ng,Electronics,Apple iPad,PRD-003,2,499.99,310.0,0.15,No
TXN-01291,2023-06-22,CUST-0485,Priya Sharma,South,London,Sarah Collins,Clothing,Wool Scarf,PRD-009,9,-24.99,8.0,0.2,No
TXN-01292,2023-10-08,CUST-0518,Fatima Al-Rashid,South,Oxford,Emily Patel,Home & Garden,Garden Fork,PRD-012,1,34.99,14.0,0.2,No
TXN-01293,12-13-2023,CUST-0320,Liam Turner,South,Oxford,Tom Bridges,Clothing,Denim Jeans,PRD-008,2,49.99,18.0,0.0,No
TXN-01294,01-12-2023,CUST-0508,Liam Turner,North,Leeds,Rachel Ng,Clothing,Running Shoes,PRD-007,9,69.99,28.0,0.25,No
TXN-01295,2023-04-06,CUST-0115,Marcus Johnson,East,Cambridge,Sarah Collins,Electronics,Wireless Charger,PRD-005,7,29.99,10.0,0.0,No
TXN-01296,12-11-2023,CUST-0528,Oliver Bennett,North,Leeds,Rachel Ng,Home & Garden,Coffee Maker,PRD-011,8,79.99,38.0,0.05,No
TXN-01297,09/11/2023,CUST-0316,Isla McGregor,South,Brighton,Tom Bridges,Electronics,Sony Headphones,PRD-002,8,149.99,75.0,0.0,Yes
TXN-01298,2023-08-19,CUST-0157,Chloe Evans,South,Southampton,Unknown,Electronics,Sony Headphones,PRD-002,6,149.99,75.0,0.1,No
TXN-01299,2023-12-04,CUST-0239,Noah Patel,West,Bristol,Rachel Ng,Home & Garden,Coffee Maker,PRD-011,6,79.99,38.0,0.1,No
TXN-01300,11-27-2023,CUST-0213,Liam Turner,North,Manchester,Tom Bridges,Electronics,Wireless Charger,PRD-005,1,29.99,10.0,0.2,No
TXN-01301,07-31-2023,CUST-0158,Thomas Wu,North,Sheffield,Rachel Ng,Home & Garden,Scented Candle,PRD-015,2,-14.99,4.5,0.15,No
TXN-01302,06-03-2023,CUST-0312,Isla McGregor,east,Cambridge,Sarah Collins,home & garden,Coffee Maker,PRD-011,8,79.99,38.0,0.0,No
TXN-01303,08-03-2023,CUST-0423,Oliver Bennett,East,Norwich,Daniel Marsh,Clothing,Gym T-Shirt,PRD-010,10,19.99,7.0,0.15,No
TXN-01304,2023-11-16,CUST-0168,Amelia Roberts,North,Manchester,Daniel Marsh,Clothing,Running Shoes,PRD-007,0,69.99,28.0,0.2,Yes
TXN-01305,2023-01-04,CUST-0367,Mia Carter,west,Bath,James Okafor,Clothing,Running Shoes,PRD-007,6,69.99,28.0,0.2,No
TXN-01306,10/10/2023,CUST-0286,Sophie Davies,SOUTH,Brighton,Emily Patel,Clothing,Gym T-Shirt,PRD-010,1,19.99,7.0,0.0,No
TXN-01307,30/06/2023,CUST-0556,Priya Sharma,West,Bristol,James Okafor,Home & Garden,Coffee Maker,PRD-011,3,79.99,38.0,0.1,No
TXN-01308,02/03/2023,CUST-0523,Thomas Wu,South,Oxford,Emily Patel,Electronics,Laptop Stand,PRD-004,6,49.99,18.0,0.1,No
TXN-01309,05-26-2023,CUST-0337,Chloe Evans,West,Cardiff,Rachel Ng,Home & Garden,Garden Fork,PRD-012,4,34.99,14.0,0.0,No
TXN-01310,06/01/2023,CUST-0592,Thomas Wu,North,Sheffield,Rachel Ng,Home & Garden,Garden Fork,PRD-012,1,34.99,14.0,0.1,No
TXN-01311,06-14-2023,CUST-0475,Marcus Johnson,West,Bath,Rachel Ng,Electronics,Apple iPad,PRD-003,7,499.99,310.0,0.0,No
TXN-01312,01-26-2023,CUST-0226,Sophie Davies,West,Bath,Rachel Ng,Home & Garden,Scented Candle,PRD-015,3,14.99,4.5,0.15,No
TXN-01313,2023-06-02,CUST-0102,Isla McGregor,East,Cambridge,Sarah Collins,Home & Garden,Garden Fork,PRD-012,10,34.99,14.0,0.0,Yes
TXN-01314,04-15-2023,CUST-0211,James Holloway,West,Cardiff,Rachel Ng,Electronics,Apple iPad,PRD-003,4,499.99,310.0,0.0,No
TXN-01315,11-14-2023,CUST-0251,Liam Turner,West,Bath,james okafor,Home & Garden,Plant Pot Set,PRD-014,5,29.99,11.0,0.0,No
TXN-01316,03-06-2023,CUST-0233,Harry Singh,south,Brighton,Emily Patel,Electronics,Laptop Stand,PRD-004,7,49.99,18.0,0.2,No
TXN-01317,2023-09-03,CUST-0369,Liam Turner,North,Sheffield,Tom Bridges,Electronics,Apple iPad,PRD-003,4,499.99,310.0,0.0,No
TXN-01318,2023-02-19,CUST-0438,Harry Singh,East,Norwich,Emily Patel,Clothing,Winter Jacket,PRD-006,3,89.99,35.0,0.15,No
TXN-01319,22/12/2023,CUST-0191,Thomas Wu,North,Liverpool,James Okafor,Electronics,Apple iPad,PRD-003,1,499.99,310.0,0.05,No
TXN-01320,2023-08-09,CUST-0100,Mia Carter,North,Liverpool,James Okafor,Electronics,Sony Headphones,PRD-002,5,149.99,75.0,0.1,No
TXN-01321,12-19-2023,CUST-0502,Priya Sharma,West,Bath,James Okafor,Clothing,Winter Jacket,PRD-006,8,89.99,35.0,0.2,No
TXN-01322,06-27-2023,CUST-0281,Grace Kim,east,Cambridge,Rachel Ng,Electronics,Laptop Stand,PRD-004,4,49.99,18.0,0.1,No
TXN-01323,2023-01-02,CUST-0124,Mia Carter,North,Manchester,Emily Patel,Clothing,Gym T-Shirt,PRD-010,7,19.99,7.0,0.15,No
TXN-01324,2023-12-15,CUST-0191,James Holloway,east,Norwich,Daniel Marsh,Clothing,Denim Jeans,PRD-008,1,49.99,18.0,0.05,No
TXN-01325,08-16-2023,CUST-0480,,West,Cardiff,Daniel Marsh,Electronics,Wireless Charger,PRD-005,9,29.99,10.0,0.2,No
TXN-01326,2023-03-09,CUST-0221,Chloe Evans,North,Sheffield,James Okafor,Clothing,Wool Scarf,PRD-009,5,24.99,8.0,0.2,No
TXN-01327,2023-11-02,CUST-0385,Priya Sharma,North,Liverpool,Emily Patel,Electronics,Wireless Charger,PRD-005,1,29.99,10.0,0.2,No
TXN-01328,19/02/2023,CUST-0515,Fatima Al-Rashid,North,Manchester,Rachel Ng,Electronics,Apple iPad,PRD-003,4,499.99,310.0,0.0,No
TXN-01329,10/01/2023,CUST-0444,Thomas Wu,East,Norwich,Emily Patel,Clothing,Winter Jacket,PRD-006,2,89.99,35.0,0.2,No
TXN-01330,2023-11-24,CUST-0372,Thomas Wu,South,Oxford,daniel marsh,Clothing,Denim Jeans,PRD-008,5,49.99,18.0,0.25,Yes
TXN-01331,09/03/2023,CUST-0511,Chloe Evans,North,Manchester,Emily Patel,Electronics,Wireless Charger,PRD-005,6,29.99,10.0,0.05,No
TXN-01332,07-18-2023,CUST-0564,Marcus Johnson,South,Oxford,Sarah Collins,Electronics,Laptop Stand,PRD-004,2,-49.99,18.0,0.1,No
TXN-01333,01-05-2023,CUST-0431,Noah Patel,west,Bath,james okafor,Electronics,"Samsung 55"" TV",PRD-001,6,799.99,480.0,0.0,No
TXN-01334,07-09-2023,CUST-0180,Ethan Brooks,north,Manchester,Rachel Ng,electronics,Sony Headphones,PRD-002,1,149.99,75.0,0.0,No
TXN-01335,28/06/2023,CUST-0168,Ethan Brooks,West,Exeter,James Okafor,Home & Garden,Garden Fork,PRD-012,7,34.99,14.0,0.0,No
TXN-01336,2023-09-21,CUST-0246,Amelia Roberts,East,Ipswich,Emily Patel,Home & Garden,Coffee Maker,PRD-011,6,79.99,38.0,0.1,No
TXN-01337,2023-03-22,CUST-0269,Harry Singh,North,Manchester,Daniel Marsh,Clothing,Denim Jeans,PRD-008,9,49.99,18.0,0.05,No
TXN-01338,16/01/2023,CUST-0530,Chloe Evans,East,Peterborough,Rachel Ng,Clothing,Wool Scarf,PRD-009,1,24.99,8.0,0.05,No
TXN-01339,04/02/2023,CUST-0588,James Holloway,North,Leeds,Tom Bridges,clothing,Running Shoes,PRD-007,6,69.99,28.0,0.0,Yes
TXN-01340,05-06-2023,CUST-0254,,South,London,Tom Bridges,Electronics,"Samsung 55"" TV",PRD-001,6,799.99,480.0,0.25,No
TXN-01341,06-13-2023,CUST-0569,Priya Sharma,East,Ipswich,Sarah Collins,Clothing,Denim Jeans,PRD-008,4,49.99,18.0,0.0,No
TXN-01342,2023-10-11,CUST-0269,Fatima Al-Rashid,West,Bristol,Daniel Marsh,Home & Garden,Plant Pot Set,PRD-014,7,29.99,11.0,0.1,No
TXN-01343,08-31-2023,CUST-0224,Mia Carter,South,Oxford,Emily Patel,Home & Garden,Scented Candle,PRD-015,1,14.99,4.5,0.15,No
TXN-01344,04-19-2023,CUST-0518,Mia Carter,North,Leeds,Sarah Collins,Electronics,Sony Headphones,PRD-002,1,149.99,75.0,0.15,No
TXN-01345,11-13-2023,CUST-0558,Harry Singh,South,Oxford,Emily Patel,Electronics,Sony Headphones,PRD-002,6,149.99,75.0,0.05,No
TXN-01346,18/02/2023,CUST-0193,,South,Oxford,Tom Bridges,Home & Garden,Garden Fork,PRD-012,4,34.99,14.0,0.15,No
TXN-01347,19/06/2023,CUST-0104,Mia Carter,north,Leeds,James Okafor,Clothing,Denim Jeans,PRD-008,8,49.99,18.0,0.0,No
TXN-01348,2023-01-16,CUST-0382,Fatima Al-Rashid,North,Sheffield,Daniel Marsh,clothing,Wool Scarf,PRD-009,6,24.99,8.0,0.2,Yes
TXN-01349,09-17-2023,CUST-0580,,West,Cardiff,James Okafor,Electronics,Laptop Stand,PRD-004,3,49.99,18.0,0.0,No
TXN-01350,03-28-2023,CUST-0117,Liam Turner,North,Liverpool,Emily Patel,Electronics,Laptop Stand,PRD-004,1,49.99,18.0,0.05,No
TXN-01351,2023-09-17,CUST-0544,Grace Kim,East,Ipswich,Sarah Collins,Electronics,Apple iPad,PRD-003,1,499.99,310.0,0.0,No
TXN-01352,21/11/2023,CUST-0512,Grace Kim,West,Cardiff,Emily Patel,Electronics,Laptop Stand,PRD-004,3,49.99,18.0,0.0,No
TXN-01353,10-22-2023,CUST-0457,Mia Carter,East,Norwich,Emily Patel,Clothing,Wool Scarf,PRD-009,10,24.99,8.0,0.05,No
TXN-01354,15/03/2023,CUST-0459,Marcus Johnson,East,Norwich,Emily Patel,Home & Garden,Coffee Maker,PRD-011,0,79.99,38.0,0.15,No
TXN-01355,2023-12-05,CUST-0578,Oliver Bennett,West,Cardiff,James Okafor,Home & Garden,Plant Pot Set,PRD-014,2,29.99,11.0,0.0,No
TXN-01356,12/09/2023,CUST-0170,Isla McGregor,East,Ipswich,James Okafor,Electronics,Sony Headphones,PRD-002,8,149.99,75.0,0.2,No
TXN-01357,30/01/2023,CUST-0429,Mia Carter,South,Brighton,Emily Patel,Clothing,Wool Scarf,PRD-009,2,24.99,8.0,0.0,No
TXN-01358,2023-07-20,CUST-0406,Noah Patel,east,Peterborough,Daniel Marsh,Home & Garden,Throw Blanket,PRD-013,10,44.99,18.0,0.15,No
TXN-01359,01-26-2023,CUST-0203,Fatima Al-Rashid,East,Peterborough,Rachel Ng,Clothing,Gym T-Shirt,PRD-010,4,19.99,7.0,0.0,No
TXN-01360,19/06/2023,CUST-0359,Noah Patel,North,Leeds,Tom Bridges,Clothing,Winter Jacket,PRD-006,7,89.99,35.0,0.15,No
TXN-01361,2023-09-29,CUST-0366,Chloe Evans,West,Exeter,Tom Bridges,Electronics,Laptop Stand,PRD-004,5,-49.99,18.0,0.0,No
TXN-01362,2023-06-01,CUST-0494,Mia Carter,East,Ipswich,Sarah Collins,Clothing,Winter Jacket,PRD-006,3,89.99,35.0,0.0,No
TXN-01363,2023-01-11,CUST-0473,,South,Brighton,James Okafor,Home & Garden,Coffee Maker,PRD-011,9,79.99,38.0,0.05,No
TXN-01364,01-16-2023,CUST-0376,Amelia Roberts,West,Exeter,Emily Patel,Electronics,Laptop Stand,PRD-004,1,49.99,18.0,0.0,No
TXN-01365,11/03/2023,CUST-0558,Mia Carter,East,Cambridge,Emily Patel,Electronics,Laptop Stand,PRD-004,2,49.99,18.0,0.25,No
TXN-01366,06-03-2023,CUST-0485,Mia Carter,East,Ipswich,Sarah Collins,Clothing,Gym T-Shirt,PRD-010,1,19.99,7.0,0.1,No
TXN-01367,03-17-2023,CUST-0467,Noah Patel,North,Liverpool,Daniel Marsh,Electronics,"Samsung 55"" TV",PRD-001,6,799.99,480.0,0.0,Yes
TXN-01368,2023-04-27,CUST-0532,Priya Sharma,North,Manchester,Emily Patel,Home & Garden,Garden Fork,PRD-012,6,34.99,14.0,0.1,No
TXN-01369,2023-04-14,CUST-0565,Sophie Davies,West,Bath,Emily Patel,Clothing,Denim Jeans,PRD-008,2,49.99,18.0,0.1,No
TXN-01370,26/11/2023,CUST-0597,James Holloway,South,Southampton,Daniel Marsh,Clothing,Denim Jeans,PRD-008,2,49.99,18.0,0.2,No
TXN-01371,12-03-2023,CUST-0296,Marcus Johnson,West,Exeter,James Okafor,Clothing,Gym T-Shirt,PRD-010,4,19.99,7.0,0.0,No
TXN-01372,2023-08-04,CUST-0380,James Holloway,North,Manchester,Tom Bridges,Electronics,Sony Headphones,PRD-002,7,149.99,75.0,0.15,No
TXN-01373,01-19-2023,CUST-0447,Priya Sharma,South,Brighton,James Okafor,Electronics,Wireless Charger,PRD-005,10,29.99,10.0,0.0,No
TXN-01374,04/08/2023,CUST-0136,Ethan Brooks,West,Exeter,Daniel Marsh,Home & Garden,Scented Candle,PRD-015,5,14.99,4.5,0.25,No
TXN-01375,07-09-2023,CUST-0352,Isla McGregor,East,Norwich,Rachel Ng,home & garden,Plant Pot Set,PRD-014,4,29.99,11.0,0.25,Yes
TXN-01376,05-02-2023,CUST-0304,,West,Cardiff,Rachel Ng,Home & Garden,Garden Fork,PRD-012,9,34.99,14.0,0.0,No
TXN-01377,2023-09-19,CUST-0367,Fatima Al-Rashid,West,Cardiff,Sarah Collins,Home & Garden,Throw Blanket,PRD-013,2,44.99,18.0,0.0,No
TXN-01378,07-18-2023,CUST-0499,Thomas Wu,North,Liverpool,Sarah Collins,Clothing,Gym T-Shirt,PRD-010,1,19.99,7.0,0.0,No
TXN-01379,08/04/2023,CUST-0311,Amelia Roberts,South,Oxford,Daniel Marsh,Clothing,Running Shoes,PRD-007,6,69.99,28.0,0.0,No
TXN-01380,2023-12-13,CUST-0532,Ethan Brooks,East,Norwich,Tom Bridges,Home & Garden,Garden Fork,PRD-012,4,34.99,14.0,0.0,Yes
TXN-01381,2023-02-23,CUST-0288,Marcus Johnson,East,Norwich,Rachel Ng,Home & Garden,Garden Fork,PRD-012,9,34.99,14.0,0.1,Yes
TXN-01382,10-01-2023,CUST-0266,Harry Singh,EAST,Norwich,Daniel Marsh,Electronics,Sony Headphones,PRD-002,6,149.99,75.0,0.0,No
TXN-01383,08-31-2023,CUST-0362,Chloe Evans,North,Liverpool,Tom Bridges,home & garden,Garden Fork,PRD-012,4,34.99,14.0,0.1,No
TXN-01384,02/03/2023,CUST-0488,Marcus Johnson,east,Peterborough,Daniel Marsh,Clothing,Winter Jacket,PRD-006,7,89.99,35.0,0.05,No
TXN-01385,2023-10-17,CUST-0206,Thomas Wu,West,Cardiff,Rachel Ng,Home & Garden,Plant Pot Set,PRD-014,4,29.99,11.0,0.0,No
TXN-01386,2023-10-03,CUST-0277,Noah Patel,East,Ipswich,Daniel Marsh,Electronics,Apple iPad,PRD-003,2,499.99,310.0,0.2,Yes
TXN-01387,2023-11-29,CUST-0423,Isla McGregor,West,Bristol,Tom Bridges,Clothing,Wool Scarf,PRD-009,8,24.99,8.0,0.1,No
TXN-01388,2023-02-20,CUST-0136,Isla McGregor,West,Bristol,,clothing,Running Shoes,PRD-007,3,69.99,28.0,0.0,No
TXN-01389,02/10/2023,CUST-0476,Thomas Wu,East,Peterborough,Tom Bridges,Electronics,Apple iPad,PRD-003,9,499.99,310.0,0.05,No
TXN-01390,01/08/2023,CUST-0519,Marcus Johnson,East,Cambridge,James Okafor,Electronics,Laptop Stand,PRD-004,6,49.99,18.0,0.0,No
TXN-01391,03-10-2023,CUST-0168,Thomas Wu,West,Bath,Tom Bridges,electronics,Apple iPad,PRD-003,7,499.99,310.0,0.05,No
TXN-01392,2023-11-11,CUST-0108,Ethan Brooks,South,London,Sarah Collins,Electronics,Laptop Stand,PRD-004,9,49.99,18.0,0.05,No
TXN-01393,04/07/2023,CUST-0334,Harry Singh,East,Ipswich,Emily Patel,Electronics,"Samsung 55"" TV",PRD-001,10,799.99,480.0,0.0,No
TXN-01394,11-10-2023,CUST-0476,Harry Singh,East,Peterborough,Sarah Collins,Clothing,Running Shoes,PRD-007,7,69.99,28.0,0.05,No
TXN-01395,2023-01-02,CUST-0595,Liam Turner,East,Cambridge,Daniel Marsh,Home & Garden,Throw Blanket,PRD-013,2,44.99,18.0,0.1,No
TXN-01396,2023-08-29,CUST-0393,,East,Cambridge,Emily Patel,Home & Garden,Scented Candle,PRD-015,7,14.99,4.5,0.25,No
TXN-01397,29/10/2023,CUST-0500,Ethan Brooks,SOUTH,Southampton,Tom Bridges,Home & Garden,Plant Pot Set,PRD-014,5,29.99,11.0,0.05,No
TXN-01398,2023-01-31,CUST-0511,Priya Sharma,south,Southampton,Sarah Collins,Clothing,Wool Scarf,PRD-009,7,24.99,8.0,0.2,No
TXN-01399,09-06-2023,CUST-0153,James Holloway,West,Bristol,Emily Patel,Electronics,"Samsung 55"" TV",PRD-001,5,799.99,480.0,0.05,No
TXN-01400,15/03/2023,CUST-0308,James Holloway,North,Manchester,Sarah Collins,Clothing,Denim Jeans,PRD-008,7,49.99,18.0,0.1,No
TXN-01401,11-28-2023,CUST-0590,Liam Turner,South,London,Emily Patel,Electronics,Sony Headphones,PRD-002,1,149.99,75.0,0.2,Yes
TXN-01402,12/05/2023,CUST-0118,Oliver Bennett,East,Norwich,Daniel Marsh,Electronics,"Samsung 55"" TV",PRD-001,2,799.99,480.0,0.1,No
TXN-01403,04-05-2023,CUST-0544,Thomas Wu,SOUTH,Oxford,James Okafor,Home & Garden,Garden Fork,PRD-012,3,34.99,14.0,0.0,No
TXN-01404,22/09/2023,CUST-0428,Sophie Davies,SOUTH,Brighton,,Electronics,Sony Headphones,PRD-002,5,149.99,75.0,0.1,No
TXN-01405,09/11/2023,CUST-0252,Isla McGregor,North,Leeds,James Okafor,Clothing,Wool Scarf,PRD-009,5,24.99,8.0,0.15,No
TXN-01406,2023-11-17,CUST-0323,Mia Carter,West,Cardiff,Emily Patel,Clothing,Denim Jeans,PRD-008,3,49.99,18.0,0.0,No
TXN-01407,17/05/2023,CUST-0516,Oliver Bennett,East,Ipswich,James Okafor,Electronics,"Samsung 55"" TV",PRD-001,6,799.99,480.0,0.0,No
TXN-01408,23/03/2023,CUST-0212,Grace Kim,West,Exeter,James Okafor,home & garden,Plant Pot Set,PRD-014,7,29.99,11.0,0.1,No
TXN-01409,20/03/2023,CUST-0382,Amelia Roberts,West,Exeter,Tom Bridges,Clothing,Denim Jeans,PRD-008,4,49.99,18.0,0.2,No
TXN-01410,11-17-2023,CUST-0578,Marcus Johnson,South,Oxford,Tom Bridges,Electronics,Apple iPad,PRD-003,8,499.99,310.0,0.0,No
TXN-01411,10-30-2023,CUST-0175,Mia Carter,South,Brighton,Daniel Marsh,Home & Garden,Plant Pot Set,PRD-014,4,29.99,11.0,0.0,No
TXN-01412,2023-05-06,CUST-0455,James Holloway,South,London,Tom Bridges,Electronics,Wireless Charger,PRD-005,2,29.99,10.0,0.0,No
TXN-01413,2023-10-12,CUST-0383,James Holloway,West,Bath,James Okafor,Clothing,Winter Jacket,PRD-006,2,89.99,35.0,0.1,No
TXN-01414,10-24-2023,CUST-0428,Thomas Wu,West,Cardiff,Sarah Collins,Electronics,Laptop Stand,PRD-004,4,49.99,18.0,0.1,No
TXN-01415,2023-01-06,CUST-0512,Isla McGregor,South,Southampton,Emily Patel,Electronics,Sony Headphones,PRD-002,10,149.99,75.0,0.0,No
TXN-01416,08-20-2023,CUST-0335,Chloe Evans,West,Exeter,Rachel Ng,Electronics,"Samsung 55"" TV",PRD-001,3,799.99,480.0,0.2,No
TXN-01417,10-18-2023,CUST-0158,Amelia Roberts,North,Leeds,James Okafor,Home & Garden,Coffee Maker,PRD-011,7,79.99,38.0,0.0,No
TXN-01418,2023-10-01,CUST-0509,Noah Patel,East,Norwich,Sarah Collins,Electronics,Apple iPad,PRD-003,4,499.99,310.0,0.25,No
TXN-01419,05-25-2023,CUST-0305,,EAST,Norwich,,Clothing,Running Shoes,PRD-007,1,69.99,28.0,0.0,No
TXN-01420,11-14-2023,CUST-0378,Oliver Bennett,North,Manchester,Emily Patel,Electronics,"Samsung 55"" TV",PRD-001,3,799.99,480.0,0.2,No
TXN-01421,02-01-2023,CUST-0201,,North,Leeds,Sarah Collins,Electronics,Apple iPad,PRD-003,5,499.99,310.0,0.1,No
TXN-01422,2023-03-01,CUST-0459,Mia Carter,West,Bristol,Tom Bridges,Home & Garden,Scented Candle,PRD-015,7,14.99,4.5,0.0,No
TXN-01423,2023-03-03,CUST-0435,Oliver Bennett,South,London,Rachel Ng,Electronics,Apple iPad,PRD-003,8,499.99,310.0,0.0,No
TXN-01424,04-07-2023,CUST-0351,Chloe Evans,West,Exeter,Emily Patel,Clothing,Winter Jacket,PRD-006,10,89.99,35.0,0.05,No
TXN-01425,2023-05-26,CUST-0428,Grace Kim,North,Manchester,Sarah Collins,Clothing,Winter Jacket,PRD-006,7,89.99,35.0,0.0,No
TXN-01426,03-31-2023,CUST-0272,Liam Turner,North,Manchester,Emily Patel,Electronics,Laptop Stand,PRD-004,3,49.99,18.0,0.2,No
TXN-01427,2023-01-30,CUST-0299,Amelia Roberts,West,Bristol,Sarah Collins,Clothing,Winter Jacket,PRD-006,8,89.99,35.0,0.1,No
TXN-01428,2023-08-22,CUST-0194,Oliver Bennett,East,Ipswich,Tom Bridges,Home & Garden,Garden Fork,PRD-012,6,34.99,14.0,0.15,No
TXN-01429,2023-04-24,CUST-0434,Fatima Al-Rashid,West,Exeter,Tom Bridges,Clothing,Winter Jacket,PRD-006,8,89.99,35.0,0.0,No
TXN-01430,21/02/2023,CUST-0377,Noah Patel,West,Bath,James Okafor,Home & Garden,Coffee Maker,PRD-011,1,79.99,38.0,0.0,No
TXN-01431,03-31-2023,CUST-0173,Sophie Davies,South,London,Tom Bridges,Electronics,"Samsung 55"" TV",PRD-001,2,799.99,480.0,0.15,No
TXN-01432,2023-11-06,CUST-0484,Ethan Brooks,South,Southampton,Tom Bridges,Electronics,Apple iPad,PRD-003,10,499.99,310.0,0.1,Yes
TXN-01433,04/01/2023,CUST-0174,Thomas Wu,South,London,Daniel Marsh,Electronics,"Samsung 55"" TV",PRD-001,6,799.99,480.0,0.05,No
TXN-01434,2023-06-03,CUST-0137,,East,Ipswich,Tom Bridges,Electronics,Laptop Stand,PRD-004,9,-49.99,18.0,0.05,Yes
TXN-01435,2023-11-18,CUST-0309,Isla McGregor,East,Ipswich,James Okafor,Home & Garden,Garden Fork,PRD-012,9,34.99,14.0,0.0,No
TXN-01436,2023-05-09,CUST-0174,Ethan Brooks,North,Leeds,Sarah Collins,Clothing,Gym T-Shirt,PRD-010,1,19.99,7.0,0.05,No
TXN-01437,10-22-2023,CUST-0378,Sophie Davies,West,Bristol,Emily Patel,Home & Garden,Throw Blanket,PRD-013,8,44.99,18.0,0.15,No
TXN-01438,30/04/2023,CUST-0269,Amelia Roberts,North,Liverpool,Rachel Ng,Home & Garden,Garden Fork,PRD-012,9,-34.99,14.0,0.2,Yes
TXN-01439,2023-07-03,CUST-0382,,East,Norwich,Sarah Collins,Electronics,"Samsung 55"" TV",PRD-001,4,799.99,480.0,0.2,No
TXN-01440,01-05-2023,CUST-0540,Liam Turner,North,Leeds,Tom Bridges,Home & Garden,Scented Candle,PRD-015,7,14.99,4.5,0.1,No
TXN-01441,2023-06-25,CUST-0164,Liam Turner,East,Cambridge,Daniel Marsh,Clothing,Denim Jeans,PRD-008,9,49.99,18.0,0.0,No
TXN-01442,08/07/2023,CUST-0107,Sophie Davies,West,Exeter,Rachel Ng,Clothing,Gym T-Shirt,PRD-010,1,19.99,7.0,0.2,No
TXN-01443,26/09/2023,CUST-0427,Thomas Wu,North,Leeds,James Okafor,Home & Garden,Scented Candle,PRD-015,5,14.99,4.5,0.15,No
TXN-01444,14/01/2023,CUST-0180,Thomas Wu,south,Brighton,Rachel Ng,Electronics,Wireless Charger,PRD-005,10,29.99,10.0,0.0,No
TXN-01445,2023-01-17,CUST-0213,Grace Kim,North,Leeds,Sarah Collins,Electronics,Laptop Stand,PRD-004,7,49.99,18.0,0.05,Yes
TXN-01446,2023-11-13,CUST-0429,Grace Kim,North,Leeds,Rachel Ng ,Electronics,"Samsung 55"" TV",PRD-001,7,799.99,480.0,0.0,No
TXN-01447,25/12/2023,CUST-0292,Noah Patel,West,Bristol,,home & garden,Scented Candle,PRD-015,6,14.99,4.5,0.2,No
TXN-01448,03-11-2023,CUST-0472,Marcus Johnson,North,Sheffield,Emily Patel,clothing,Wool Scarf,PRD-009,10,24.99,8.0,0.0,No
TXN-01449,03-02-2023,CUST-0327,,SOUTH,Oxford,Tom Bridges,Home & Garden,Throw Blanket,PRD-013,6,44.99,18.0,0.2,No
TXN-01450,28/11/2023,CUST-0129,Mia Carter,East,Ipswich,James Okafor,Home & Garden,Coffee Maker,PRD-011,8,79.99,38.0,0.25,No
TXN-01451,02-05-2023,CUST-0130,Amelia Roberts,North,Leeds,Rachel Ng,Home & Garden,Plant Pot Set,PRD-014,9,29.99,11.0,0.0,No
TXN-01452,2023-02-06,CUST-0376,Thomas Wu,North,Liverpool,Sarah Collins,Clothing,Running Shoes,PRD-007,6,69.99,28.0,0.05,No
TXN-01453,06/05/2023,CUST-0111,,West,Exeter,Daniel Marsh,Clothing,Wool Scarf,PRD-009,2,24.99,8.0,0.0,No
TXN-01454,07-14-2023,CUST-0437,Harry Singh,East,Cambridge,Rachel Ng,Home & Garden,Garden Fork,PRD-012,4,34.99,14.0,0.0,No
TXN-01455,2023-01-22,CUST-0274,Thomas Wu,South,Oxford,Rachel Ng,Electronics,Wireless Charger,PRD-005,4,29.99,10.0,0.25,No
TXN-01456,15/03/2023,CUST-0546,Oliver Bennett,North,Manchester,Tom Bridges,Electronics,Laptop Stand,PRD-004,5,49.99,18.0,0.0,No
TXN-01457,19/09/2023,CUST-0310,Ethan Brooks,South,Southampton,Emily Patel,Electronics,Apple iPad,PRD-003,7,499.99,310.0,0.15,No
TXN-01458,17/06/2023,CUST-0396,Chloe Evans,West,Exeter,Rachel Ng,Clothing,Winter Jacket,PRD-006,5,89.99,35.0,0.2,No
TXN-01459,05-12-2023,CUST-0111,Marcus Johnson,East,Cambridge,daniel marsh,Electronics,Laptop Stand,PRD-004,8,49.99,18.0,0.0,No
TXN-01460,27/05/2023,CUST-0336,James Holloway,East,Norwich,James Okafor,Clothing,Denim Jeans,PRD-008,1,49.99,18.0,0.0,No
TXN-01461,2023-05-05,CUST-0147,Thomas Wu,West,Bath,James Okafor,Home & Garden,Coffee Maker,PRD-011,8,79.99,38.0,0.0,No
TXN-01462,24/09/2023,CUST-0308,Thomas Wu,West,Cardiff,Daniel Marsh ,clothing,Wool Scarf,PRD-009,8,24.99,8.0,0.2,No
TXN-01463,19/04/2023,CUST-0545,Marcus Johnson,south,Brighton,,Home & Garden,Throw Blanket,PRD-013,9,44.99,18.0,0.1,No
TXN-01464,11-24-2023,CUST-0205,Liam Turner,West,Bath,Sarah Collins,Home & Garden,Scented Candle,PRD-015,10,14.99,4.5,0.2,No
TXN-01465,15/11/2023,CUST-0543,Noah Patel,East,Ipswich,Tom Bridges,Home & Garden,Scented Candle,PRD-015,6,14.99,4.5,0.2,Yes
TXN-01466,2023-10-04,CUST-0466,Priya Sharma,North,Leeds,,Electronics,Apple iPad,PRD-003,5,499.99,310.0,0.2,No
TXN-01467,20/04/2023,CUST-0274,,South,London,Emily Patel,electronics,"Samsung 55"" TV",PRD-001,5,799.99,480.0,0.05,No
TXN-01468,22/09/2023,CUST-0106,Harry Singh,South,London,Emily Patel,Electronics,Laptop Stand,PRD-004,6,49.99,18.0,0.15,No
TXN-01469,09-05-2023,CUST-0152,Marcus Johnson,West,Bristol,Tom Bridges,Clothing,Winter Jacket,PRD-006,2,89.99,35.0,0.0,No
TXN-01470,2023-12-06,CUST-0297,Marcus Johnson,North,Manchester,Emily Patel,Clothing,Gym T-Shirt,PRD-010,7,19.99,7.0,0.0,No
TXN-01471,08-14-2023,CUST-0401,Liam Turner,South,Oxford,Sarah Collins,Electronics,Wireless Charger,PRD-005,4,29.99,10.0,0.15,No
TXN-01472,06-21-2023,CUST-0148,Mia Carter,South,Brighton,Emily Patel,Electronics,Wireless Charger,PRD-005,9,29.99,10.0,0.0,No
TXN-01473,02/04/2023,CUST-0180,Ethan Brooks,NORTH,Sheffield,Tom Bridges,Clothing,Running Shoes,PRD-007,1,-69.99,28.0,0.05,No
TXN-01474,01-03-2023,CUST-0318,Amelia Roberts,West,Cardiff,Emily Patel,Home & Garden,Coffee Maker,PRD-011,3,79.99,38.0,0.15,No
TXN-01475,08-22-2023,CUST-0347,Mia Carter,West,Bristol,Rachel Ng,Clothing,Winter Jacket,PRD-006,8,89.99,35.0,0.05,No
TXN-01476,2023-01-25,CUST-0564,Oliver Bennett,North,Sheffield,James Okafor,Home & Garden,Scented Candle,PRD-015,7,-14.99,4.5,0.05,Yes
TXN-01477,03-03-2023,CUST-0340,Chloe Evans,East,Ipswich,Daniel Marsh,Electronics,"Samsung 55"" TV",PRD-001,6,799.99,480.0,0.25,No
TXN-01478,10/04/2023,CUST-0293,Amelia Roberts,West,Exeter,Daniel Marsh,Clothing,Wool Scarf,PRD-009,8,24.99,8.0,0.2,No
TXN-01479,2023-10-24,CUST-0193,Oliver Bennett,EAST,Cambridge,James Okafor,Clothing,Wool Scarf,PRD-009,6,24.99,8.0,0.05,No
TXN-01480,01-20-2023,CUST-0142,Liam Turner,East,Norwich,Tom Bridges ,Clothing,Wool Scarf,PRD-009,1,24.99,8.0,0.0,No
TXN-01481,23/04/2023,CUST-0406,Marcus Johnson,NORTH,Leeds,,Electronics,Wireless Charger,PRD-005,10,29.99,10.0,0.05,No
TXN-01482,21/11/2023,CUST-0224,Chloe Evans,East,Cambridge,Emily Patel,Electronics,"Samsung 55"" TV",PRD-001,5,799.99,480.0,0.2,No
TXN-01483,05-16-2023,CUST-0258,Liam Turner,East,Cambridge,Unknown,Electronics,Laptop Stand,PRD-004,3,49.99,18.0,0.2,No
TXN-01484,2023-06-13,CUST-0441,James Holloway,South,Oxford,Daniel Marsh,electronics,"Samsung 55"" TV",PRD-001,3,799.99,480.0,0.0,No
TXN-01485,08-04-2023,CUST-0201,Liam Turner,North,Sheffield,Emily Patel,Electronics,"Samsung 55"" TV",PRD-001,7,799.99,480.0,0.05,No
TXN-01486,02/01/2023,CUST-0383,Fatima Al-Rashid,South,Brighton,Sarah Collins,electronics,"Samsung 55"" TV",PRD-001,10,799.99,480.0,0.0,No
TXN-01487,21/11/2023,CUST-0125,Amelia Roberts,North,Leeds,Emily Patel,clothing,Gym T-Shirt,PRD-010,10,19.99,7.0,0.0,No
TXN-01488,20/10/2023,CUST-0366,,West,Cardiff,Tom Bridges,Home & Garden,Coffee Maker,PRD-011,9,79.99,38.0,0.0,No
TXN-01489,01-05-2023,CUST-0208,Amelia Roberts,West,Exeter,Tom Bridges,Clothing,Running Shoes,PRD-007,2,69.99,28.0,0.0,No
TXN-01490,07-02-2023,CUST-0219,Chloe Evans,West,Cardiff,Rachel Ng,Home & Garden,Garden Fork,PRD-012,2,34.99,14.0,0.0,No
TXN-01491,2023-07-29,CUST-0371,Marcus Johnson,North,Manchester,Tom Bridges,Clothing,Winter Jacket,PRD-006,9,89.99,35.0,0.25,No
TXN-01492,10-19-2023,CUST-0322,James Holloway,West,Exeter,Sarah Collins,Home & Garden,Garden Fork,PRD-012,8,34.99,14.0,0.2,No
TXN-01493,11/03/2023,CUST-0262,Fatima Al-Rashid,South,Oxford,Sarah Collins,Clothing,Gym T-Shirt,PRD-010,10,19.99,7.0,0.0,No
TXN-01494,2023-06-12,CUST-0289,James Holloway,East,Peterborough,Tom Bridges,Clothing,Wool Scarf,PRD-009,7,-24.99,8.0,0.1,No
TXN-01495,22/07/2023,CUST-0521,Grace Kim,North,Sheffield,Sarah Collins,Electronics,Laptop Stand,PRD-004,6,49.99,18.0,0.25,Yes
TXN-01496,25/09/2023,CUST-0234,Sophie Davies,North,Liverpool,Sarah Collins,Clothing,Winter Jacket,PRD-006,0,89.99,35.0,0.15,No
TXN-01497,11-26-2023,CUST-0274,Oliver Bennett,West,Bath,Sarah Collins,home & garden,Garden Fork,PRD-012,10,-34.99,14.0,0.05,No
TXN-01498,03-02-2023,CUST-0196,Marcus Johnson,West,Bristol,Tom Bridges,Home & Garden,Coffee Maker,PRD-011,7,79.99,38.0,0.15,No
TXN-01499,2023-07-06,CUST-0316,Ethan Brooks,North,Manchester,Sarah Collins,Clothing,Winter Jacket,PRD-006,3,89.99,35.0,0.1,No
TXN-01500,2023-05-11,CUST-0561,Mia Carter,West,Exeter,Sarah Collins,Clothing,Winter Jacket,PRD-006,5,89.99,35.0,0.1,No
TXN-01501,07-01-2023,CUST-0319,Chloe Evans,West,Bath,James Okafor,Clothing,Denim Jeans,PRD-008,4,49.99,18.0,0.1,No
TXN-01502,06-03-2023,CUST-0210,Harry Singh,South,Southampton,Rachel Ng,Clothing,Running Shoes,PRD-007,6,69.99,28.0,0.2,No
TXN-01503,12-03-2023,CUST-0494,Marcus Johnson,East,Norwich,Daniel Marsh,Clothing,Wool Scarf,PRD-009,1,24.99,8.0,0.1,No
TXN-01504,25/07/2023,CUST-0405,Noah Patel,East,Peterborough,Rachel Ng,home & garden,Coffee Maker,PRD-011,5,79.99,38.0,0.15,No
TXN-01505,05-19-2023,CUST-0350,Liam Turner,South,London,Sarah Collins,Clothing,Gym T-Shirt,PRD-010,4,19.99,7.0,0.0,No
TXN-01506,2023-06-25,CUST-0456,Isla McGregor,East,Norwich,James Okafor,electronics,Sony Headphones,PRD-002,6,149.99,75.0,0.15,No
TXN-01507,14/11/2023,CUST-0522,Mia Carter,South,London,Emily Patel,Electronics,Sony Headphones,PRD-002,8,149.99,75.0,0.1,No
TXN-01508,04-04-2023,CUST-0176,Harry Singh,south,London,James Okafor,Clothing,Denim Jeans,PRD-008,3,49.99,18.0,0.2,No
TXN-01509,11-06-2023,CUST-0487,Priya Sharma,East,Norwich,Rachel Ng,Electronics,Wireless Charger,PRD-005,6,29.99,10.0,0.15,No
TXN-01510,2023-08-02,CUST-0457,,North,Sheffield,Sarah Collins,Home & Garden,Throw Blanket,PRD-013,6,44.99,18.0,0.15,No
TXN-01511,06/08/2023,CUST-0291,Sophie Davies,West,Bristol,Tom Bridges,Electronics,Laptop Stand,PRD-004,2,49.99,18.0,0.0,No
TXN-01512,2023-05-04,CUST-0392,Chloe Evans,North,Liverpool,Sarah Collins,Home & Garden,Plant Pot Set,PRD-014,7,-29.99,11.0,0.0,Yes
TXN-01513,12-13-2023,CUST-0376,Thomas Wu,South,Southampton,Sarah Collins,Clothing,Denim Jeans,PRD-008,6,49.99,18.0,0.0,No
TXN-01514,2023-01-30,CUST-0436,Thomas Wu,West,Bristol,James Okafor,Electronics,Sony Headphones,PRD-002,9,149.99,75.0,0.0,No
TXN-01515,15/08/2023,CUST-0167,Grace Kim,East,Cambridge,Tom Bridges,Electronics,Sony Headphones,PRD-002,9,149.99,75.0,0.0,No
TXN-01516,11/11/2023,CUST-0431,Chloe Evans,West,Bristol,Sarah Collins,Clothing,Denim Jeans,PRD-008,5,49.99,18.0,0.05,No
TXN-01517,11/12/2023,CUST-0308,Fatima Al-Rashid,South,London,Sarah Collins,Electronics,Wireless Charger,PRD-005,8,29.99,10.0,0.25,No
TXN-01518,2023-11-13,CUST-0474,Amelia Roberts,South,Southampton,Sarah Collins,Electronics,Wireless Charger,PRD-005,2,29.99,10.0,0.2,No
TXN-01519,01/01/2023,CUST-0363,Mia Carter,south,Oxford,Rachel Ng,Clothing,Wool Scarf,PRD-009,7,24.99,8.0,0.25,No
TXN-01520,14/10/2023,CUST-0430,Amelia Roberts,East,Norwich,Emily Patel,Electronics,Apple iPad,PRD-003,1,499.99,310.0,0.0,No
TXN-01521,01-05-2023,CUST-0498,,North,Sheffield,Daniel Marsh,Electronics,Apple iPad,PRD-003,9,499.99,310.0,0.2,No
TXN-01522,2023-08-17,CUST-0224,Thomas Wu,South,Oxford,Daniel Marsh,home & garden,Garden Fork,PRD-012,4,34.99,14.0,0.2,Yes
TXN-01523,2023-03-30,CUST-0380,Amelia Roberts,NORTH,Manchester,James Okafor,clothing,Gym T-Shirt,PRD-010,5,19.99,7.0,0.0,No
TXN-01524,05-06-2023,CUST-0441,Mia Carter,South,London,Daniel Marsh,Electronics,Laptop Stand,PRD-004,4,49.99,18.0,0.2,No
TXN-01525,26/01/2023,CUST-0141,Fatima Al-Rashid,West,Bath,Daniel Marsh,Home & Garden,Plant Pot Set,PRD-014,7,29.99,11.0,0.25,No
TXN-01526,2023-10-27,CUST-0290,Fatima Al-Rashid,North,Liverpool,James Okafor,Clothing,Winter Jacket,PRD-006,9,89.99,35.0,0.15,Yes
TXN-01527,2023-02-10,CUST-0195,Mia Carter,East,Ipswich,Emily Patel,Clothing,Wool Scarf,PRD-009,3,24.99,8.0,0.2,No
TXN-01528,08-14-2023,CUST-0305,Harry Singh,West,Bristol,Daniel Marsh,Home & Garden,Garden Fork,PRD-012,7,34.99,14.0,0.05,No
TXN-01529,08/12/2023,CUST-0473,Isla McGregor,South,Southampton,Emily Patel,Clothing,Gym T-Shirt,PRD-010,9,19.99,7.0,0.25,Yes
TXN-01530,03-31-2023,CUST-0313,Isla McGregor,North,Liverpool,Tom Bridges,Clothing,Running Shoes,PRD-007,1,69.99,28.0,0.1,No
TXN-01531,07-13-2023,CUST-0530,Liam Turner,North,Sheffield,Rachel Ng,Home & Garden,Scented Candle,PRD-015,7,14.99,4.5,0.05,No
TXN-01532,04-27-2023,CUST-0571,Harry Singh,West,Bath,Sarah Collins,Home & Garden,Garden Fork,PRD-012,1,34.99,14.0,0.0,No
TXN-01533,2023-05-16,CUST-0214,Priya Sharma,North,Leeds,Daniel Marsh,Home & Garden,Scented Candle,PRD-015,2,14.99,4.5,0.0,No
TXN-01534,12-23-2023,CUST-0144,Ethan Brooks,West,Cardiff,Rachel Ng,Home & Garden,Garden Fork,PRD-012,9,34.99,14.0,0.0,No
TXN-01535,2023-03-24,CUST-0407,,West,Bath,Emily Patel,Home & Garden,Scented Candle,PRD-015,5,14.99,4.5,0.25,No
TXN-01536,2023-08-10,CUST-0581,James Holloway,North,Manchester,Emily Patel,Clothing,Wool Scarf,PRD-009,6,24.99,8.0,0.0,No
TXN-01537,2023-08-01,CUST-0280,Sophie Davies,West,Exeter,Tom Bridges,Electronics,Sony Headphones,PRD-002,2,149.99,75.0,0.0,No
TXN-01538,07-20-2023,CUST-0397,Priya Sharma,West,Bath,James Okafor,Home & Garden,Coffee Maker,PRD-011,10,79.99,38.0,0.05,No
TXN-01539,2023-08-04,CUST-0299,Marcus Johnson,South,London,James Okafor,Electronics,Laptop Stand,PRD-004,8,49.99,18.0,0.15,No
TXN-01540,2023-09-15,CUST-0290,Liam Turner,SOUTH,Southampton,,Clothing,Winter Jacket,PRD-006,4,89.99,35.0,0.25,No
TXN-01541,2023-06-25,CUST-0423,Liam Turner,East,Cambridge,Daniel Marsh,Home & Garden,Coffee Maker,PRD-011,3,79.99,38.0,0.25,No
TXN-01542,2023-12-28,CUST-0154,Sophie Davies,West,Bristol,Rachel Ng,Electronics,"Samsung 55"" TV",PRD-001,5,799.99,480.0,0.25,No
TXN-01543,10/06/2023,CUST-0228,Fatima Al-Rashid,West,Bristol,Daniel Marsh,Electronics,Apple iPad,PRD-003,6,499.99,310.0,0.1,No
TXN-01544,03-11-2023,CUST-0285,Ethan Brooks,South,Brighton,Sarah Collins,Clothing,Gym T-Shirt,PRD-010,6,19.99,7.0,0.0,No
TXN-01545,03/08/2023,CUST-0433,Oliver Bennett,East,Norwich,Rachel Ng,Home & Garden,Garden Fork,PRD-012,2,34.99,14.0,0.25,No
TXN-01546,2023-06-06,CUST-0105,Sophie Davies,north,Leeds,Rachel Ng,Clothing,Wool Scarf,PRD-009,3,24.99,8.0,0.0,No
TXN-01547,02-18-2023,CUST-0322,James Holloway,South,Southampton,Sarah Collins,Home & Garden,Garden Fork,PRD-012,1,34.99,14.0,0.2,No
TXN-01548,01-04-2023,CUST-0243,Grace Kim,North,Sheffield,Emily Patel,Clothing,Gym T-Shirt,PRD-010,5,19.99,7.0,0.0,No
TXN-01549,22/02/2023,CUST-0413,Isla McGregor,East,Ipswich,Daniel Marsh,Electronics,Wireless Charger,PRD-005,7,29.99,10.0,0.0,No
TXN-01550,2023-07-17,CUST-0360,Sophie Davies,West,Bristol,James Okafor,Clothing,Running Shoes,PRD-007,5,69.99,28.0,0.15,No
TXN-01551,10-26-2023,CUST-0295,Chloe Evans,north,Sheffield,Tom Bridges,Clothing,Gym T-Shirt,PRD-010,10,19.99,7.0,0.0,No
TXN-01552,2023-11-15,CUST-0500,James Holloway,West,Cardiff,Rachel Ng,Electronics,"Samsung 55"" TV",PRD-001,10,799.99,480.0,0.1,No
TXN-01553,2023-05-12,CUST-0375,Amelia Roberts,East,Cambridge,emily patel,Home & Garden,Garden Fork,PRD-012,5,34.99,14.0,0.2,No
TXN-01554,11/10/2023,CUST-0387,Thomas Wu,West,Bath,Tom Bridges,Clothing,Gym T-Shirt,PRD-010,7,19.99,7.0,0.15,No
TXN-01555,05-08-2023,CUST-0531,James Holloway,EAST,Cambridge,Emily Patel,Electronics,Apple iPad,PRD-003,3,499.99,310.0,0.15,No
TXN-01556,10-31-2023,CUST-0367,Priya Sharma,West,Bath,Emily Patel,Clothing,Wool Scarf,PRD-009,7,24.99,8.0,0.15,No
TXN-01557,2023-08-22,CUST-0375,Noah Patel,East,Peterborough,James Okafor,Clothing,Gym T-Shirt,PRD-010,7,19.99,7.0,0.2,No
TXN-01558,26/09/2023,CUST-0142,Marcus Johnson,West,Bath,Daniel Marsh,home & garden,Plant Pot Set,PRD-014,10,29.99,11.0,0.0,No
TXN-01559,09-09-2023,CUST-0110,Harry Singh,West,Bath,Tom Bridges,Clothing,Denim Jeans,PRD-008,1,49.99,18.0,0.15,No
TXN-01560,27/11/2023,CUST-0574,James Holloway,East,Cambridge,James Okafor,Electronics,Apple iPad,PRD-003,10,499.99,310.0,0.2,No
TXN-01561,05/03/2023,CUST-0185,Ethan Brooks,West,Cardiff,Tom Bridges,Electronics,Apple iPad,PRD-003,3,499.99,310.0,0.2,No
TXN-01562,19/11/2023,CUST-0525,Oliver Bennett,North,Sheffield,Sarah Collins,Home & Garden,Scented Candle,PRD-015,6,14.99,4.5,0.25,No
TXN-01563,2023-02-10,CUST-0468,James Holloway,South,Southampton,Rachel Ng,Home & Garden,Scented Candle,PRD-015,1,14.99,4.5,0.2,No
TXN-01564,2023-09-01,CUST-0335,Harry Singh,West,Bath,Rachel Ng,Home & Garden,Coffee Maker,PRD-011,5,79.99,38.0,0.15,No
TXN-01565,2023-04-30,CUST-0499,Amelia Roberts,South,Oxford,Unknown,Home & Garden,Throw Blanket,PRD-013,5,44.99,18.0,0.1,No
TXN-01566,25/08/2023,CUST-0328,Grace Kim,North,Leeds,James Okafor,Clothing,Winter Jacket,PRD-006,8,89.99,35.0,0.0,No
TXN-01567,17/12/2023,CUST-0495,Noah Patel,West,Bath,James Okafor,Clothing,Denim Jeans,PRD-008,1,49.99,18.0,0.25,No
TXN-01568,2023-05-25,CUST-0338,Mia Carter,South,Southampton,James Okafor,Electronics,Laptop Stand,PRD-004,5,49.99,18.0,0.0,No
TXN-01569,01-31-2023,CUST-0341,Marcus Johnson,East,Norwich,Tom Bridges,Clothing,Gym T-Shirt,PRD-010,8,19.99,7.0,0.15,No
TXN-01570,05-06-2023,CUST-0248,Liam Turner,North,Manchester,Rachel Ng,home & garden,Plant Pot Set,PRD-014,6,29.99,11.0,0.2,No
TXN-01571,14/05/2023,CUST-0443,Priya Sharma,East,Peterborough,Emily Patel,Electronics,Sony Headphones,PRD-002,7,149.99,75.0,0.2,No
TXN-01572,2023-06-10,CUST-0390,Harry Singh,North,Manchester,Unknown,Clothing,Denim Jeans,PRD-008,7,49.99,18.0,0.0,No
TXN-01573,19/09/2023,CUST-0317,Chloe Evans,North,Sheffield,Rachel Ng,Clothing,Denim Jeans,PRD-008,7,49.99,18.0,0.2,No
TXN-01574,11-04-2023,CUST-0168,Liam Turner,North,Liverpool,Daniel Marsh,Clothing,Wool Scarf,PRD-009,0,24.99,8.0,0.0,No
TXN-01575,2023-12-15,CUST-0261,Mia Carter,east,Ipswich,Daniel Marsh,Electronics,"Samsung 55"" TV",PRD-001,3,799.99,480.0,0.0,No
TXN-01576,10/05/2023,CUST-0544,Oliver Bennett,West,Cardiff,Sarah Collins,clothing,Winter Jacket,PRD-006,9,89.99,35.0,0.2,No
TXN-01577,16/09/2023,CUST-0547,Amelia Roberts,East,Peterborough,Emily Patel,electronics,Apple iPad,PRD-003,0,499.99,310.0,0.1,No
TXN-01578,2023-07-07,CUST-0148,Marcus Johnson,South,London,Rachel Ng,Home & Garden,Plant Pot Set,PRD-014,7,29.99,11.0,0.1,No
TXN-01579,2023-12-22,CUST-0375,Sophie Davies,SOUTH,Southampton,James Okafor,Clothing,Gym T-Shirt,PRD-010,2,19.99,7.0,0.15,No
TXN-01580,19/06/2023,CUST-0569,Harry Singh,West,Exeter,Emily Patel,home & garden,Scented Candle,PRD-015,9,14.99,4.5,0.1,No
TXN-01581,2023-01-29,CUST-0380,Priya Sharma,North,Sheffield,Rachel Ng,Home & Garden,Coffee Maker,PRD-011,10,79.99,38.0,0.05,No
TXN-01582,01-27-2023,CUST-0337,Amelia Roberts,North,Liverpool,James Okafor,Home & Garden,Garden Fork,PRD-012,5,34.99,14.0,0.0,No
TXN-01583,2023-01-28,CUST-0428,Marcus Johnson,North,Sheffield,James Okafor,Electronics,"Samsung 55"" TV",PRD-001,5,799.99,480.0,0.2,No
TXN-01584,11-11-2023,CUST-0554,Grace Kim,East,Cambridge,Sarah Collins,clothing,Wool Scarf,PRD-009,9,24.99,8.0,0.0,Yes
TXN-01585,11-02-2023,CUST-0385,Sophie Davies,East,Ipswich,Emily Patel,Home & Garden,Plant Pot Set,PRD-014,4,29.99,11.0,0.1,No
TXN-01586,12-20-2023,CUST-0483,Harry Singh,North,Sheffield,Emily Patel,Clothing,Winter Jacket,PRD-006,10,-89.99,35.0,0.0,No
TXN-01587,07-02-2023,CUST-0142,Mia Carter,north,Leeds,Daniel Marsh,Home & Garden,Scented Candle,PRD-015,3,14.99,4.5,0.2,No
TXN-01588,06/01/2023,CUST-0462,James Holloway,West,Bath,Rachel Ng,Clothing,Winter Jacket,PRD-006,9,89.99,35.0,0.05,No
TXN-01589,14/10/2023,CUST-0438,Noah Patel,South,Southampton,Tom Bridges,Electronics,Laptop Stand,PRD-004,1,49.99,18.0,0.05,No
TXN-01590,2023-12-28,CUST-0269,James Holloway,West,Exeter,James Okafor,Electronics,Apple iPad,PRD-003,2,499.99,310.0,0.1,No
TXN-01591,12-21-2023,CUST-0344,Harry Singh,WEST,Bristol,Emily Patel,Electronics,Sony Headphones,PRD-002,5,149.99,75.0,0.0,No
TXN-01592,2023-08-09,CUST-0561,Grace Kim,east,Ipswich,Sarah Collins,Home & Garden,Throw Blanket,PRD-013,7,44.99,18.0,0.2,Yes
TXN-01593,07-19-2023,CUST-0524,Marcus Johnson,South,Oxford,Rachel Ng,Home & Garden,Plant Pot Set,PRD-014,6,29.99,11.0,0.2,No
TXN-01594,02-10-2023,CUST-0241,Ethan Brooks,North,Leeds,James Okafor,Electronics,"Samsung 55"" TV",PRD-001,4,-799.99,480.0,0.2,No
TXN-01595,10-29-2023,CUST-0391,Oliver Bennett,North,Manchester,James Okafor,Home & Garden,Scented Candle,PRD-015,10,14.99,4.5,0.15,No
TXN-01596,2023-04-24,CUST-0210,Liam Turner,North,Manchester,Emily Patel,Clothing,Running Shoes,PRD-007,10,69.99,28.0,0.15,No
TXN-01597,03-23-2023,CUST-0185,Sophie Davies,West,Exeter,Rachel Ng,Clothing,Gym T-Shirt,PRD-010,7,19.99,7.0,0.15,No
TXN-01598,06/09/2023,CUST-0472,Chloe Evans,South,London,Sarah Collins,Electronics,Sony Headphones,PRD-002,1,149.99,75.0,0.2,No
TXN-01599,11/02/2023,CUST-0218,Marcus Johnson,West,Bath,Emily Patel,Home & Garden,Throw Blanket,PRD-013,5,44.99,18.0,0.15,No
TXN-01600,2023-12-17,CUST-0461,Harry Singh,East,Ipswich,Rachel Ng,Home & Garden,Plant Pot Set,PRD-014,5,29.99,11.0,0.25,No
TXN-01601,07-03-2023,CUST-0262,,West,Bristol,Daniel Marsh,Home & Garden,Plant Pot Set,PRD-014,5,29.99,11.0,0.15,No
TXN-01602,2023-07-22,CUST-0518,Fatima Al-Rashid,West,Bristol,Rachel Ng,Home & Garden,Garden Fork,PRD-012,1,34.99,14.0,0.0,No
TXN-01603,03/09/2023,CUST-0495,Sophie Davies,NORTH,Liverpool,Daniel Marsh,Electronics,Sony Headphones,PRD-002,3,149.99,75.0,0.1,No
TXN-01604,2023-06-20,CUST-0383,,West,Exeter,Tom Bridges,Electronics,Wireless Charger,PRD-005,1,-29.99,10.0,0.1,No
TXN-01605,01-21-2023,CUST-0399,Harry Singh,West,Exeter,Rachel Ng,Home & Garden,Throw Blanket,PRD-013,6,44.99,18.0,0.1,No
TXN-01606,11-16-2023,CUST-0573,Isla McGregor,West,Exeter,Daniel Marsh,Clothing,Running Shoes,PRD-007,8,69.99,28.0,0.0,No
TXN-01607,11-29-2023,CUST-0551,Liam Turner,North,Leeds,Daniel Marsh,Clothing,Running Shoes,PRD-007,9,69.99,28.0,0.15,No
TXN-01608,23/07/2023,CUST-0211,Grace Kim,South,London,Daniel Marsh,Clothing,Gym T-Shirt,PRD-010,3,19.99,7.0,0.0,No
TXN-01609,22/08/2023,CUST-0391,Oliver Bennett,East,Peterborough,Sarah Collins,Home & Garden,Coffee Maker,PRD-011,8,79.99,38.0,0.15,No
TXN-01610,09-24-2023,CUST-0241,Sophie Davies,East,Cambridge,Rachel Ng,Clothing,Denim Jeans,PRD-008,10,49.99,18.0,0.0,No
TXN-01611,10/11/2023,CUST-0109,Isla McGregor,South,Southampton,Daniel Marsh,Clothing,Wool Scarf,PRD-009,6,24.99,8.0,0.2,Yes
TXN-01612,2023-11-10,CUST-0172,Noah Patel,South,Southampton,James Okafor,Clothing,Wool Scarf,PRD-009,2,24.99,8.0,0.15,No
TXN-01613,25/08/2023,CUST-0163,Noah Patel,West,Cardiff,Emily Patel,Clothing,Gym T-Shirt,PRD-010,8,19.99,7.0,0.25,Yes
TXN-01614,2023-02-23,CUST-0356,Noah Patel,South,Southampton,James Okafor,Home & Garden,Scented Candle,PRD-015,8,14.99,4.5,0.0,No
TXN-01615,06-28-2023,CUST-0174,Grace Kim,East,Peterborough,Emily Patel,Home & Garden,Throw Blanket,PRD-013,8,44.99,18.0,0.05,No
TXN-01616,11-18-2023,CUST-0559,Noah Patel,North,Sheffield,Tom Bridges,Clothing,Denim Jeans,PRD-008,9,49.99,18.0,0.0,No
TXN-01617,11-21-2023,CUST-0513,Ethan Brooks,North,Liverpool,James Okafor,Home & Garden,Throw Blanket,PRD-013,8,44.99,18.0,0.0,No
TXN-01618,13/09/2023,CUST-0121,Marcus Johnson,North,Liverpool,Daniel Marsh,Home & Garden,Garden Fork,PRD-012,5,34.99,14.0,0.0,No
TXN-01619,08-13-2023,CUST-0437,Fatima Al-Rashid,East,Peterborough,Sarah Collins,Electronics,Laptop Stand,PRD-004,2,49.99,18.0,0.0,No
TXN-01620,2023-12-27,CUST-0260,Harry Singh,North,Liverpool,Rachel Ng,Clothing,Wool Scarf,PRD-009,9,24.99,8.0,0.2,No
TXN-01621,07-08-2023,CUST-0504,Amelia Roberts,North,Sheffield,Rachel Ng,Electronics,Wireless Charger,PRD-005,7,29.99,10.0,0.25,No
TXN-01622,04-10-2023,CUST-0510,Fatima Al-Rashid,East,Peterborough,Sarah Collins,Clothing,Gym T-Shirt,PRD-010,9,19.99,7.0,0.05,No
TXN-01623,2023-08-15,CUST-0260,Chloe Evans,north,Manchester,Rachel Ng,Clothing,Denim Jeans,PRD-008,10,49.99,18.0,0.05,No
TXN-01624,2023-07-19,CUST-0286,Thomas Wu,East,Norwich,James Okafor,home & garden,Coffee Maker,PRD-011,8,79.99,38.0,0.05,No
TXN-01625,08-08-2023,CUST-0359,Harry Singh,South,Southampton,James Okafor,Home & Garden,Plant Pot Set,PRD-014,10,29.99,11.0,0.1,No
TXN-01626,06-20-2023,CUST-0350,Thomas Wu,north,Leeds,James Okafor,electronics,Sony Headphones,PRD-002,6,149.99,75.0,0.0,No
TXN-01627,2023-09-24,CUST-0246,Fatima Al-Rashid,East,Ipswich,Tom Bridges,Home & Garden,Plant Pot Set,PRD-014,6,29.99,11.0,0.05,No
TXN-01628,08-08-2023,CUST-0453,Ethan Brooks,EAST,Peterborough,James Okafor,Electronics,Sony Headphones,PRD-002,1,149.99,75.0,0.05,No
TXN-01629,2023-01-31,CUST-0201,Noah Patel,East,Ipswich,Tom Bridges,Clothing,Running Shoes,PRD-007,3,69.99,28.0,0.0,No
TXN-01630,08-04-2023,CUST-0564,James Holloway,North,Leeds,Rachel Ng,clothing,Winter Jacket,PRD-006,9,89.99,35.0,0.25,No
TXN-01631,2023-09-13,CUST-0313,Fatima Al-Rashid,West,Cardiff,Tom Bridges,Home & Garden,Coffee Maker,PRD-011,8,79.99,38.0,0.2,Yes
TXN-01632,25/07/2023,CUST-0532,Liam Turner,North,Liverpool,Rachel Ng ,Electronics,Wireless Charger,PRD-005,4,29.99,10.0,0.0,No
TXN-01633,10-17-2023,CUST-0391,,West,Bristol,Rachel Ng,clothing,Running Shoes,PRD-007,10,69.99,28.0,0.0,No
TXN-01634,07-23-2023,CUST-0386,Marcus Johnson,West,Cardiff,Emily Patel,Home & Garden,Scented Candle,PRD-015,8,14.99,4.5,0.0,No
TXN-01635,29/03/2023,CUST-0170,Liam Turner,South,Oxford,Sarah Collins,Electronics,Apple iPad,PRD-003,4,499.99,310.0,0.0,No
TXN-01636,12/04/2023,CUST-0531,Amelia Roberts,North,Manchester,Tom Bridges,Electronics,Wireless Charger,PRD-005,8,29.99,10.0,0.15,No
TXN-01637,10/05/2023,CUST-0143,Liam Turner,South,Southampton,James Okafor,Home & Garden,Coffee Maker,PRD-011,7,79.99,38.0,0.15,No
TXN-01638,10-17-2023,CUST-0269,Mia Carter,South,Southampton,Unknown,Home & Garden,Coffee Maker,PRD-011,2,79.99,38.0,0.0,No
TXN-01639,21/10/2023,CUST-0564,,North,Sheffield,Rachel Ng,Clothing,Winter Jacket,PRD-006,8,89.99,35.0,0.0,No
TXN-01640,26/07/2023,CUST-0159,Ethan Brooks,North,Liverpool,Sarah Collins,Clothing,Running Shoes,PRD-007,9,69.99,28.0,0.15,No
TXN-01641,2023-04-26,CUST-0221,,West,Bath,Sarah Collins ,Electronics,Wireless Charger,PRD-005,8,29.99,10.0,0.05,No
TXN-01642,28/10/2023,CUST-0559,Priya Sharma,East,Peterborough,Daniel Marsh,Home & Garden,Plant Pot Set,PRD-014,0,29.99,11.0,0.15,No
TXN-01643,10-24-2023,CUST-0398,Grace Kim,West,Cardiff,Sarah Collins,Clothing,Denim Jeans,PRD-008,5,49.99,18.0,0.0,No
TXN-01644,2023-08-25,CUST-0480,Liam Turner,East,Peterborough,Sarah Collins,Electronics,Wireless Charger,PRD-005,8,29.99,10.0,0.2,No
TXN-01645,2023-08-02,CUST-0450,Grace Kim,West,Bath,Daniel Marsh,Clothing,Denim Jeans,PRD-008,1,49.99,18.0,0.05,No
TXN-01646,22/08/2023,CUST-0541,Ethan Brooks,West,Cardiff,Daniel Marsh,clothing,Gym T-Shirt,PRD-010,3,19.99,7.0,0.2,No
TXN-01647,29/01/2023,CUST-0572,Oliver Bennett,East,Cambridge,Rachel Ng,Clothing,Running Shoes,PRD-007,8,69.99,28.0,0.25,No
TXN-01648,2023-03-15,CUST-0582,Priya Sharma,South,London,James Okafor,Clothing,Winter Jacket,PRD-006,7,89.99,35.0,0.0,No
TXN-01649,08/04/2023,CUST-0413,Thomas Wu,South,Oxford,Sarah Collins,Home & Garden,Plant Pot Set,PRD-014,10,29.99,11.0,0.1,Yes
TXN-01650,05-10-2023,CUST-0502,Noah Patel,West,Bath,Emily Patel,Home & Garden,Garden Fork,PRD-012,9,34.99,14.0,0.15,Yes
TXN-01651,2023-06-15,CUST-0173,James Holloway,East,Peterborough,Emily Patel,Electronics,Wireless Charger,PRD-005,1,29.99,10.0,0.1,No
TXN-01652,2023-03-28,CUST-0217,Thomas Wu,West,Exeter,James Okafor,Electronics,Laptop Stand,PRD-004,9,49.99,18.0,0.25,No
TXN-01653,04/10/2023,CUST-0497,Thomas Wu,South,Oxford,Sarah Collins,Electronics,Apple iPad,PRD-003,9,499.99,310.0,0.2,No
TXN-01654,08/06/2023,CUST-0342,Harry Singh,West,Bath,James Okafor,home & garden,Garden Fork,PRD-012,5,34.99,14.0,0.15,No
TXN-01655,2023-12-17,CUST-0369,Liam Turner,North,Leeds,James Okafor,Home & Garden,Coffee Maker,PRD-011,8,-79.99,38.0,0.0,Yes
TXN-01656,2023-11-14,CUST-0303,Mia Carter,South,Brighton,Daniel Marsh,Home & Garden,Coffee Maker,PRD-011,2,79.99,38.0,0.25,No
TXN-01657,04-28-2023,CUST-0229,Priya Sharma,NORTH,Liverpool,Tom Bridges,Clothing,Winter Jacket,PRD-006,2,89.99,35.0,0.15,No
TXN-01658,2023-08-07,CUST-0303,James Holloway,WEST,Exeter,Daniel Marsh,Electronics,Wireless Charger,PRD-005,6,29.99,10.0,0.25,No
TXN-01659,2023-01-04,CUST-0460,Ethan Brooks,North,Sheffield,Tom Bridges,Electronics,Laptop Stand,PRD-004,8,49.99,18.0,0.0,No
TXN-01660,2023-03-06,CUST-0534,Grace Kim,east,Peterborough,Tom Bridges,Clothing,Winter Jacket,PRD-006,10,89.99,35.0,0.0,Yes
TXN-01661,2023-06-15,CUST-0374,Grace Kim,South,Oxford,Sarah Collins,Home & Garden,Garden Fork,PRD-012,8,34.99,14.0,0.15,No
TXN-01662,04/04/2023,CUST-0539,Isla McGregor,North,Leeds,Rachel Ng,Electronics,Sony Headphones,PRD-002,1,149.99,75.0,0.25,No
TXN-01663,2023-08-19,CUST-0587,Mia Carter,West,Bath,James Okafor,Clothing,Gym T-Shirt,PRD-010,9,19.99,7.0,0.05,No
TXN-01664,05/07/2023,CUST-0353,Harry Singh,West,Bath,Tom Bridges,Clothing,Denim Jeans,PRD-008,4,49.99,18.0,0.15,No
TXN-01665,2023-06-01,CUST-0431,,North,Liverpool,Daniel Marsh,Electronics,"Samsung 55"" TV",PRD-001,3,799.99,480.0,0.0,No
TXN-01666,27/07/2023,CUST-0312,Sophie Davies,East,Peterborough,Sarah Collins,home & garden,Throw Blanket,PRD-013,1,44.99,18.0,0.0,No
TXN-01667,02-21-2023,CUST-0572,Priya Sharma,South,Southampton,Rachel Ng,Electronics,Wireless Charger,PRD-005,4,29.99,10.0,0.0,No
TXN-01668,01-06-2023,CUST-0543,James Holloway,East,Cambridge,Sarah Collins,Electronics,Sony Headphones,PRD-002,3,149.99,75.0,0.2,No
TXN-01669,12/11/2023,CUST-0375,Liam Turner,North,Leeds,Rachel Ng,Electronics,Wireless Charger,PRD-005,9,29.99,10.0,0.1,No
TXN-01670,01/05/2023,CUST-0183,Ethan Brooks,West,Bath,Tom Bridges,Electronics,Sony Headphones,PRD-002,10,149.99,75.0,0.0,No
TXN-01671,08-20-2023,CUST-0430,Thomas Wu,east,Cambridge,Rachel Ng,home & garden,Coffee Maker,PRD-011,7,79.99,38.0,0.1,No
TXN-01672,10/08/2023,CUST-0470,Priya Sharma,West,Exeter,Emily Patel,Electronics,Apple iPad,PRD-003,3,499.99,310.0,0.05,No
TXN-01673,19/12/2023,CUST-0478,Sophie Davies,East,Ipswich,Rachel Ng,Electronics,Sony Headphones,PRD-002,10,149.99,75.0,0.2,No
TXN-01674,2023-01-26,CUST-0274,Marcus Johnson,South,Brighton,Emily Patel,Electronics,Wireless Charger,PRD-005,2,29.99,10.0,0.05,No
TXN-01675,2023-06-15,CUST-0223,Priya Sharma,South,London,James Okafor,Clothing,Winter Jacket,PRD-006,10,89.99,35.0,0.15,No
TXN-01676,11-21-2023,CUST-0400,Noah Patel,west,Cardiff,Emily Patel,Electronics,"Samsung 55"" TV",PRD-001,6,799.99,480.0,0.15,Yes
TXN-01677,09/03/2023,CUST-0516,Oliver Bennett,North,Leeds,Daniel Marsh,Home & Garden,Throw Blanket,PRD-013,7,44.99,18.0,0.1,No
TXN-01678,02-05-2023,CUST-0258,Noah Patel,South,London,Tom Bridges,Electronics,Sony Headphones,PRD-002,6,149.99,75.0,0.0,No
TXN-01679,2023-08-09,CUST-0242,James Holloway,West,Bath,Emily Patel,Electronics,Laptop Stand,PRD-004,7,49.99,18.0,0.05,No
TXN-01680,22/01/2023,CUST-0323,Liam Turner,West,Bristol,Daniel Marsh,Home & Garden,Plant Pot Set,PRD-014,4,29.99,11.0,0.15,Yes
TXN-01681,2023-10-31,CUST-0567,Priya Sharma,SOUTH,Southampton,Daniel Marsh,Home & Garden,Coffee Maker,PRD-011,5,79.99,38.0,0.05,No
TXN-01682,24/05/2023,CUST-0375,Priya Sharma,NORTH,Liverpool,Daniel Marsh,Electronics,Wireless Charger,PRD-005,3,29.99,10.0,0.25,No
TXN-01683,06-29-2023,CUST-0315,Priya Sharma,North,Leeds,Rachel Ng,Clothing,Wool Scarf,PRD-009,9,24.99,8.0,0.15,No
TXN-01684,01-01-2023,CUST-0179,Sophie Davies,North,Liverpool,Emily Patel,Home & Garden,Garden Fork,PRD-012,7,34.99,14.0,0.25,No
TXN-01685,26/01/2023,CUST-0464,Amelia Roberts,North,Sheffield,Tom Bridges,Electronics,Apple iPad,PRD-003,7,-499.99,310.0,0.1,No
TXN-01686,11/08/2023,CUST-0346,Priya Sharma,West,Exeter,Sarah Collins,Clothing,Gym T-Shirt,PRD-010,9,19.99,7.0,0.05,No
TXN-01687,17/04/2023,CUST-0507,Harry Singh,West,Bristol,Rachel Ng,Clothing,Winter Jacket,PRD-006,7,89.99,35.0,0.1,No
TXN-01688,03/05/2023,CUST-0319,Marcus Johnson,South,London,rachel ng,Electronics,Sony Headphones,PRD-002,1,149.99,75.0,0.0,No
TXN-01689,2023-12-11,CUST-0290,Mia Carter,West,Cardiff,Sarah Collins,Electronics,Wireless Charger,PRD-005,8,29.99,10.0,0.0,No
TXN-01690,12-07-2023,CUST-0402,Priya Sharma,North,Leeds,Emily Patel,Electronics,Apple iPad,PRD-003,6,-499.99,310.0,0.15,No
TXN-01691,05-08-2023,CUST-0508,Isla McGregor,South,Oxford,Tom Bridges,Electronics,Laptop Stand,PRD-004,3,49.99,18.0,0.1,Yes
TXN-01692,24/02/2023,CUST-0454,Noah Patel,South,London,,Clothing,Running Shoes,PRD-007,10,69.99,28.0,0.1,Yes
TXN-01693,06-17-2023,CUST-0174,Ethan Brooks,West,Exeter,Tom Bridges,Electronics,Laptop Stand,PRD-004,4,49.99,18.0,0.15,No
TXN-01694,07-08-2023,CUST-0284,,west,Cardiff,Unknown,clothing,Wool Scarf,PRD-009,8,24.99,8.0,0.25,No
TXN-01695,04-22-2023,CUST-0377,Sophie Davies,North,Manchester,Rachel Ng,Electronics,Wireless Charger,PRD-005,1,29.99,10.0,0.15,Yes
TXN-01696,05/06/2023,CUST-0413,Isla McGregor,South,Southampton,Emily Patel,home & garden,Scented Candle,PRD-015,7,14.99,4.5,0.05,No
TXN-01697,2023-02-07,CUST-0253,Amelia Roberts,south,Southampton,Daniel Marsh,Clothing,Wool Scarf,PRD-009,4,24.99,8.0,0.0,No
TXN-01698,09-14-2023,CUST-0112,Oliver Bennett,North,Liverpool,Daniel Marsh,Home & Garden,Throw Blanket,PRD-013,2,44.99,18.0,0.05,No
TXN-01699,2023-01-24,CUST-0497,Oliver Bennett,North,Leeds,Daniel Marsh,Clothing,Gym T-Shirt,PRD-010,3,19.99,7.0,0.1,No
TXN-01700,06-11-2023,CUST-0457,Sophie Davies,east,Cambridge,Sarah Collins,Electronics,Wireless Charger,PRD-005,2,-29.99,10.0,0.1,No
TXN-01701,2023-09-27,CUST-0332,Ethan Brooks,North,Manchester,Emily Patel,Electronics,Laptop Stand,PRD-004,1,49.99,18.0,0.1,No
TXN-01702,2023-05-18,CUST-0237,Ethan Brooks,north,Sheffield,Emily Patel,Clothing,Wool Scarf,PRD-009,3,24.99,8.0,0.0,No
TXN-01703,2023-02-15,CUST-0462,Isla McGregor,South,Oxford,Emily Patel,Home & Garden,Scented Candle,PRD-015,8,14.99,4.5,0.0,No
TXN-01704,2023-05-04,CUST-0123,Harry Singh,West,Bristol,Sarah Collins,Electronics,Laptop Stand,PRD-004,8,49.99,18.0,0.15,No
TXN-01705,08-26-2023,CUST-0325,Harry Singh,NORTH,Sheffield,Emily Patel,Electronics,Sony Headphones,PRD-002,7,149.99,75.0,0.0,Yes
TXN-01706,22/08/2023,CUST-0513,Priya Sharma,East,Peterborough,Daniel Marsh,Home & Garden,Scented Candle,PRD-015,5,14.99,4.5,0.0,No
TXN-01707,2023-09-28,CUST-0578,,North,Liverpool,Tom Bridges,Electronics,Apple iPad,PRD-003,10,499.99,310.0,0.1,No
TXN-01708,06-21-2023,CUST-0246,Grace Kim,North,Manchester,Tom Bridges,Home & Garden,Coffee Maker,PRD-011,1,79.99,38.0,0.1,No
TXN-01709,04-19-2023,CUST-0155,James Holloway,West,Cardiff,James Okafor,Home & Garden,Scented Candle,PRD-015,7,14.99,4.5,0.15,No
TXN-01710,28/11/2023,CUST-0297,Mia Carter,South,London,Sarah Collins,Home & Garden,Scented Candle,PRD-015,3,14.99,4.5,0.2,No
TXN-01711,27/09/2023,CUST-0505,Grace Kim,South,Oxford,James Okafor,Clothing,Running Shoes,PRD-007,5,69.99,28.0,0.25,No
TXN-01712,2023-10-23,CUST-0573,Noah Patel,East,Cambridge,Rachel Ng,Clothing,Wool Scarf,PRD-009,9,24.99,8.0,0.25,Yes
TXN-01713,2023-07-18,CUST-0411,Fatima Al-Rashid,North,Liverpool,Rachel Ng,Electronics,Apple iPad,PRD-003,6,499.99,310.0,0.0,No
TXN-01714,2023-09-06,CUST-0421,Grace Kim,east,Ipswich,Emily Patel,Clothing,Gym T-Shirt,PRD-010,9,-19.99,7.0,0.25,No
TXN-01715,2023-06-18,CUST-0285,Priya Sharma,South,Brighton,Emily Patel,Clothing,Winter Jacket,PRD-006,9,89.99,35.0,0.2,No
TXN-01716,05-10-2023,CUST-0335,Noah Patel,South,London,,Electronics,"Samsung 55"" TV",PRD-001,2,799.99,480.0,0.15,No
TXN-01717,2023-09-02,CUST-0451,Harry Singh,North,Manchester,Unknown,Home & Garden,Scented Candle,PRD-015,5,14.99,4.5,0.2,No
TXN-01718,2023-03-06,CUST-0471,Thomas Wu,South,Brighton,Sarah Collins ,Home & Garden,Plant Pot Set,PRD-014,4,29.99,11.0,0.2,No
TXN-01719,2023-03-21,CUST-0599,James Holloway,South,London,Tom Bridges,Electronics,Laptop Stand,PRD-004,5,49.99,18.0,0.0,No
TXN-01720,2023-01-08,CUST-0533,Noah Patel,West,Bristol,Daniel Marsh,Home & Garden,Scented Candle,PRD-015,4,14.99,4.5,0.15,Yes
TXN-01721,07-14-2023,CUST-0332,Sophie Davies,South,London,Daniel Marsh,Electronics,Apple iPad,PRD-003,3,499.99,310.0,0.0,No
TXN-01722,05-08-2023,CUST-0232,Noah Patel,South,Southampton,Rachel Ng,Home & Garden,Garden Fork,PRD-012,3,34.99,14.0,0.15,No
TXN-01723,2023-09-03,CUST-0112,Mia Carter,West,Bath,Rachel Ng,electronics,Sony Headphones,PRD-002,4,149.99,75.0,0.0,No
TXN-01724,2023-12-19,CUST-0572,Fatima Al-Rashid,East,Ipswich,Rachel Ng,home & garden,Plant Pot Set,PRD-014,3,29.99,11.0,0.25,Yes
TXN-01725,2023-10-02,CUST-0265,Oliver Bennett,North,Sheffield,Tom Bridges,Clothing,Wool Scarf,PRD-009,3,24.99,8.0,0.2,No
TXN-01726,24/10/2023,CUST-0525,Mia Carter,South,Southampton,Daniel Marsh,Home & Garden,Plant Pot Set,PRD-014,4,29.99,11.0,0.25,No
TXN-01727,17/03/2023,CUST-0211,Chloe Evans,east,Ipswich,Daniel Marsh,Home & Garden,Coffee Maker,PRD-011,8,79.99,38.0,0.05,No
TXN-01728,01-17-2023,CUST-0121,Amelia Roberts,West,Bath,Tom Bridges,Electronics,Wireless Charger,PRD-005,5,29.99,10.0,0.0,Yes
TXN-01729,08-30-2023,CUST-0156,,South,Brighton,Daniel Marsh,Home & Garden,Scented Candle,PRD-015,8,14.99,4.5,0.05,No
TXN-01730,09/10/2023,CUST-0132,James Holloway,SOUTH,Brighton,Daniel Marsh,Clothing,Denim Jeans,PRD-008,0,49.99,18.0,0.15,No
TXN-01731,12-17-2023,CUST-0267,Oliver Bennett,South,Southampton,Unknown,Clothing,Wool Scarf,PRD-009,4,24.99,8.0,0.2,No
TXN-01732,2023-08-03,CUST-0124,,NORTH,Manchester,Sarah Collins,Home & Garden,Scented Candle,PRD-015,5,14.99,4.5,0.0,No
TXN-01733,2023-10-22,CUST-0333,Marcus Johnson,West,Cardiff,Unknown,Electronics,Sony Headphones,PRD-002,5,149.99,75.0,0.0,No
TXN-01734,2023-01-05,CUST-0528,Isla McGregor,West,Cardiff,,Clothing,Running Shoes,PRD-007,2,69.99,28.0,0.2,No
TXN-01735,05-29-2023,CUST-0115,Isla McGregor,South,Southampton,Emily Patel,clothing,Winter Jacket,PRD-006,7,89.99,35.0,0.0,No
TXN-01736,2023-07-03,CUST-0166,Fatima Al-Rashid,East,Norwich,Emily Patel,Electronics,Apple iPad,PRD-003,3,499.99,310.0,0.2,Yes
TXN-01737,03-10-2023,CUST-0457,Sophie Davies,East,Peterborough,Rachel Ng,Home & Garden,Garden Fork,PRD-012,2,34.99,14.0,0.15,No
TXN-01738,2023-12-13,CUST-0307,Liam Turner,North,Leeds,Tom Bridges,Home & Garden,Throw Blanket,PRD-013,5,44.99,18.0,0.0,No
TXN-01739,2023-01-21,CUST-0382,Harry Singh,east,Norwich,Sarah Collins,Electronics,Apple iPad,PRD-003,9,499.99,310.0,0.2,No
TXN-01740,2023-03-09,CUST-0378,Isla McGregor,North,Sheffield,Rachel Ng,electronics,Apple iPad,PRD-003,9,499.99,310.0,0.0,No
TXN-01741,11-03-2023,CUST-0326,Mia Carter,South,Southampton,Daniel Marsh,Home & Garden,Scented Candle,PRD-015,3,14.99,4.5,0.0,No
TXN-01742,14/02/2023,CUST-0266,Fatima Al-Rashid,North,Leeds,Tom Bridges,Home & Garden,Throw Blanket,PRD-013,6,44.99,18.0,0.25,No
TXN-01743,2023-02-01,CUST-0463,Harry Singh,North,Sheffield,Rachel Ng,Electronics,"Samsung 55"" TV",PRD-001,6,799.99,480.0,0.0,No
TXN-01744,05-07-2023,CUST-0299,Fatima Al-Rashid,South,Oxford,Daniel Marsh,Electronics,Wireless Charger,PRD-005,9,-29.99,10.0,0.05,No
TXN-01745,20/09/2023,CUST-0365,Thomas Wu,West,Cardiff,Tom Bridges,Clothing,Winter Jacket,PRD-006,4,89.99,35.0,0.05,No
TXN-01746,03/01/2023,CUST-0391,,West,Bristol,Rachel Ng,Clothing,Gym T-Shirt,PRD-010,8,19.99,7.0,0.2,No
TXN-01747,2023-02-26,CUST-0545,Noah Patel,South,Southampton,Rachel Ng,Home & Garden,Throw Blanket,PRD-013,5,44.99,18.0,0.15,No
TXN-01748,01-16-2023,CUST-0390,Harry Singh,West,Cardiff,Daniel Marsh,Clothing,Denim Jeans,PRD-008,5,49.99,18.0,0.05,No
TXN-01749,08-19-2023,CUST-0319,Liam Turner,East,Cambridge,Rachel Ng,Home & Garden,Scented Candle,PRD-015,1,14.99,4.5,0.25,No
TXN-01750,30/01/2023,CUST-0119,Marcus Johnson,South,Oxford,Emily Patel,home & garden,Plant Pot Set,PRD-014,9,29.99,11.0,0.1,No
TXN-01751,2023-03-18,CUST-0211,Sophie Davies,North,Liverpool,Tom Bridges,Electronics,Sony Headphones,PRD-002,0,149.99,75.0,0.0,No
TXN-01752,03-12-2023,CUST-0472,Oliver Bennett,South,Southampton,Unknown,Clothing,Gym T-Shirt,PRD-010,6,19.99,7.0,0.0,No
TXN-01753,06/05/2023,CUST-0127,Thomas Wu,West,Cardiff,Tom Bridges,Home & Garden,Throw Blanket,PRD-013,2,44.99,18.0,0.1,No
TXN-01754,2023-01-19,CUST-0121,Thomas Wu,West,Exeter,Tom Bridges,Clothing,Gym T-Shirt,PRD-010,4,19.99,7.0,0.15,No
TXN-01755,12-06-2023,CUST-0181,Amelia Roberts,West,Exeter,Sarah Collins,Clothing,Denim Jeans,PRD-008,10,49.99,18.0,0.1,No
TXN-01756,12-02-2023,CUST-0545,Amelia Roberts,North,Leeds,Tom Bridges,Electronics,Apple iPad,PRD-003,1,499.99,310.0,0.25,No
TXN-01757,2023-07-28,CUST-0270,,North,Sheffield,Emily Patel,Home & Garden,Coffee Maker,PRD-011,5,79.99,38.0,0.15,No
TXN-01758,05-15-2023,CUST-0198,Priya Sharma,East,Peterborough,Tom Bridges,Home & Garden,Throw Blanket,PRD-013,4,44.99,18.0,0.05,No
TXN-01759,2023-12-13,CUST-0388,Liam Turner,west,Cardiff,Tom Bridges,Home & Garden,Garden Fork,PRD-012,7,34.99,14.0,0.0,No
TXN-01760,23/08/2023,CUST-0206,Priya Sharma,West,Bristol,Tom Bridges,clothing,Winter Jacket,PRD-006,6,89.99,35.0,0.0,No
TXN-01761,11-29-2023,CUST-0479,Harry Singh,West,Bristol,Tom Bridges,Electronics,Sony Headphones,PRD-002,4,149.99,75.0,0.05,No
TXN-01762,2023-05-24,CUST-0219,Ethan Brooks,South,Southampton,,Electronics,Laptop Stand,PRD-004,1,49.99,18.0,0.0,No
TXN-01763,03-23-2023,CUST-0131,Thomas Wu,West,Exeter,Emily Patel,Clothing,Gym T-Shirt,PRD-010,9,19.99,7.0,0.25,No
TXN-01764,09/09/2023,CUST-0170,Noah Patel,North,Leeds,Tom Bridges,home & garden,Throw Blanket,PRD-013,5,44.99,18.0,0.2,No
TXN-01765,22/04/2023,CUST-0275,Ethan Brooks,North,Liverpool,Daniel Marsh,Home & Garden,Throw Blanket,PRD-013,8,44.99,18.0,0.0,No
TXN-01766,2023-08-11,CUST-0544,,West,Bath,Tom Bridges,Home & Garden,Plant Pot Set,PRD-014,1,29.99,11.0,0.1,No
TXN-01767,2023-05-12,CUST-0451,Harry Singh,South,Oxford,James Okafor,Electronics,"Samsung 55"" TV",PRD-001,10,799.99,480.0,0.0,No
TXN-01768,13/07/2023,CUST-0506,Harry Singh,WEST,Cardiff,Tom Bridges,Home & Garden,Coffee Maker,PRD-011,6,79.99,38.0,0.2,No
TXN-01769,12/02/2023,CUST-0291,Noah Patel,West,Exeter,daniel marsh,Home & Garden,Coffee Maker,PRD-011,3,79.99,38.0,0.1,No
TXN-01770,2023-07-07,CUST-0348,Fatima Al-Rashid,north,Sheffield,rachel ng,Electronics,"Samsung 55"" TV",PRD-001,8,799.99,480.0,0.0,No
TXN-01771,08-20-2023,CUST-0474,Harry Singh,North,Manchester,Daniel Marsh,Clothing,Winter Jacket,PRD-006,5,89.99,35.0,0.05,No
TXN-01772,09-12-2023,CUST-0446,Fatima Al-Rashid,South,Southampton,Tom Bridges,Electronics,"Samsung 55"" TV",PRD-001,2,799.99,480.0,0.0,Yes
TXN-01773,14/11/2023,CUST-0106,Sophie Davies,east,Norwich,Emily Patel ,Home & Garden,Plant Pot Set,PRD-014,3,29.99,11.0,0.05,Yes
TXN-01774,2023-06-27,CUST-0483,Sophie Davies,East,Peterborough,Emily Patel,Home & Garden,Throw Blanket,PRD-013,4,44.99,18.0,0.2,No
TXN-01775,2023-02-17,CUST-0120,Grace Kim,West,Exeter,Daniel Marsh,Electronics,Laptop Stand,PRD-004,5,49.99,18.0,0.0,No
TXN-01776,25/06/2023,CUST-0492,Liam Turner,South,Brighton,Tom Bridges,Clothing,Gym T-Shirt,PRD-010,8,19.99,7.0,0.2,No
TXN-01777,2023-01-30,CUST-0413,,North,Liverpool,Emily Patel,Electronics,Wireless Charger,PRD-005,5,29.99,10.0,0.2,No
TXN-01778,05/05/2023,CUST-0207,Grace Kim,East,Cambridge,Emily Patel,Home & Garden,Throw Blanket,PRD-013,5,-44.99,18.0,0.15,No
TXN-01779,09-19-2023,CUST-0228,Chloe Evans,South,London,Sarah Collins,Electronics,"Samsung 55"" TV",PRD-001,9,799.99,480.0,0.15,No
TXN-01780,2023-01-21,CUST-0433,James Holloway,East,Cambridge,Sarah Collins,Home & Garden,Scented Candle,PRD-015,4,14.99,4.5,0.0,No
TXN-01781,2023-10-08,CUST-0183,Mia Carter,South,Oxford,Emily Patel,Home & Garden,Plant Pot Set,PRD-014,3,29.99,11.0,0.0,No
TXN-01782,09-04-2023,CUST-0226,Fatima Al-Rashid,South,Southampton,Tom Bridges,Clothing,Gym T-Shirt,PRD-010,0,19.99,7.0,0.25,No
TXN-01783,17/08/2023,CUST-0526,Chloe Evans,East,Cambridge,Sarah Collins,Electronics,Laptop Stand,PRD-004,6,49.99,18.0,0.0,No
TXN-01784,10-25-2023,CUST-0570,Thomas Wu,West,Bath,Tom Bridges,Clothing,Denim Jeans,PRD-008,8,49.99,18.0,0.1,Yes
TXN-01785,2023-02-26,CUST-0558,James Holloway,South,London,Daniel Marsh,Home & Garden,Plant Pot Set,PRD-014,6,29.99,11.0,0.0,No
TXN-01786,2023-12-28,CUST-0383,Thomas Wu,East,Ipswich,Emily Patel,Electronics,Apple iPad,PRD-003,7,499.99,310.0,0.0,No
TXN-01787,2023-05-04,CUST-0461,Isla McGregor,South,London,tom bridges,Clothing,Gym T-Shirt,PRD-010,1,19.99,7.0,0.15,Yes
TXN-01788,2023-04-07,CUST-0546,Chloe Evans,North,Liverpool,Daniel Marsh,Home & Garden,Plant Pot Set,PRD-014,2,29.99,11.0,0.2,No
TXN-01789,23/12/2023,CUST-0313,,North,Manchester,James Okafor,Electronics,Sony Headphones,PRD-002,9,149.99,75.0,0.25,No
TXN-01790,2023-06-23,CUST-0382,Sophie Davies,East,Ipswich,Rachel Ng,Electronics,Apple iPad,PRD-003,5,499.99,310.0,0.0,No
TXN-01791,12-21-2023,CUST-0258,Sophie Davies,North,Liverpool,Tom Bridges,Clothing,Gym T-Shirt,PRD-010,5,19.99,7.0,0.2,No
TXN-01792,17/04/2023,CUST-0207,James Holloway,East,Norwich,Emily Patel,electronics,Sony Headphones,PRD-002,3,149.99,75.0,0.25,No
TXN-01793,2023-07-13,CUST-0195,Ethan Brooks,West,Exeter,James Okafor,Home & Garden,Plant Pot Set,PRD-014,3,29.99,11.0,0.2,No
TXN-01794,11-22-2023,CUST-0236,Grace Kim,South,Oxford,Tom Bridges,Clothing,Winter Jacket,PRD-006,1,89.99,35.0,0.2,No
TXN-01795,2023-04-22,CUST-0282,Mia Carter,East,Ipswich,Tom Bridges,Home & Garden,Plant Pot Set,PRD-014,8,29.99,11.0,0.0,No
TXN-01796,19/06/2023,CUST-0490,Thomas Wu,South,Brighton,Daniel Marsh,Electronics,Apple iPad,PRD-003,8,499.99,310.0,0.0,No
TXN-01797,07-04-2023,CUST-0344,Oliver Bennett,East,Peterborough,Rachel Ng,Home & Garden,Scented Candle,PRD-015,8,14.99,4.5,0.25,No
TXN-01798,10/12/2023,CUST-0363,Noah Patel,West,Exeter,Tom Bridges,Clothing,Wool Scarf,PRD-009,6,24.99,8.0,0.2,No
TXN-01799,2023-08-05,CUST-0114,,West,Cardiff,James Okafor,Home & Garden,Garden Fork,PRD-012,5,34.99,14.0,0.15,No
TXN-01800,2023-01-31,CUST-0384,Marcus Johnson,South,Southampton,Emily Patel,Home & Garden,Throw Blanket,PRD-013,3,44.99,18.0,0.2,Yes
TXN-01801,07/05/2023,CUST-0488,Amelia Roberts,South,London,James Okafor,Electronics,"Samsung 55"" TV",PRD-001,2,799.99,480.0,0.05,No
TXN-01802,16/06/2023,CUST-0334,Marcus Johnson,West,Bristol,Emily Patel,Home & Garden,Coffee Maker,PRD-011,1,79.99,38.0,0.0,No
TXN-01803,30/06/2023,CUST-0456,Isla McGregor,WEST,Bath,James Okafor,clothing,Denim Jeans,PRD-008,7,49.99,18.0,0.15,No
TXN-01804,02-08-2023,CUST-0253,Isla McGregor,East,Ipswich,Emily Patel ,Clothing,Running Shoes,PRD-007,7,69.99,28.0,0.0,No
TXN-01805,08/02/2023,CUST-0430,Sophie Davies,South,Brighton,Daniel Marsh,Home & Garden,Throw Blanket,PRD-013,3,44.99,18.0,0.0,No
TXN-01806,15/11/2023,CUST-0440,Harry Singh,east,Cambridge,Sarah Collins,Clothing,Denim Jeans,PRD-008,6,49.99,18.0,0.0,No
TXN-01807,01-05-2023,CUST-0245,Isla McGregor,West,Cardiff,Emily Patel,Electronics,Apple iPad,PRD-003,4,499.99,310.0,0.0,No
TXN-01808,09-02-2023,CUST-0525,Grace Kim,South,Oxford,James Okafor,Electronics,"Samsung 55"" TV",PRD-001,3,799.99,480.0,0.0,No
TXN-01809,2023-02-28,CUST-0144,Oliver Bennett,East,Norwich,daniel marsh,Home & Garden,Coffee Maker,PRD-011,3,79.99,38.0,0.05,No
TXN-01810,07/10/2023,CUST-0190,Chloe Evans,East,Cambridge,Emily Patel,Home & Garden,Coffee Maker,PRD-011,4,79.99,38.0,0.05,No
TXN-01811,2023-01-21,CUST-0357,Amelia Roberts,North,Leeds,Emily Patel,Electronics,Sony Headphones,PRD-002,1,149.99,75.0,0.0,No
TXN-01812,12-13-2023,CUST-0196,Fatima Al-Rashid,East,Ipswich,,Home & Garden,Scented Candle,PRD-015,2,14.99,4.5,0.2,No
TXN-01813,2023-09-08,CUST-0551,Harry Singh,North,Manchester,Daniel Marsh,Clothing,Gym T-Shirt,PRD-010,4,19.99,7.0,0.0,No
TXN-01814,2023-01-16,CUST-0345,Liam Turner,East,Norwich,Tom Bridges,Home & Garden,Scented Candle,PRD-015,10,14.99,4.5,0.0,No
TXN-01815,2023-06-26,CUST-0557,Harry Singh,South,Brighton,Sarah Collins,Electronics,Apple iPad,PRD-003,10,499.99,310.0,0.15,Yes
TXN-01816,11-25-2023,CUST-0527,Mia Carter,West,Cardiff,Emily Patel,Home & Garden,Garden Fork,PRD-012,2,34.99,14.0,0.2,No
TXN-01817,06-26-2023,CUST-0545,James Holloway,north,Sheffield,Daniel Marsh,Electronics,Wireless Charger,PRD-005,10,29.99,10.0,0.2,No
TXN-01818,01-14-2023,CUST-0480,James Holloway,East,Peterborough,Tom Bridges,Electronics,Sony Headphones,PRD-002,4,149.99,75.0,0.05,No
TXN-01819,31/05/2023,CUST-0307,Mia Carter,West,Bristol,Emily Patel,Home & Garden,Garden Fork,PRD-012,3,34.99,14.0,0.05,No
TXN-01820,18/12/2023,CUST-0377,Thomas Wu,South,Brighton,James Okafor,Home & Garden,Scented Candle,PRD-015,8,14.99,4.5,0.0,No
TXN-01821,08/08/2023,CUST-0365,Amelia Roberts,East,Ipswich,Emily Patel,Electronics,"Samsung 55"" TV",PRD-001,10,799.99,480.0,0.2,No
TXN-01822,23/09/2023,CUST-0310,Grace Kim,South,Oxford,James Okafor,Home & Garden,Garden Fork,PRD-012,3,34.99,14.0,0.05,No
TXN-01823,20/06/2023,CUST-0304,Ethan Brooks,West,Exeter,Rachel Ng,Clothing,Denim Jeans,PRD-008,2,49.99,18.0,0.2,No
TXN-01824,2023-10-06,CUST-0140,Sophie Davies,South,Oxford,Tom Bridges ,Clothing,Winter Jacket,PRD-006,9,89.99,35.0,0.0,No
TXN-01825,07-24-2023,CUST-0138,Sophie Davies,East,Peterborough,Sarah Collins,Home & Garden,Coffee Maker,PRD-011,5,79.99,38.0,0.2,No
TXN-01826,13/09/2023,CUST-0359,Amelia Roberts,North,Sheffield,Emily Patel,Clothing,Denim Jeans,PRD-008,5,49.99,18.0,0.0,No
TXN-01827,2023-04-29,CUST-0317,,North,Manchester,James Okafor,Home & Garden,Throw Blanket,PRD-013,5,44.99,18.0,0.15,No
TXN-01828,17/04/2023,CUST-0433,Ethan Brooks,NORTH,Leeds,James Okafor,Electronics,Wireless Charger,PRD-005,7,29.99,10.0,0.25,No
TXN-01829,01-17-2023,CUST-0143,Grace Kim,South,London,Rachel Ng,Home & Garden,Coffee Maker,PRD-011,10,79.99,38.0,0.05,No
TXN-01830,2023-08-04,CUST-0117,,NORTH,Sheffield,Sarah Collins,Home & Garden,Scented Candle,PRD-015,5,14.99,4.5,0.05,No
TXN-01831,2023-05-31,CUST-0483,Liam Turner,West,Exeter,Daniel Marsh,Clothing,Winter Jacket,PRD-006,5,89.99,35.0,0.0,No
TXN-01832,28/11/2023,CUST-0312,Oliver Bennett,North,Liverpool,Daniel Marsh,Clothing,Running Shoes,PRD-007,0,69.99,28.0,0.15,Yes
TXN-01833,25/03/2023,CUST-0464,Amelia Roberts,South,Oxford,Rachel Ng,Clothing,Denim Jeans,PRD-008,10,49.99,18.0,0.0,No
TXN-01834,11-22-2023,CUST-0164,Isla McGregor,East,Peterborough,Daniel Marsh,Home & Garden,Coffee Maker,PRD-011,2,-79.99,38.0,0.25,No
TXN-01835,06-10-2023,CUST-0420,Amelia Roberts,East,Norwich,Daniel Marsh,Electronics,Wireless Charger,PRD-005,5,29.99,10.0,0.1,No
TXN-01836,01/08/2023,CUST-0437,Thomas Wu,East,Cambridge,Daniel Marsh,Electronics,Laptop Stand,PRD-004,6,49.99,18.0,0.2,No
TXN-01837,09-25-2023,CUST-0591,,West,Bath,Daniel Marsh,Electronics,Wireless Charger,PRD-005,3,29.99,10.0,0.0,No
TXN-01838,10-26-2023,CUST-0432,Fatima Al-Rashid,east,Peterborough,Daniel Marsh,Electronics,"Samsung 55"" TV",PRD-001,2,799.99,480.0,0.1,No
TXN-01839,10-14-2023,CUST-0469,Isla McGregor,SOUTH,Southampton,Emily Patel,Clothing,Wool Scarf,PRD-009,4,24.99,8.0,0.15,No
TXN-01840,2023-10-09,CUST-0432,James Holloway,West,Bristol,Tom Bridges,Electronics,Apple iPad,PRD-003,4,499.99,310.0,0.0,No
TXN-01841,2023-08-24,CUST-0210,Grace Kim,South,London,Rachel Ng,Clothing,Winter Jacket,PRD-006,3,89.99,35.0,0.2,No
TXN-01842,09-07-2023,CUST-0110,Amelia Roberts,West,Cardiff,Sarah Collins,Electronics,Sony Headphones,PRD-002,8,149.99,75.0,0.0,No
TXN-01843,2023-09-21,CUST-0461,,North,Liverpool,Daniel Marsh,Clothing,Gym T-Shirt,PRD-010,4,19.99,7.0,0.0,No
TXN-01844,05-27-2023,CUST-0309,Mia Carter,East,Cambridge,Daniel Marsh,Clothing,Denim Jeans,PRD-008,9,49.99,18.0,0.25,No
TXN-01845,13/09/2023,CUST-0328,Noah Patel,East,Peterborough,Emily Patel,Clothing,Denim Jeans,PRD-008,5,49.99,18.0,0.0,No
TXN-01846,03-06-2023,CUST-0215,,east,Cambridge,Emily Patel,Electronics,"Samsung 55"" TV",PRD-001,3,799.99,480.0,0.2,No
TXN-01847,01-21-2023,CUST-0336,Noah Patel,West,Exeter,Emily Patel,Clothing,Running Shoes,PRD-007,4,69.99,28.0,0.0,Yes
TXN-01848,11-21-2023,CUST-0462,Mia Carter,West,Bristol,Tom Bridges,Electronics,Apple iPad,PRD-003,8,499.99,310.0,0.2,No
TXN-01849,23/12/2023,CUST-0166,Grace Kim,NORTH,Leeds,Tom Bridges,Clothing,Running Shoes,PRD-007,4,69.99,28.0,0.0,No
TXN-01850,12-24-2023,CUST-0514,Mia Carter,South,Brighton,Tom Bridges,Electronics,Sony Headphones,PRD-002,3,149.99,75.0,0.15,Yes
TXN-01851,01/10/2023,CUST-0449,Marcus Johnson,NORTH,Leeds,Daniel Marsh,Electronics,Laptop Stand,PRD-004,1,49.99,18.0,0.1,No
TXN-01852,12-18-2023,CUST-0463,Grace Kim,East,Norwich,James Okafor,Clothing,Winter Jacket,PRD-006,5,89.99,35.0,0.25,No
TXN-01853,08/07/2023,CUST-0525,Fatima Al-Rashid,North,Liverpool,Rachel Ng,home & garden,Plant Pot Set,PRD-014,5,29.99,11.0,0.15,No
TXN-01854,05-15-2023,CUST-0367,Marcus Johnson,South,Brighton,Tom Bridges,Clothing,Running Shoes,PRD-007,8,69.99,28.0,0.05,No
TXN-01855,22/12/2023,CUST-0211,Oliver Bennett,South,Brighton,Daniel Marsh,Electronics,Laptop Stand,PRD-004,10,49.99,18.0,0.25,No
TXN-01856,12/08/2023,CUST-0165,Harry Singh,North,Manchester,Rachel Ng,Home & Garden,Plant Pot Set,PRD-014,6,29.99,11.0,0.15,No
TXN-01857,03-14-2023,CUST-0447,Amelia Roberts,West,Bristol,Tom Bridges,Electronics,Laptop Stand,PRD-004,7,49.99,18.0,0.25,No
TXN-01858,2023-06-01,CUST-0305,Ethan Brooks,East,Norwich,Daniel Marsh ,Electronics,Laptop Stand,PRD-004,7,49.99,18.0,0.0,No
TXN-01859,2023-04-12,CUST-0322,Grace Kim,West,Exeter,Rachel Ng,Home & Garden,Garden Fork,PRD-012,9,34.99,14.0,0.15,No
TXN-01860,03/12/2023,CUST-0185,Harry Singh,WEST,Cardiff,,Electronics,Laptop Stand,PRD-004,4,49.99,18.0,0.2,No
TXN-01861,2023-10-25,CUST-0441,Fatima Al-Rashid,South,Brighton,James Okafor,Electronics,Wireless Charger,PRD-005,8,29.99,10.0,0.1,Yes
TXN-01862,10-13-2023,CUST-0255,Ethan Brooks,North,Sheffield,Rachel Ng,Clothing,Winter Jacket,PRD-006,8,89.99,35.0,0.05,No
TXN-01863,11-23-2023,CUST-0249,Grace Kim,South,Southampton,Rachel Ng,Clothing,Wool Scarf,PRD-009,1,24.99,8.0,0.0,No
TXN-01864,2023-10-09,CUST-0595,Ethan Brooks,NORTH,Liverpool,James Okafor,Clothing,Gym T-Shirt,PRD-010,5,19.99,7.0,0.1,No
TXN-01865,16/08/2023,CUST-0330,Amelia Roberts,East,Norwich,Daniel Marsh,Clothing,Winter Jacket,PRD-006,9,89.99,35.0,0.05,No
TXN-01866,10-20-2023,CUST-0222,,South,Southampton,Sarah Collins,Clothing,Gym T-Shirt,PRD-010,4,19.99,7.0,0.0,Yes
TXN-01867,18/12/2023,CUST-0157,Fatima Al-Rashid,West,Cardiff,Emily Patel,Clothing,Running Shoes,PRD-007,6,69.99,28.0,0.1,No
TXN-01868,02/09/2023,CUST-0510,,west,Bath,,Electronics,Apple iPad,PRD-003,0,499.99,310.0,0.1,No
TXN-01869,24/12/2023,CUST-0486,Harry Singh,East,Peterborough,Tom Bridges,Home & Garden,Coffee Maker,PRD-011,7,79.99,38.0,0.0,No
TXN-01870,2023-07-10,CUST-0408,Marcus Johnson,East,Peterborough,Daniel Marsh,home & garden,Scented Candle,PRD-015,1,14.99,4.5,0.0,No
TXN-01871,2023-02-24,CUST-0198,James Holloway,West,Bath,Sarah Collins,Electronics,Apple iPad,PRD-003,1,499.99,310.0,0.0,No
TXN-01872,08/04/2023,CUST-0406,Fatima Al-Rashid,North,Sheffield,Emily Patel,Electronics,"Samsung 55"" TV",PRD-001,6,799.99,480.0,0.0,No
TXN-01873,01-04-2023,CUST-0438,Mia Carter,EAST,Ipswich,Sarah Collins,Home & Garden,Scented Candle,PRD-015,4,14.99,4.5,0.2,No
TXN-01874,2023-04-17,CUST-0316,Amelia Roberts,North,Leeds,Rachel Ng,Home & Garden,Scented Candle,PRD-015,6,14.99,4.5,0.0,No
TXN-01875,30/08/2023,CUST-0446,,North,Sheffield,Rachel Ng,electronics,Apple iPad,PRD-003,1,499.99,310.0,0.0,No
TXN-01876,01-17-2023,CUST-0192,Thomas Wu,East,Ipswich,Tom Bridges,Clothing,Winter Jacket,PRD-006,7,89.99,35.0,0.2,No
TXN-01877,2023-11-26,CUST-0320,,South,Oxford,Rachel Ng,Clothing,Wool Scarf,PRD-009,6,24.99,8.0,0.25,No
TXN-01878,10-25-2023,CUST-0547,Mia Carter,North,Leeds,Daniel Marsh,Electronics,Wireless Charger,PRD-005,10,29.99,10.0,0.05,No
TXN-01879,2023-10-08,CUST-0424,Harry Singh,south,Brighton,Sarah Collins,Home & Garden,Plant Pot Set,PRD-014,9,29.99,11.0,0.0,No
TXN-01880,10/05/2023,CUST-0152,James Holloway,East,Ipswich,James Okafor,Electronics,Sony Headphones,PRD-002,7,149.99,75.0,0.0,No
TXN-01881,01-06-2023,CUST-0548,Harry Singh,West,Bristol,Daniel Marsh,Electronics,Wireless Charger,PRD-005,4,29.99,10.0,0.1,No
TXN-01882,10-20-2023,CUST-0426,Grace Kim,East,Norwich,Tom Bridges,Home & Garden,Throw Blanket,PRD-013,6,44.99,18.0,0.2,No
TXN-01883,02/04/2023,CUST-0433,Chloe Evans,North,Leeds,Rachel Ng,Electronics,Wireless Charger,PRD-005,1,29.99,10.0,0.1,No
TXN-01884,05/03/2023,CUST-0246,Harry Singh,South,Southampton,Tom Bridges,Clothing,Gym T-Shirt,PRD-010,6,19.99,7.0,0.05,No
TXN-01885,2023-08-11,CUST-0298,Harry Singh,East,Peterborough,Rachel Ng,Electronics,Laptop Stand,PRD-004,3,49.99,18.0,0.25,No
TXN-01886,17/12/2023,CUST-0180,Mia Carter,South,Brighton,Emily Patel,Clothing,Gym T-Shirt,PRD-010,7,19.99,7.0,0.25,No
TXN-01887,2023-01-18,CUST-0274,Harry Singh,North,Sheffield,Tom Bridges,Electronics,Sony Headphones,PRD-002,6,149.99,75.0,0.0,No
TXN-01888,2023-06-19,CUST-0564,Amelia Roberts,East,Ipswich,Rachel Ng,Electronics,"Samsung 55"" TV",PRD-001,6,799.99,480.0,0.0,No
TXN-01889,01-04-2023,CUST-0471,Fatima Al-Rashid,North,Manchester,Rachel Ng,clothing,Gym T-Shirt,PRD-010,10,19.99,7.0,0.05,No
TXN-01890,05-16-2023,CUST-0504,Amelia Roberts,North,Sheffield,Emily Patel,Electronics,Apple iPad,PRD-003,2,499.99,310.0,0.1,No
TXN-01891,09-09-2023,CUST-0175,Marcus Johnson,South,Oxford,Tom Bridges,Home & Garden,Throw Blanket,PRD-013,1,44.99,18.0,0.0,No
TXN-01892,14/12/2023,CUST-0486,Marcus Johnson,North,Manchester,Sarah Collins,Home & Garden,Throw Blanket,PRD-013,3,44.99,18.0,0.2,No
TXN-01893,2023-11-17,CUST-0483,Mia Carter,East,Peterborough,Emily Patel,Clothing,Wool Scarf,PRD-009,4,24.99,8.0,0.1,No
TXN-01894,10-11-2023,CUST-0228,Amelia Roberts,East,Cambridge,James Okafor,Electronics,"Samsung 55"" TV",PRD-001,8,799.99,480.0,0.0,No
TXN-01895,12-28-2023,CUST-0596,Liam Turner,South,Oxford,James Okafor ,Clothing,Wool Scarf,PRD-009,7,24.99,8.0,0.2,No
TXN-01896,02-18-2023,CUST-0463,Thomas Wu,west,Bristol,Daniel Marsh,electronics,Sony Headphones,PRD-002,7,149.99,75.0,0.15,No
TXN-01897,2023-07-02,CUST-0141,Isla McGregor,North,Sheffield,Daniel Marsh,Electronics,Apple iPad,PRD-003,4,499.99,310.0,0.0,No
TXN-01898,05-22-2023,CUST-0216,Amelia Roberts,West,Exeter,Daniel Marsh,Clothing,Running Shoes,PRD-007,2,69.99,28.0,0.25,No
TXN-01899,10-10-2023,CUST-0286,Grace Kim,West,Bath,Rachel Ng,electronics,"Samsung 55"" TV",PRD-001,4,799.99,480.0,0.1,No
TXN-01900,2023-09-21,CUST-0211,Amelia Roberts,West,Bristol,Tom Bridges,Electronics,Sony Headphones,PRD-002,2,149.99,75.0,0.15,No
TXN-01901,2023-12-18,CUST-0107,Marcus Johnson,West,Bristol,James Okafor,Electronics,Sony Headphones,PRD-002,10,149.99,75.0,0.15,No
TXN-01902,2023-07-25,CUST-0540,Grace Kim,East,Cambridge,Tom Bridges,Clothing,Wool Scarf,PRD-009,5,24.99,8.0,0.0,No
TXN-01903,15/09/2023,CUST-0375,Marcus Johnson,North,Liverpool,Tom Bridges,Electronics,Wireless Charger,PRD-005,3,29.99,10.0,0.0,No
TXN-01904,2023-10-19,CUST-0498,Chloe Evans,South,Southampton,Tom Bridges,Clothing,Running Shoes,PRD-007,0,69.99,28.0,0.05,No
TXN-01905,09-24-2023,CUST-0235,Liam Turner,North,Liverpool,Daniel Marsh,Electronics,Wireless Charger,PRD-005,6,29.99,10.0,0.05,No
TXN-01906,08-28-2023,CUST-0546,Amelia Roberts,East,Norwich,Sarah Collins,Home & Garden,Plant Pot Set,PRD-014,6,29.99,11.0,0.0,No
TXN-01907,21/10/2023,CUST-0279,Grace Kim,North,Manchester,Emily Patel,Home & Garden,Plant Pot Set,PRD-014,5,29.99,11.0,0.0,No
TXN-01908,01/09/2023,CUST-0336,Mia Carter,south,Oxford,Rachel Ng,Electronics,Laptop Stand,PRD-004,4,49.99,18.0,0.2,No
TXN-01909,10-08-2023,CUST-0212,James Holloway,East,Ipswich,Rachel Ng,Electronics,Apple iPad,PRD-003,2,499.99,310.0,0.25,No
TXN-01910,21/06/2023,CUST-0141,Fatima Al-Rashid,East,Peterborough,James Okafor,Home & Garden,Plant Pot Set,PRD-014,7,29.99,11.0,0.0,No
TXN-01911,19/02/2023,CUST-0542,Harry Singh,North,Leeds,Daniel Marsh,Clothing,Running Shoes,PRD-007,2,69.99,28.0,0.1,No
TXN-01912,08-25-2023,CUST-0332,Harry Singh,East,Norwich,Emily Patel,Home & Garden,Coffee Maker,PRD-011,6,79.99,38.0,0.25,Yes
TXN-01913,10-18-2023,CUST-0129,Harry Singh,South,Brighton,Sarah Collins,Clothing,Running Shoes,PRD-007,4,69.99,28.0,0.25,No
TXN-01914,03-01-2023,CUST-0339,,West,Exeter,Emily Patel,Clothing,Denim Jeans,PRD-008,6,49.99,18.0,0.25,No
TXN-01915,2023-02-02,CUST-0308,Chloe Evans,East,Norwich,Tom Bridges,Electronics,Sony Headphones,PRD-002,7,149.99,75.0,0.0,No
TXN-01916,2023-09-12,CUST-0537,Noah Patel,East,Peterborough,James Okafor,Home & Garden,Plant Pot Set,PRD-014,10,29.99,11.0,0.1,No
TXN-01917,07-17-2023,CUST-0365,Harry Singh,South,Brighton,Tom Bridges,Clothing,Denim Jeans,PRD-008,10,49.99,18.0,0.2,No
TXN-01918,13/01/2023,CUST-0467,Noah Patel,East,Ipswich,Tom Bridges,Clothing,Running Shoes,PRD-007,5,69.99,28.0,0.25,No
TXN-01919,14/08/2023,CUST-0270,Amelia Roberts,South,Brighton,Rachel Ng,Home & Garden,Scented Candle,PRD-015,10,14.99,4.5,0.2,No
TXN-01920,04/11/2023,CUST-0410,Chloe Evans,East,Norwich,Tom Bridges,Clothing,Running Shoes,PRD-007,4,69.99,28.0,0.15,No
TXN-01921,2023-04-22,CUST-0100,Harry Singh,East,Norwich,Daniel Marsh,Electronics,Laptop Stand,PRD-004,4,49.99,18.0,0.0,No
TXN-01922,05-24-2023,CUST-0249,Ethan Brooks,East,Ipswich,Unknown,Clothing,Running Shoes,PRD-007,9,69.99,28.0,0.25,No
TXN-01923,01-28-2023,CUST-0157,Thomas Wu,West,Bath,Tom Bridges,Electronics,Sony Headphones,PRD-002,8,149.99,75.0,0.05,No
TXN-01924,06-03-2023,CUST-0405,Harry Singh,East,Norwich,Sarah Collins,Electronics,Laptop Stand,PRD-004,7,49.99,18.0,0.0,No
TXN-01925,05-19-2023,CUST-0264,Grace Kim,East,Peterborough,Tom Bridges,Clothing,Running Shoes,PRD-007,4,69.99,28.0,0.0,No
TXN-01926,10/08/2023,CUST-0540,Liam Turner,West,Cardiff,Emily Patel ,Home & Garden,Garden Fork,PRD-012,7,34.99,14.0,0.0,No
TXN-01927,2023-12-11,CUST-0229,Isla McGregor,North,Manchester,James Okafor,Electronics,Laptop Stand,PRD-004,2,49.99,18.0,0.05,No
TXN-01928,2023-03-02,CUST-0510,Grace Kim,South,Brighton,Tom Bridges,Home & Garden,Throw Blanket,PRD-013,9,44.99,18.0,0.0,Yes
TXN-01929,05-11-2023,CUST-0512,,West,Bath,Sarah Collins,Home & Garden,Scented Candle,PRD-015,5,14.99,4.5,0.25,No
TXN-01930,10-11-2023,CUST-0196,Ethan Brooks,East,Peterborough,Emily Patel,Home & Garden,Throw Blanket,PRD-013,5,44.99,18.0,0.0,No
TXN-01931,2023-10-28,CUST-0382,Liam Turner,South,Oxford,Emily Patel,Electronics,Wireless Charger,PRD-005,6,29.99,10.0,0.1,No
TXN-01932,03-08-2023,CUST-0285,Priya Sharma,North,Leeds,Daniel Marsh ,clothing,Denim Jeans,PRD-008,3,49.99,18.0,0.2,No
TXN-01933,30/06/2023,CUST-0325,Fatima Al-Rashid,West,Cardiff,Sarah Collins,Electronics,Apple iPad,PRD-003,0,499.99,310.0,0.15,No
TXN-01934,02-10-2023,CUST-0111,Marcus Johnson,North,Liverpool,James Okafor,Electronics,Wireless Charger,PRD-005,6,29.99,10.0,0.05,No
TXN-01935,04-22-2023,CUST-0252,Ethan Brooks,South,Oxford,Rachel Ng,Electronics,"Samsung 55"" TV",PRD-001,1,799.99,480.0,0.05,No
TXN-01936,2023-07-11,CUST-0221,Fatima Al-Rashid,East,Peterborough,Rachel Ng,Electronics,Wireless Charger,PRD-005,3,29.99,10.0,0.1,No
TXN-01937,18/12/2023,CUST-0545,Ethan Brooks,South,Brighton,Rachel Ng,Clothing,Running Shoes,PRD-007,10,69.99,28.0,0.15,No
TXN-01938,01-08-2023,CUST-0298,Liam Turner,North,Sheffield,,Home & Garden,Plant Pot Set,PRD-014,10,29.99,11.0,0.15,No
TXN-01939,14/01/2023,CUST-0121,Liam Turner,East,Ipswich,Rachel Ng,Home & Garden,Coffee Maker,PRD-011,9,79.99,38.0,0.0,No
TXN-01940,17/08/2023,CUST-0487,Thomas Wu,West,Exeter,Emily Patel,Home & Garden,Garden Fork,PRD-012,6,34.99,14.0,0.15,Yes
TXN-01941,2023-10-28,CUST-0363,Isla McGregor,East,Peterborough,Daniel Marsh,Clothing,Gym T-Shirt,PRD-010,3,19.99,7.0,0.15,No
TXN-01942,24/02/2023,CUST-0313,Noah Patel,West,Bristol,Sarah Collins,Home & Garden,Throw Blanket,PRD-013,6,44.99,18.0,0.1,No
TXN-01943,11-16-2023,CUST-0330,Noah Patel,West,Exeter,Tom Bridges,Clothing,Denim Jeans,PRD-008,6,49.99,18.0,0.05,No
TXN-01944,2023-05-22,CUST-0288,Marcus Johnson,North,Manchester,James Okafor,Electronics,Laptop Stand,PRD-004,7,49.99,18.0,0.15,No
TXN-01945,04/03/2023,CUST-0286,Sophie Davies,West,Bristol,Sarah Collins,Clothing,Running Shoes,PRD-007,5,69.99,28.0,0.15,No
TXN-01946,27/01/2023,CUST-0397,Chloe Evans,South,Oxford,Daniel Marsh,Clothing,Winter Jacket,PRD-006,9,89.99,35.0,0.15,No
TXN-01947,11-12-2023,CUST-0554,,south,Southampton,Emily Patel,Home & Garden,Garden Fork,PRD-012,2,34.99,14.0,0.25,No
TXN-01948,2023-02-17,CUST-0490,Oliver Bennett,South,Oxford,Sarah Collins,Home & Garden,Scented Candle,PRD-015,6,14.99,4.5,0.0,No
TXN-01949,01-02-2023,CUST-0355,Sophie Davies,East,Cambridge,Sarah Collins,clothing,Gym T-Shirt,PRD-010,4,19.99,7.0,0.05,No
TXN-01950,20/08/2023,CUST-0366,Chloe Evans,South,Oxford,Rachel Ng,Home & Garden,Coffee Maker,PRD-011,9,79.99,38.0,0.05,No
TXN-01951,31/07/2023,CUST-0249,Thomas Wu,West,Exeter,James Okafor,Home & Garden,Scented Candle,PRD-015,2,14.99,4.5,0.0,No
TXN-01952,16/08/2023,CUST-0267,Mia Carter,East,Ipswich,Tom Bridges,Electronics,Sony Headphones,PRD-002,8,149.99,75.0,0.2,No
TXN-01953,17/02/2023,CUST-0415,Amelia Roberts,East,Cambridge,Emily Patel,Clothing,Denim Jeans,PRD-008,5,49.99,18.0,0.2,No
TXN-01954,05-18-2023,CUST-0384,Harry Singh,East,Peterborough,Emily Patel,Electronics,"Samsung 55"" TV",PRD-001,3,799.99,480.0,0.2,Yes
TXN-01955,07-16-2023,CUST-0551,Noah Patel,West,Bristol,Sarah Collins,Home & Garden,Garden Fork,PRD-012,10,34.99,14.0,0.0,No
TXN-01956,12-28-2023,CUST-0363,Isla McGregor,West,Bristol,James Okafor,Electronics,Wireless Charger,PRD-005,5,29.99,10.0,0.0,Yes
TXN-01957,15/09/2023,CUST-0504,Ethan Brooks,East,Cambridge,Sarah Collins,Clothing,Wool Scarf,PRD-009,6,24.99,8.0,0.25,No
TXN-01958,26/03/2023,CUST-0595,Amelia Roberts,NORTH,Sheffield,Sarah Collins,Electronics,Laptop Stand,PRD-004,7,49.99,18.0,0.1,No
TXN-01959,09/05/2023,CUST-0450,Ethan Brooks,North,Manchester,Emily Patel,Clothing,Denim Jeans,PRD-008,5,49.99,18.0,0.0,No
TXN-01960,2023-05-01,CUST-0309,Fatima Al-Rashid,North,Leeds,Sarah Collins,Electronics,"Samsung 55"" TV",PRD-001,10,799.99,480.0,0.15,No
TXN-01961,06/04/2023,CUST-0560,Marcus Johnson,East,Ipswich,Sarah Collins,Home & Garden,Garden Fork,PRD-012,3,34.99,14.0,0.0,No
TXN-01962,28/09/2023,CUST-0177,Oliver Bennett,North,Leeds,James Okafor,electronics,"Samsung 55"" TV",PRD-001,9,799.99,480.0,0.0,Yes
TXN-01963,2023-02-18,CUST-0279,Chloe Evans,East,Ipswich,Rachel Ng,Clothing,Gym T-Shirt,PRD-010,1,19.99,7.0,0.15,No
TXN-01964,25/02/2023,CUST-0484,Thomas Wu,East,Cambridge,Sarah Collins,Electronics,Laptop Stand,PRD-004,6,49.99,18.0,0.0,Yes
TXN-01965,31/07/2023,CUST-0227,Sophie Davies,West,Cardiff,Tom Bridges,Clothing,Running Shoes,PRD-007,1,69.99,28.0,0.1,No
TXN-01966,18/03/2023,CUST-0332,Liam Turner,West,Bristol,James Okafor,Clothing,Wool Scarf,PRD-009,6,24.99,8.0,0.15,No
TXN-01967,09/10/2023,CUST-0591,Chloe Evans,West,Bristol,Daniel Marsh,Home & Garden,Coffee Maker,PRD-011,3,79.99,38.0,0.25,Yes
TXN-01968,2023-07-06,CUST-0203,Amelia Roberts,North,Manchester,Emily Patel,Electronics,Sony Headphones,PRD-002,2,149.99,75.0,0.0,No
TXN-01969,25/10/2023,CUST-0342,Ethan Brooks,South,Brighton,Sarah Collins,Clothing,Denim Jeans,PRD-008,10,49.99,18.0,0.15,No
TXN-01970,2023-10-21,CUST-0575,Fatima Al-Rashid,South,London,Daniel Marsh,Electronics,Sony Headphones,PRD-002,7,149.99,75.0,0.1,No
TXN-01971,2023-05-07,CUST-0197,Grace Kim,South,Southampton,Sarah Collins,Home & Garden,Throw Blanket,PRD-013,5,44.99,18.0,0.0,No
TXN-01972,27/07/2023,CUST-0376,Fatima Al-Rashid,West,Cardiff,Sarah Collins,Home & Garden,Throw Blanket,PRD-013,4,44.99,18.0,0.25,No
TXN-01973,10-10-2023,CUST-0460,Sophie Davies,South,Oxford,Sarah Collins,Electronics,Laptop Stand,PRD-004,1,49.99,18.0,0.1,No
TXN-01974,12-19-2023,CUST-0409,Amelia Roberts,South,Oxford,Sarah Collins,Home & Garden,Scented Candle,PRD-015,2,14.99,4.5,0.25,Yes
TXN-01975,2023-10-29,CUST-0433,,south,London,Daniel Marsh,Clothing,Gym T-Shirt,PRD-010,2,19.99,7.0,0.2,No
TXN-01976,03-18-2023,CUST-0575,Grace Kim,West,Bath,Sarah Collins,Home & Garden,Throw Blanket,PRD-013,1,44.99,18.0,0.2,No
TXN-01977,03-17-2023,CUST-0550,Chloe Evans,East,Ipswich,tom bridges,Clothing,Winter Jacket,PRD-006,10,89.99,35.0,0.1,No
TXN-01978,2023-08-12,CUST-0113,Amelia Roberts,South,Brighton,Unknown,Home & Garden,Coffee Maker,PRD-011,2,79.99,38.0,0.2,No
TXN-01979,27/08/2023,CUST-0276,Ethan Brooks,North,Manchester,rachel ng,electronics,Sony Headphones,PRD-002,3,149.99,75.0,0.25,No
TXN-01980,06/06/2023,CUST-0318,Harry Singh,West,Bristol,Emily Patel,Clothing,Wool Scarf,PRD-009,9,24.99,8.0,0.0,No
TXN-01981,08/07/2023,CUST-0532,Marcus Johnson,North,Liverpool,James Okafor,Home & Garden,Scented Candle,PRD-015,2,14.99,4.5,0.0,No
TXN-01982,24/11/2023,CUST-0236,Chloe Evans,South,Oxford,Emily Patel,Home & Garden,Throw Blanket,PRD-013,1,44.99,18.0,0.0,No
TXN-01983,12-02-2023,CUST-0222,Liam Turner,South,London,Rachel Ng,Electronics,Laptop Stand,PRD-004,5,49.99,18.0,0.25,No
TXN-01984,14/07/2023,CUST-0202,,East,Cambridge,Emily Patel,Home & Garden,Coffee Maker,PRD-011,3,79.99,38.0,0.15,No
TXN-01985,2023-11-18,CUST-0222,Marcus Johnson,West,Bristol,James Okafor,Clothing,Winter Jacket,PRD-006,10,89.99,35.0,0.2,No
TXN-01986,2023-01-28,CUST-0191,Sophie Davies,South,Oxford,Rachel Ng,Clothing,Gym T-Shirt,PRD-010,3,19.99,7.0,0.25,No
TXN-01987,04-29-2023,CUST-0481,Ethan Brooks,East,Peterborough,Emily Patel,Electronics,Wireless Charger,PRD-005,3,29.99,10.0,0.2,No
TXN-01988,07-11-2023,CUST-0433,Ethan Brooks,South,Brighton,Rachel Ng,Clothing,Gym T-Shirt,PRD-010,0,19.99,7.0,0.15,No
TXN-01989,16/04/2023,CUST-0254,Liam Turner,North,Liverpool,Daniel Marsh,Home & Garden,Scented Candle,PRD-015,2,14.99,4.5,0.25,No
TXN-01990,10-30-2023,CUST-0475,Harry Singh,South,London,Sarah Collins,Clothing,Gym T-Shirt,PRD-010,3,19.99,7.0,0.25,No
TXN-01991,2023-06-16,CUST-0335,Liam Turner,East,Ipswich,Tom Bridges,Home & Garden,Garden Fork,PRD-012,10,34.99,14.0,0.0,No
TXN-01992,05-14-2023,CUST-0174,Mia Carter,West,Exeter,James Okafor,Home & Garden,Throw Blanket,PRD-013,5,44.99,18.0,0.0,Yes
TXN-01993,09/07/2023,CUST-0209,Amelia Roberts,South,Brighton,Sarah Collins,Electronics,Wireless Charger,PRD-005,2,29.99,10.0,0.2,No
TXN-01994,05-27-2023,CUST-0127,Chloe Evans,East,Ipswich,Rachel Ng,Electronics,Apple iPad,PRD-003,8,499.99,310.0,0.0,No
TXN-01995,03-15-2023,CUST-0228,Sophie Davies,South,Southampton,Emily Patel,Clothing,Running Shoes,PRD-007,1,69.99,28.0,0.0,No
TXN-01996,13/05/2023,CUST-0587,Liam Turner,South,London,Tom Bridges,Electronics,Sony Headphones,PRD-002,5,149.99,75.0,0.05,Yes
TXN-01997,05-13-2023,CUST-0197,Oliver Bennett,North,Manchester,Unknown,Home & Garden,Coffee Maker,PRD-011,1,79.99,38.0,0.25,No
TXN-01998,09-28-2023,CUST-0323,Oliver Bennett,North,Manchester,James Okafor,Home & Garden,Throw Blanket,PRD-013,7,44.99,18.0,0.0,No
TXN-01999,2023-10-10,CUST-0268,Liam Turner,East,Cambridge,James Okafor,Clothing,Winter Jacket,PRD-006,3,89.99,35.0,0.15,No
TXN-02000,11-26-2023,CUST-0187,Fatima Al-Rashid,West,Bristol,Daniel Marsh,Clothing,Gym T-Shirt,PRD-010,1,19.99,7.0,0.15,No
TXN-02001,10-23-2023,CUST-0362,Harry Singh,North,Leeds,Rachel Ng,Home & Garden,Coffee Maker,PRD-011,5,79.99,38.0,0.0,No
TXN-02002,26/12/2023,CUST-0126,Isla McGregor,South,Southampton,James Okafor,electronics,"Samsung 55"" TV",PRD-001,3,799.99,480.0,0.0,Yes
TXN-02003,2023-11-07,CUST-0438,Liam Turner,West,Bath,Tom Bridges,Clothing,Gym T-Shirt,PRD-010,3,19.99,7.0,0.25,No
TXN-02004,22/09/2023,CUST-0148,Priya Sharma,West,Exeter,Daniel Marsh,Electronics,Apple iPad,PRD-003,4,499.99,310.0,0.0,Yes
TXN-02005,2023-07-22,CUST-0472,Noah Patel,South,Southampton,Tom Bridges,Home & Garden,Garden Fork,PRD-012,5,34.99,14.0,0.0,No
TXN-02006,2023-08-14,CUST-0181,Chloe Evans,West,Bristol,Daniel Marsh,electronics,Sony Headphones,PRD-002,6,149.99,75.0,0.05,No
TXN-02007,01-27-2023,CUST-0302,Isla McGregor,West,Bristol,Emily Patel,Home & Garden,Garden Fork,PRD-012,10,34.99,14.0,0.25,No
TXN-02008,12-19-2023,CUST-0289,James Holloway,West,Cardiff,Sarah Collins ,Electronics,"Samsung 55"" TV",PRD-001,1,799.99,480.0,0.05,No
TXN-02009,2023-10-31,CUST-0441,Marcus Johnson,West,Cardiff,Emily Patel,Electronics,Sony Headphones,PRD-002,7,149.99,75.0,0.15,No
TXN-02010,07-15-2023,CUST-0512,Marcus Johnson,West,Bath,Daniel Marsh,Home & Garden,Scented Candle,PRD-015,9,14.99,4.5,0.15,No
TXN-02011,02-10-2023,CUST-0568,Amelia Roberts,South,Brighton,Tom Bridges,Clothing,Wool Scarf,PRD-009,1,24.99,8.0,0.1,No
TXN-02012,2023-12-02,CUST-0129,Mia Carter,East,Norwich,Sarah Collins,Home & Garden,Garden Fork,PRD-012,2,34.99,14.0,0.05,No
TXN-02013,2023-03-06,CUST-0313,Chloe Evans,West,Bristol,Daniel Marsh,Clothing,Gym T-Shirt,PRD-010,10,19.99,7.0,0.2,No
TXN-02014,2023-06-22,CUST-0560,Liam Turner,South,London,Emily Patel,clothing,Denim Jeans,PRD-008,9,49.99,18.0,0.1,No
TXN-02015,01-14-2023,CUST-0482,Fatima Al-Rashid,South,Brighton,Daniel Marsh ,home & garden,Throw Blanket,PRD-013,2,44.99,18.0,0.2,No
TXN-02016,2023-03-14,CUST-0133,Mia Carter,West,Exeter,Sarah Collins,Clothing,Denim Jeans,PRD-008,10,49.99,18.0,0.0,Yes
TXN-02017,03-13-2023,CUST-0424,Fatima Al-Rashid,South,Oxford,Daniel Marsh,Home & Garden,Plant Pot Set,PRD-014,1,29.99,11.0,0.05,No
TXN-02018,2023-09-12,CUST-0585,Amelia Roberts,North,Leeds,Emily Patel,Clothing,Denim Jeans,PRD-008,3,49.99,18.0,0.0,No
TXN-02019,2023-12-11,CUST-0597,Noah Patel,north,Leeds,Sarah Collins,Home & Garden,Garden Fork,PRD-012,4,34.99,14.0,0.0,No
TXN-02020,20/03/2023,CUST-0166,,North,Manchester,Rachel Ng,Electronics,Apple iPad,PRD-003,9,499.99,310.0,0.15,No
TXN-02021,2023-04-05,CUST-0428,Marcus Johnson,North,Manchester,Rachel Ng,Electronics,Apple iPad,PRD-003,7,499.99,310.0,0.0,No
TXN-02022,23/01/2023,CUST-0257,Fatima Al-Rashid,East,Peterborough,Sarah Collins,Electronics,Apple iPad,PRD-003,4,499.99,310.0,0.1,No
TXN-02023,2023-03-10,CUST-0481,Isla McGregor,east,Norwich,Emily Patel,electronics,Apple iPad,PRD-003,2,499.99,310.0,0.05,No
TXN-02024,09-25-2023,CUST-0499,,West,Cardiff,Daniel Marsh,Home & Garden,Throw Blanket,PRD-013,7,44.99,18.0,0.25,No
TXN-02025,09-30-2023,CUST-0504,Oliver Bennett,West,Bath,Tom Bridges,Home & Garden,Throw Blanket,PRD-013,2,44.99,18.0,0.05,Yes
TXN-02026,11-27-2023,CUST-0309,Oliver Bennett,South,Brighton,Sarah Collins,Clothing,Denim Jeans,PRD-008,6,49.99,18.0,0.0,No
TXN-02027,28/06/2023,CUST-0420,Fatima Al-Rashid,West,Cardiff,Emily Patel,Home & Garden,Coffee Maker,PRD-011,8,79.99,38.0,0.2,Yes
TXN-02028,2023-10-26,CUST-0407,Amelia Roberts,East,Cambridge,Rachel Ng,Home & Garden,Garden Fork,PRD-012,7,34.99,14.0,0.0,No
TXN-02029,2023-07-01,CUST-0425,,WEST,Exeter,Sarah Collins,Electronics,Laptop Stand,PRD-004,8,49.99,18.0,0.0,No
TXN-02030,09-22-2023,CUST-0534,,West,Exeter,James Okafor ,Clothing,Denim Jeans,PRD-008,6,49.99,18.0,0.05,No
TXN-02031,2023-09-11,CUST-0573,Isla McGregor,West,Cardiff,Daniel Marsh,Home & Garden,Coffee Maker,PRD-011,1,79.99,38.0,0.0,No
TXN-02032,10/10/2023,CUST-0111,Isla McGregor,North,Sheffield,Tom Bridges,Clothing,Wool Scarf,PRD-009,9,24.99,8.0,0.0,No
TXN-02033,2023-08-29,CUST-0232,Chloe Evans,West,Bath,Emily Patel,Electronics,Sony Headphones,PRD-002,5,149.99,75.0,0.1,Yes
TXN-02034,2023-08-26,CUST-0214,James Holloway,North,Manchester,Rachel Ng,Electronics,Sony Headphones,PRD-002,6,149.99,75.0,0.25,No
TXN-02035,2023-05-14,CUST-0209,Priya Sharma,South,Oxford,Daniel Marsh,Home & Garden,Scented Candle,PRD-015,8,14.99,4.5,0.1,Yes
TXN-02036,2023-09-28,CUST-0339,,North,Liverpool,Rachel Ng,Home & Garden,Scented Candle,PRD-015,10,14.99,4.5,0.0,No
TXN-02037,02-19-2023,CUST-0452,Grace Kim,North,Leeds,Sarah Collins,Clothing,Denim Jeans,PRD-008,4,49.99,18.0,0.0,No
TXN-02038,16/12/2023,CUST-0531,Harry Singh,North,Sheffield,Rachel Ng,clothing,Running Shoes,PRD-007,5,69.99,28.0,0.05,No
TXN-02039,2023-11-24,CUST-0134,James Holloway,EAST,Cambridge,Tom Bridges,Electronics,Sony Headphones,PRD-002,4,149.99,75.0,0.0,No
TXN-02040,28/11/2023,CUST-0445,Sophie Davies,North,Liverpool,Sarah Collins,Clothing,Running Shoes,PRD-007,1,69.99,28.0,0.0,Yes
TXN-02041,05-19-2023,CUST-0450,Isla McGregor,West,Cardiff,Daniel Marsh,Electronics,Sony Headphones,PRD-002,6,149.99,75.0,0.2,No
TXN-02042,24/02/2023,CUST-0288,,South,London,Rachel Ng,Clothing,Wool Scarf,PRD-009,6,24.99,8.0,0.0,No
TXN-02043,2023-11-27,CUST-0477,Liam Turner,East,Cambridge,James Okafor,Clothing,Gym T-Shirt,PRD-010,4,19.99,7.0,0.15,No
TXN-02044,2023-07-03,CUST-0521,Thomas Wu,North,Liverpool,emily patel,Home & Garden,Coffee Maker,PRD-011,10,79.99,38.0,0.25,No
TXN-02045,25/01/2023,CUST-0318,Priya Sharma,East,Peterborough,Tom Bridges,Clothing,Denim Jeans,PRD-008,10,49.99,18.0,0.2,Yes
TXN-02046,30/11/2023,CUST-0502,Grace Kim,North,Leeds,Tom Bridges,Clothing,Wool Scarf,PRD-009,6,24.99,8.0,0.15,No
TXN-02047,03-14-2023,CUST-0486,Amelia Roberts,west,Cardiff,Sarah Collins ,Electronics,Apple iPad,PRD-003,5,499.99,310.0,0.15,Yes
TXN-02048,2023-11-29,CUST-0211,Priya Sharma,East,Peterborough,Rachel Ng,Electronics,"Samsung 55"" TV",PRD-001,8,799.99,480.0,0.1,No
TXN-02049,15/05/2023,CUST-0566,Chloe Evans,East,Ipswich,Emily Patel,Clothing,Denim Jeans,PRD-008,3,49.99,18.0,0.05,No
TXN-02050,08-13-2023,CUST-0547,Thomas Wu,East,Ipswich,Daniel Marsh,Clothing,Winter Jacket,PRD-006,3,89.99,35.0,0.25,No
TXN-02051,05-19-2023,CUST-0298,Chloe Evans,North,Leeds,James Okafor,Clothing,Running Shoes,PRD-007,4,69.99,28.0,0.05,No
TXN-02052,2023-06-29,CUST-0589,James Holloway,North,Sheffield,Sarah Collins,Clothing,Denim Jeans,PRD-008,2,49.99,18.0,0.0,No
TXN-02053,04/08/2023,CUST-0467,Ethan Brooks,South,Brighton,Rachel Ng,electronics,Apple iPad,PRD-003,6,499.99,310.0,0.15,No
TXN-02054,2023-10-24,CUST-0366,Chloe Evans,West,Cardiff,James Okafor,Clothing,Running Shoes,PRD-007,4,69.99,28.0,0.25,No
TXN-02055,10-19-2023,CUST-0588,Harry Singh,North,Sheffield,Unknown,clothing,Wool Scarf,PRD-009,3,24.99,8.0,0.0,No
TXN-02056,02-03-2023,CUST-0386,Marcus Johnson,West,Exeter,James Okafor,Electronics,Apple iPad,PRD-003,8,499.99,310.0,0.05,No
TXN-02057,02-13-2023,CUST-0198,Noah Patel,West,Exeter,Sarah Collins,Electronics,Laptop Stand,PRD-004,8,49.99,18.0,0.05,No
TXN-02058,2023-03-19,CUST-0100,Mia Carter,East,Norwich,James Okafor,Clothing,Denim Jeans,PRD-008,10,49.99,18.0,0.0,No
TXN-02059,2023-03-09,CUST-0391,Priya Sharma,North,Liverpool,Sarah Collins,Electronics,Apple iPad,PRD-003,6,499.99,310.0,0.0,No
TXN-02060,01-02-2023,CUST-0369,Chloe Evans,SOUTH,Oxford,Emily Patel,Clothing,Gym T-Shirt,PRD-010,0,19.99,7.0,0.05,No
TXN-02061,16/06/2023,CUST-0278,Mia Carter,East,Peterborough,Emily Patel ,Electronics,"Samsung 55"" TV",PRD-001,1,799.99,480.0,0.25,No
TXN-02062,2023-08-17,CUST-0249,Thomas Wu,East,Norwich,Rachel Ng,Electronics,"Samsung 55"" TV",PRD-001,5,799.99,480.0,0.25,No
TXN-02063,01-24-2023,CUST-0238,Liam Turner,West,Bristol,Rachel Ng,Clothing,Running Shoes,PRD-007,1,69.99,28.0,0.1,No
TXN-02064,18/08/2023,CUST-0501,Harry Singh,East,Cambridge,Sarah Collins,Clothing,Running Shoes,PRD-007,5,69.99,28.0,0.05,No
TXN-02065,27/11/2023,CUST-0144,,North,Liverpool,Rachel Ng,Home & Garden,Throw Blanket,PRD-013,9,44.99,18.0,0.15,No
TXN-02066,23/03/2023,CUST-0342,,West,Bath,Emily Patel,Home & Garden,Garden Fork,PRD-012,10,34.99,14.0,0.25,No
TXN-02067,19/05/2023,CUST-0579,James Holloway,South,London,Tom Bridges,Clothing,Gym T-Shirt,PRD-010,9,19.99,7.0,0.0,No
TXN-02068,2023-01-26,CUST-0560,Thomas Wu,North,Liverpool,Daniel Marsh,Clothing,Gym T-Shirt,PRD-010,8,19.99,7.0,0.15,No
TXN-02069,08-23-2023,CUST-0113,Liam Turner,South,Brighton,Emily Patel,Electronics,Laptop Stand,PRD-004,8,49.99,18.0,0.0,No
TXN-02070,20/06/2023,CUST-0537,,East,Norwich,Emily Patel,Home & Garden,Throw Blanket,PRD-013,7,-44.99,18.0,0.2,No
TXN-02071,08-11-2023,CUST-0164,Liam Turner,South,London,Daniel Marsh,Electronics,Apple iPad,PRD-003,2,499.99,310.0,0.05,No
TXN-02072,07/05/2023,CUST-0525,Amelia Roberts,East,Peterborough,Daniel Marsh,Electronics,"Samsung 55"" TV",PRD-001,7,-799.99,480.0,0.0,No
TXN-02073,05-03-2023,CUST-0472,Harry Singh,North,Sheffield,Daniel Marsh,Home & Garden,Plant Pot Set,PRD-014,5,29.99,11.0,0.1,No
TXN-02074,05-29-2023,CUST-0319,Thomas Wu,West,Bristol,Emily Patel,Home & Garden,Throw Blanket,PRD-013,1,44.99,18.0,0.15,No
TXN-02075,12-18-2023,CUST-0188,Noah Patel,West,Exeter,James Okafor,Clothing,Winter Jacket,PRD-006,5,89.99,35.0,0.0,No
TXN-02076,03-12-2023,CUST-0457,Marcus Johnson,south,Brighton,James Okafor,Home & Garden,Scented Candle,PRD-015,3,14.99,4.5,0.0,Yes
TXN-02077,2023-07-19,CUST-0586,Harry Singh,North,Sheffield,Rachel Ng,Clothing,Wool Scarf,PRD-009,2,24.99,8.0,0.15,No
TXN-02078,10/07/2023,CUST-0441,Harry Singh,East,Cambridge,Rachel Ng,Electronics,Apple iPad,PRD-003,6,499.99,310.0,0.25,No
TXN-02079,06/02/2023,CUST-0268,Sophie Davies,West,Exeter,Tom Bridges,Electronics,Sony Headphones,PRD-002,1,149.99,75.0,0.15,No
TXN-02080,2023-12-21,CUST-0139,Grace Kim,EAST,Cambridge,Rachel Ng,Clothing,Wool Scarf,PRD-009,6,24.99,8.0,0.1,Yes
TXN-02081,01/08/2023,CUST-0509,Isla McGregor,West,Cardiff,Rachel Ng,Clothing,Running Shoes,PRD-007,9,69.99,28.0,0.2,Yes
TXN-02082,2023-02-10,CUST-0559,James Holloway,South,Brighton,James Okafor,Electronics,"Samsung 55"" TV",PRD-001,4,799.99,480.0,0.0,No
TXN-02083,2023-06-25,CUST-0178,Fatima Al-Rashid,North,Sheffield,Daniel Marsh ,Clothing,Denim Jeans,PRD-008,6,49.99,18.0,0.25,No
TXN-02084,2023-12-31,CUST-0202,Ethan Brooks,East,Peterborough,Emily Patel,Home & Garden,Garden Fork,PRD-012,6,34.99,14.0,0.0,No
TXN-02085,12-01-2023,CUST-0228,,South,Oxford,Tom Bridges,Clothing,Running Shoes,PRD-007,4,69.99,28.0,0.15,No
TXN-02086,2023-12-27,CUST-0256,Chloe Evans,South,Oxford,Sarah Collins,Home & Garden,Scented Candle,PRD-015,2,14.99,4.5,0.2,No
TXN-02087,2023-02-16,CUST-0410,Priya Sharma,South,Southampton,James Okafor,Clothing,Wool Scarf,PRD-009,10,24.99,8.0,0.25,No
TXN-02088,05/03/2023,CUST-0332,Thomas Wu,South,Oxford,Sarah Collins,Electronics,Wireless Charger,PRD-005,6,29.99,10.0,0.0,No
TXN-02089,2023-11-20,CUST-0272,Marcus Johnson,North,Sheffield,Emily Patel,Clothing,Denim Jeans,PRD-008,5,49.99,18.0,0.2,No
TXN-02090,01-28-2023,CUST-0241,,South,Southampton,Sarah Collins,Clothing,Running Shoes,PRD-007,7,69.99,28.0,0.0,No
TXN-02091,2023-05-07,CUST-0243,Marcus Johnson,West,Exeter,Sarah Collins,electronics,Apple iPad,PRD-003,9,499.99,310.0,0.1,Yes
TXN-02092,13/12/2023,CUST-0442,Amelia Roberts,North,Liverpool,Sarah Collins,clothing,Running Shoes,PRD-007,0,69.99,28.0,0.0,No
TXN-02093,22/06/2023,CUST-0327,Amelia Roberts,South,Brighton,Tom Bridges,Home & Garden,Plant Pot Set,PRD-014,6,29.99,11.0,0.15,No
TXN-02094,07/11/2023,CUST-0211,Thomas Wu,East,Norwich,Emily Patel,Electronics,Laptop Stand,PRD-004,7,49.99,18.0,0.2,No
TXN-02095,11-13-2023,CUST-0125,Mia Carter,South,London,James Okafor,clothing,Winter Jacket,PRD-006,4,89.99,35.0,0.1,No
TXN-02096,17/03/2023,CUST-0330,Fatima Al-Rashid,East,Ipswich,Tom Bridges,Electronics,Wireless Charger,PRD-005,2,29.99,10.0,0.0,Yes
TXN-02097,12-01-2023,CUST-0117,Harry Singh,East,Ipswich,Emily Patel,Electronics,Sony Headphones,PRD-002,2,149.99,75.0,0.0,No
TXN-02098,2023-10-29,CUST-0483,Chloe Evans,East,Norwich,Sarah Collins,Clothing,Denim Jeans,PRD-008,4,49.99,18.0,0.2,No
TXN-02099,07/10/2023,CUST-0421,Ethan Brooks,East,Norwich,Unknown,Electronics,Laptop Stand,PRD-004,7,49.99,18.0,0.05,Yes
TXN-02100,27/11/2023,CUST-0599,Chloe Evans,West,Cardiff,James Okafor,Clothing,Winter Jacket,PRD-006,1,89.99,35.0,0.0,No
TXN-02101,2023-04-23,CUST-0240,Marcus Johnson,West,Exeter,Tom Bridges,Clothing,Running Shoes,PRD-007,9,69.99,28.0,0.1,No
TXN-02102,2023-09-11,CUST-0270,Liam Turner,East,Ipswich,Daniel Marsh,Home & Garden,Scented Candle,PRD-015,5,14.99,4.5,0.0,No
TXN-02103,2023-01-07,CUST-0396,Chloe Evans,East,Norwich,Rachel Ng,Home & Garden,Plant Pot Set,PRD-014,7,29.99,11.0,0.2,No
TXN-02104,2023-06-16,CUST-0194,Thomas Wu,South,Oxford,Daniel Marsh,Electronics,Laptop Stand,PRD-004,5,49.99,18.0,0.1,No
TXN-02105,2023-04-20,CUST-0173,Isla McGregor,East,Peterborough,Rachel Ng,Home & Garden,Garden Fork,PRD-012,4,34.99,14.0,0.25,Yes
TXN-02106,2023-12-10,CUST-0426,Isla McGregor,South,Oxford,Sarah Collins,Electronics,Sony Headphones,PRD-002,3,149.99,75.0,0.0,No
TXN-02107,04-12-2023,CUST-0512,Liam Turner,South,Southampton,Sarah Collins,Home & Garden,Throw Blanket,PRD-013,10,44.99,18.0,0.2,Yes
TXN-02108,05/06/2023,CUST-0324,Isla McGregor,North,Liverpool,Rachel Ng,Home & Garden,Throw Blanket,PRD-013,8,44.99,18.0,0.2,Yes
TXN-02109,29/09/2023,CUST-0449,James Holloway,West,Bath,Rachel Ng,Home & Garden,Coffee Maker,PRD-011,10,79.99,38.0,0.1,No
TXN-02110,08-18-2023,CUST-0567,Liam Turner,East,Ipswich,Daniel Marsh,Home & Garden,Garden Fork,PRD-012,7,34.99,14.0,0.2,No
TXN-02111,05-10-2023,CUST-0190,Amelia Roberts,South,Southampton,Daniel Marsh,Clothing,Gym T-Shirt,PRD-010,3,19.99,7.0,0.25,No
TXN-02112,09-24-2023,CUST-0362,Harry Singh,East,Peterborough,Tom Bridges,Electronics,Apple iPad,PRD-003,10,499.99,310.0,0.2,No
TXN-02113,24/09/2023,CUST-0565,Oliver Bennett,West,Cardiff,Emily Patel,Home & Garden,Throw Blanket,PRD-013,1,44.99,18.0,0.05,No
TXN-02114,07-22-2023,CUST-0226,Fatima Al-Rashid,East,Norwich,James Okafor,clothing,Gym T-Shirt,PRD-010,9,19.99,7.0,0.05,No
TXN-02115,02-16-2023,CUST-0412,James Holloway,South,Oxford,Unknown,Home & Garden,Garden Fork,PRD-012,8,34.99,14.0,0.25,No
TXN-02116,2023-04-10,CUST-0286,Oliver Bennett,South,London,Sarah Collins,Electronics,Apple iPad,PRD-003,3,-499.99,310.0,0.0,No
TXN-02117,2023-01-18,CUST-0568,Sophie Davies,West,Cardiff,,Home & Garden,Coffee Maker,PRD-011,3,79.99,38.0,0.25,No
TXN-02118,26/08/2023,CUST-0397,Oliver Bennett,South,London,James Okafor,Clothing,Denim Jeans,PRD-008,0,-49.99,18.0,0.0,No
TXN-02119,2023-11-13,CUST-0468,Chloe Evans,East,Cambridge,James Okafor,Clothing,Denim Jeans,PRD-008,4,49.99,18.0,0.25,No
TXN-02120,10-07-2023,CUST-0419,James Holloway,North,Manchester,Daniel Marsh,clothing,Wool Scarf,PRD-009,3,24.99,8.0,0.0,Yes
TXN-02121,03-13-2023,CUST-0235,Amelia Roberts,South,London,James Okafor,Electronics,"Samsung 55"" TV",PRD-001,1,799.99,480.0,0.15,No
TXN-02122,09-28-2023,CUST-0277,Sophie Davies,East,Peterborough,Tom Bridges,Electronics,"Samsung 55"" TV",PRD-001,3,799.99,480.0,0.0,No
TXN-02123,03-11-2023,CUST-0572,Chloe Evans,South,Oxford,Tom Bridges,Electronics,"Samsung 55"" TV",PRD-001,7,799.99,480.0,0.25,No
TXN-02124,09-05-2023,CUST-0414,Oliver Bennett,North,Manchester,Emily Patel,Clothing,Running Shoes,PRD-007,0,69.99,28.0,0.25,No
TXN-02125,01-02-2023,CUST-0329,Liam Turner,East,Norwich,Emily Patel,Electronics,Sony Headphones,PRD-002,2,149.99,75.0,0.1,No
TXN-02126,01-13-2023,CUST-0103,Amelia Roberts,East,Cambridge,Rachel Ng,Clothing,Running Shoes,PRD-007,8,69.99,28.0,0.1,Yes
TXN-02127,05-05-2023,CUST-0428,Ethan Brooks,West,Exeter,Sarah Collins,Home & Garden,Throw Blanket,PRD-013,1,44.99,18.0,0.0,No
TXN-02128,11/04/2023,CUST-0198,Chloe Evans,South,London,Sarah Collins,Home & Garden,Garden Fork,PRD-012,1,34.99,14.0,0.15,Yes
TXN-02129,2023-08-24,CUST-0343,Oliver Bennett,north,Sheffield,Sarah Collins,Electronics,"Samsung 55"" TV",PRD-001,2,799.99,480.0,0.25,No
TXN-02130,06-07-2023,CUST-0128,James Holloway,West,Exeter,Tom Bridges,Home & Garden,Garden Fork,PRD-012,2,34.99,14.0,0.0,No
TXN-02131,09-13-2023,CUST-0520,Chloe Evans,East,Norwich,James Okafor,Home & Garden,Scented Candle,PRD-015,1,14.99,4.5,0.0,No
TXN-02132,2023-06-19,CUST-0148,Isla McGregor,West,Bath,Sarah Collins,Clothing,Gym T-Shirt,PRD-010,7,19.99,7.0,0.0,No
TXN-02133,14/08/2023,CUST-0331,Sophie Davies,West,Bath,Sarah Collins,Electronics,Wireless Charger,PRD-005,1,29.99,10.0,0.1,No
TXN-02134,31/03/2023,CUST-0284,Mia Carter,South,Brighton,Daniel Marsh,Home & Garden,Scented Candle,PRD-015,3,14.99,4.5,0.1,No
TXN-02135,04-11-2023,CUST-0357,Chloe Evans,South,Brighton,James Okafor,Clothing,Winter Jacket,PRD-006,3,89.99,35.0,0.1,No
TXN-02136,2023-11-05,CUST-0277,Amelia Roberts,East,Ipswich,Rachel Ng,Electronics,Sony Headphones,PRD-002,10,149.99,75.0,0.05,No
TXN-02137,30/07/2023,CUST-0422,Fatima Al-Rashid,West,Bath,James Okafor,Electronics,Apple iPad,PRD-003,4,499.99,310.0,0.05,No
TXN-02138,03-29-2023,CUST-0547,Harry Singh,South,London,Sarah Collins,Electronics,Laptop Stand,PRD-004,4,49.99,18.0,0.1,No
TXN-02139,19/05/2023,CUST-0434,Marcus Johnson,West,Cardiff,James Okafor,Electronics,Apple iPad,PRD-003,6,499.99,310.0,0.15,No
TXN-02140,04-02-2023,CUST-0423,Isla McGregor,south,Oxford,Emily Patel,Home & Garden,Scented Candle,PRD-015,6,14.99,4.5,0.25,No
TXN-02141,30/03/2023,CUST-0298,Ethan Brooks,East,Norwich,Emily Patel,Home & Garden,Plant Pot Set,PRD-014,5,29.99,11.0,0.25,No
TXN-02142,07-08-2023,CUST-0261,Noah Patel,West,Exeter,James Okafor,Home & Garden,Plant Pot Set,PRD-014,6,29.99,11.0,0.0,Yes
TXN-02143,2023-02-09,CUST-0233,Marcus Johnson,North,Leeds,Emily Patel,Home & Garden,Garden Fork,PRD-012,1,34.99,14.0,0.15,No
TXN-02144,05-18-2023,CUST-0425,,North,Liverpool,Emily Patel,Electronics,Wireless Charger,PRD-005,7,29.99,10.0,0.0,No
TXN-02145,23/09/2023,CUST-0551,Oliver Bennett,WEST,Bath,Sarah Collins,Clothing,Gym T-Shirt,PRD-010,7,19.99,7.0,0.05,No
TXN-02146,11/02/2023,CUST-0171,Marcus Johnson,North,Manchester,Tom Bridges,Clothing,Denim Jeans,PRD-008,10,49.99,18.0,0.0,No
TXN-02147,2023-03-30,CUST-0216,Fatima Al-Rashid,NORTH,Manchester,James Okafor,Clothing,Gym T-Shirt,PRD-010,9,19.99,7.0,0.2,No
TXN-02148,16/09/2023,CUST-0516,Ethan Brooks,West,Exeter,Daniel Marsh,Home & Garden,Throw Blanket,PRD-013,1,44.99,18.0,0.25,No
TXN-02149,02-04-2023,CUST-0532,Chloe Evans,south,London,Emily Patel,Clothing,Wool Scarf,PRD-009,1,24.99,8.0,0.25,No
TXN-02150,12-26-2023,CUST-0209,Mia Carter,East,Cambridge,Rachel Ng,Clothing,Gym T-Shirt,PRD-010,5,19.99,7.0,0.25,No
TXN-02151,07-08-2023,CUST-0468,Priya Sharma,South,London,Emily Patel,Clothing,Gym T-Shirt,PRD-010,9,19.99,7.0,0.05,No
TXN-02152,11-13-2023,CUST-0492,Chloe Evans,South,London,Emily Patel ,Electronics,Sony Headphones,PRD-002,6,149.99,75.0,0.2,No
TXN-02153,14/09/2023,CUST-0187,Oliver Bennett,West,Bristol,Rachel Ng,Clothing,Wool Scarf,PRD-009,7,24.99,8.0,0.0,No
TXN-02154,11-07-2023,CUST-0398,Grace Kim,South,Brighton,Tom Bridges,Home & Garden,Coffee Maker,PRD-011,9,79.99,38.0,0.0,No
TXN-02155,15/06/2023,CUST-0571,Grace Kim,South,Southampton,James Okafor,Clothing,Wool Scarf,PRD-009,8,24.99,8.0,0.15,No
TXN-02156,03/08/2023,CUST-0481,Isla McGregor,South,Southampton,Rachel Ng,Home & Garden,Garden Fork,PRD-012,6,34.99,14.0,0.0,No
TXN-02157,16/11/2023,CUST-0267,Marcus Johnson,NORTH,Sheffield,James Okafor,Clothing,Running Shoes,PRD-007,10,69.99,28.0,0.1,No
TXN-02158,07/03/2023,CUST-0275,Oliver Bennett,West,Bristol,Unknown,Home & Garden,Throw Blanket,PRD-013,1,-44.99,18.0,0.25,No
TXN-02159,2023-06-20,CUST-0545,Amelia Roberts,South,Southampton,Tom Bridges,Electronics,Wireless Charger,PRD-005,6,29.99,10.0,0.0,No
TXN-02160,02-05-2023,CUST-0234,Oliver Bennett,East,Ipswich,James Okafor,Home & Garden,Throw Blanket,PRD-013,1,44.99,18.0,0.15,No
TXN-02161,2023-09-04,CUST-0152,Oliver Bennett,West,Cardiff,Tom Bridges,Electronics,Apple iPad,PRD-003,10,499.99,310.0,0.05,Yes
TXN-02162,01-28-2023,CUST-0434,Chloe Evans,west,Cardiff,Daniel Marsh,electronics,Apple iPad,PRD-003,5,499.99,310.0,0.1,No
TXN-02163,13/09/2023,CUST-0599,Chloe Evans,South,Brighton,Sarah Collins,Home & Garden,Garden Fork,PRD-012,2,34.99,14.0,0.0,No
TXN-02164,11/11/2023,CUST-0560,Fatima Al-Rashid,West,Bath,Emily Patel,Clothing,Denim Jeans,PRD-008,6,49.99,18.0,0.1,No
TXN-02165,04-09-2023,CUST-0416,Thomas Wu,East,Norwich,Sarah Collins,Electronics,Sony Headphones,PRD-002,10,149.99,75.0,0.15,Yes
TXN-02166,2023-08-10,CUST-0173,James Holloway,South,London,James Okafor,Home & Garden,Throw Blanket,PRD-013,9,44.99,18.0,0.15,No
TXN-02167,05-11-2023,CUST-0315,Amelia Roberts,WEST,Exeter,Daniel Marsh,Home & Garden,Throw Blanket,PRD-013,5,44.99,18.0,0.25,No
TXN-02168,09-17-2023,CUST-0479,Grace Kim,South,Oxford,James Okafor ,Electronics,Apple iPad,PRD-003,8,499.99,310.0,0.0,No
TXN-02169,12/02/2023,CUST-0588,Grace Kim,South,London,James Okafor,Electronics,Wireless Charger,PRD-005,9,29.99,10.0,0.0,No
TXN-02170,2023-05-13,CUST-0522,James Holloway,East,Norwich,Daniel Marsh,Home & Garden,Plant Pot Set,PRD-014,5,29.99,11.0,0.1,No
TXN-02171,2023-01-24,CUST-0340,Grace Kim,East,Cambridge,Daniel Marsh,Clothing,Denim Jeans,PRD-008,5,49.99,18.0,0.25,No
TXN-02172,01-30-2023,CUST-0480,James Holloway,East,Norwich,Daniel Marsh,Home & Garden,Plant Pot Set,PRD-014,8,29.99,11.0,0.0,No
TXN-02173,06/12/2023,CUST-0154,Amelia Roberts,East,Peterborough,Tom Bridges,Electronics,Laptop Stand,PRD-004,4,49.99,18.0,0.1,No
TXN-02174,03-06-2023,CUST-0191,Marcus Johnson,North,Leeds,Daniel Marsh,Clothing,Denim Jeans,PRD-008,8,49.99,18.0,0.15,No
TXN-02175,13/12/2023,CUST-0266,Chloe Evans,West,Exeter,Sarah Collins,home & garden,Plant Pot Set,PRD-014,9,29.99,11.0,0.0,No
TXN-02176,19/10/2023,CUST-0427,,North,Liverpool,Rachel Ng,Clothing,Gym T-Shirt,PRD-010,4,19.99,7.0,0.2,No
TXN-02177,11/07/2023,CUST-0290,Thomas Wu,East,Peterborough,Sarah Collins,Electronics,Wireless Charger,PRD-005,6,29.99,10.0,0.2,No
TXN-02178,2023-04-12,CUST-0392,Chloe Evans,west,Bristol,James Okafor,Clothing,Wool Scarf,PRD-009,5,24.99,8.0,0.2,No
TXN-02179,2023-05-01,CUST-0140,Thomas Wu,West,Bristol,Emily Patel,home & garden,Garden Fork,PRD-012,7,34.99,14.0,0.0,No
TXN-02180,05/05/2023,CUST-0392,Chloe Evans,North,Sheffield,Tom Bridges,Home & Garden,Coffee Maker,PRD-011,8,79.99,38.0,0.2,No
TXN-02181,09/09/2023,CUST-0205,Grace Kim,North,Sheffield,Daniel Marsh,clothing,Running Shoes,PRD-007,3,-69.99,28.0,0.05,No
TXN-02182,2023-08-29,CUST-0211,Sophie Davies,East,Ipswich,James Okafor,Home & Garden,Coffee Maker,PRD-011,1,79.99,38.0,0.1,No
TXN-02183,2023-02-11,CUST-0217,Chloe Evans,North,Leeds,Emily Patel,Electronics,Apple iPad,PRD-003,7,499.99,310.0,0.05,No
TXN-02184,2023-12-30,CUST-0202,Oliver Bennett,south,London,Daniel Marsh,Home & Garden,Scented Candle,PRD-015,6,14.99,4.5,0.2,No
TXN-02185,2023-09-03,CUST-0300,Isla McGregor,North,Leeds,Rachel Ng,Clothing,Gym T-Shirt,PRD-010,1,19.99,7.0,0.05,No
TXN-02186,2023-01-16,CUST-0125,Noah Patel,North,Leeds,Tom Bridges,Clothing,Denim Jeans,PRD-008,6,49.99,18.0,0.0,No
TXN-02187,2023-08-20,CUST-0587,Chloe Evans,West,Exeter,Daniel Marsh,Home & Garden,Garden Fork,PRD-012,3,34.99,14.0,0.1,No
TXN-02188,10-05-2023,CUST-0245,Isla McGregor,east,Norwich,Emily Patel,Clothing,Wool Scarf,PRD-009,2,24.99,8.0,0.0,No
TXN-02189,31/07/2023,CUST-0400,Mia Carter,North,Leeds,Daniel Marsh,Home & Garden,Scented Candle,PRD-015,3,14.99,4.5,0.0,No
TXN-02190,03/12/2023,CUST-0298,Liam Turner,North,Manchester,Tom Bridges,Clothing,Denim Jeans,PRD-008,3,49.99,18.0,0.0,No
TXN-02191,02-09-2023,CUST-0514,Harry Singh,North,Leeds,Rachel Ng,Clothing,Denim Jeans,PRD-008,4,49.99,18.0,0.1,No
TXN-02192,2023-03-14,CUST-0481,Marcus Johnson,South,Oxford,Emily Patel,Electronics,"Samsung 55"" TV",PRD-001,10,799.99,480.0,0.0,No
TXN-02193,2023-07-29,CUST-0387,Amelia Roberts,East,Cambridge,Tom Bridges,Electronics,Apple iPad,PRD-003,2,499.99,310.0,0.0,No
TXN-02194,02/09/2023,CUST-0395,Harry Singh,West,Bath,Unknown,Electronics,Sony Headphones,PRD-002,4,149.99,75.0,0.0,No
TXN-02195,10-24-2023,CUST-0100,Fatima Al-Rashid,South,London,James Okafor,Electronics,Apple iPad,PRD-003,9,499.99,310.0,0.05,No
TXN-02196,05-09-2023,CUST-0407,Harry Singh,North,Sheffield,Tom Bridges,Electronics,Laptop Stand,PRD-004,8,49.99,18.0,0.0,No
TXN-02197,2023-06-19,CUST-0373,Sophie Davies,North,Sheffield,Emily Patel,Home & Garden,Plant Pot Set,PRD-014,4,29.99,11.0,0.0,No
TXN-02198,16/02/2023,CUST-0256,,North,Leeds,Tom Bridges,Clothing,Denim Jeans,PRD-008,8,49.99,18.0,0.0,No
TXN-02199,12/05/2023,CUST-0365,Liam Turner,West,Exeter,Rachel Ng,home & garden,Coffee Maker,PRD-011,2,79.99,38.0,0.0,No
TXN-02200,02-24-2023,CUST-0409,Marcus Johnson,West,Cardiff,Daniel Marsh,Clothing,Wool Scarf,PRD-009,10,24.99,8.0,0.05,Yes
TXN-02201,07-03-2023,CUST-0435,Sophie Davies,East,Peterborough,Unknown,Electronics,"Samsung 55"" TV",PRD-001,6,799.99,480.0,0.1,No
TXN-02202,11-15-2023,CUST-0192,Ethan Brooks,North,Manchester,James Okafor,Home & Garden,Coffee Maker,PRD-011,10,79.99,38.0,0.1,Yes
TXN-02203,2023-02-06,CUST-0525,Liam Turner,North,Leeds,James Okafor,Home & Garden,Plant Pot Set,PRD-014,8,29.99,11.0,0.2,No
TXN-02204,11-21-2023,CUST-0487,Marcus Johnson,east,Peterborough,Rachel Ng,Clothing,Running Shoes,PRD-007,1,69.99,28.0,0.0,No
TXN-02205,2023-02-23,CUST-0266,Amelia Roberts,West,Cardiff,Tom Bridges,Electronics,"Samsung 55"" TV",PRD-001,8,799.99,480.0,0.0,Yes
TXN-02206,2023-01-18,CUST-0516,Thomas Wu,West,Bristol,Emily Patel,Clothing,Wool Scarf,PRD-009,8,24.99,8.0,0.0,No
TXN-02207,29/09/2023,CUST-0106,Mia Carter,North,Liverpool,Emily Patel,clothing,Gym T-Shirt,PRD-010,10,19.99,7.0,0.0,No
TXN-02208,02/09/2023,CUST-0572,Chloe Evans,North,Leeds,Emily Patel,Clothing,Running Shoes,PRD-007,7,69.99,28.0,0.15,Yes
TXN-02209,2023-12-29,CUST-0435,Priya Sharma,EAST,Ipswich,James Okafor,Electronics,Apple iPad,PRD-003,5,499.99,310.0,0.0,No
TXN-02210,29/11/2023,CUST-0315,Priya Sharma,East,Norwich,Sarah Collins,Clothing,Running Shoes,PRD-007,4,69.99,28.0,0.15,No
TXN-02211,2023-01-27,CUST-0488,Chloe Evans,North,Manchester,Rachel Ng,Home & Garden,Coffee Maker,PRD-011,10,79.99,38.0,0.05,Yes
TXN-02212,2023-08-20,CUST-0170,Liam Turner,East,Ipswich,Tom Bridges,Electronics,Wireless Charger,PRD-005,10,29.99,10.0,0.0,No
TXN-02213,2023-08-26,CUST-0237,Thomas Wu,EAST,Peterborough,Rachel Ng,Home & Garden,Garden Fork,PRD-012,9,34.99,14.0,0.0,No
TXN-02214,20/11/2023,CUST-0512,Marcus Johnson,West,Bath,James Okafor,Home & Garden,Plant Pot Set,PRD-014,10,29.99,11.0,0.25,No
TXN-02215,04-02-2023,CUST-0570,Thomas Wu,North,Sheffield,Daniel Marsh,Clothing,Wool Scarf,PRD-009,3,24.99,8.0,0.2,No
TXN-02216,21/05/2023,CUST-0148,Grace Kim,east,Cambridge,James Okafor,home & garden,Plant Pot Set,PRD-014,3,29.99,11.0,0.15,No
TXN-02217,03-23-2023,CUST-0305,Marcus Johnson,East,Cambridge,Emily Patel,Home & Garden,Garden Fork,PRD-012,2,34.99,14.0,0.1,No
TXN-02218,2023-12-01,CUST-0357,Chloe Evans,South,Brighton,Emily Patel,home & garden,Plant Pot Set,PRD-014,10,29.99,11.0,0.2,No
TXN-02219,2023-04-18,CUST-0324,Sophie Davies,North,Sheffield,Sarah Collins,Electronics,Laptop Stand,PRD-004,9,49.99,18.0,0.15,No
TXN-02220,2023-07-18,CUST-0108,Isla McGregor,South,Oxford,James Okafor,Home & Garden,Plant Pot Set,PRD-014,8,29.99,11.0,0.05,No
TXN-02221,05-25-2023,CUST-0500,Mia Carter,North,Liverpool,James Okafor,Electronics,Sony Headphones,PRD-002,7,149.99,75.0,0.1,No
TXN-02222,2023-08-09,CUST-0310,Harry Singh,North,Liverpool,James Okafor,Home & Garden,Coffee Maker,PRD-011,4,79.99,38.0,0.0,No
TXN-02223,2023-02-08,CUST-0177,Grace Kim,South,Southampton,Emily Patel,Clothing,Gym T-Shirt,PRD-010,6,19.99,7.0,0.25,No
TXN-02224,11-10-2023,CUST-0426,Noah Patel,North,Liverpool,sarah collins,home & garden,Coffee Maker,PRD-011,3,79.99,38.0,0.2,No
TXN-02225,2023-04-24,CUST-0247,Mia Carter,East,Norwich,Daniel Marsh,Electronics,Apple iPad,PRD-003,2,499.99,310.0,0.0,No
TXN-02226,2023-11-25,CUST-0107,Oliver Bennett,North,Manchester,James Okafor,Clothing,Running Shoes,PRD-007,9,69.99,28.0,0.05,No
TXN-02227,04/03/2023,CUST-0219,Marcus Johnson,West,Exeter,Sarah Collins,Home & Garden,Throw Blanket,PRD-013,1,44.99,18.0,0.2,No
TXN-02228,07-02-2023,CUST-0520,Oliver Bennett,North,Sheffield,Emily Patel,Electronics,Wireless Charger,PRD-005,3,29.99,10.0,0.1,No
TXN-02229,09-02-2023,CUST-0535,Priya Sharma,SOUTH,Brighton,Sarah Collins,Clothing,Winter Jacket,PRD-006,3,89.99,35.0,0.2,No
TXN-02230,07/09/2023,CUST-0186,Sophie Davies,South,Brighton,Emily Patel,home & garden,Scented Candle,PRD-015,5,14.99,4.5,0.05,No
TXN-02231,2023-09-26,CUST-0236,Grace Kim,West,Cardiff,Rachel Ng,Clothing,Running Shoes,PRD-007,8,69.99,28.0,0.2,No
TXN-02232,2023-06-20,CUST-0123,James Holloway,South,London,Rachel Ng,Clothing,Denim Jeans,PRD-008,9,49.99,18.0,0.2,No
TXN-02233,10/05/2023,CUST-0130,Mia Carter,East,Peterborough,Daniel Marsh,home & garden,Throw Blanket,PRD-013,2,44.99,18.0,0.0,No
TXN-02234,29/09/2023,CUST-0370,Noah Patel,East,Cambridge,Rachel Ng,Electronics,Laptop Stand,PRD-004,5,-49.99,18.0,0.0,No
TXN-02235,2023-05-15,CUST-0129,Mia Carter,East,Peterborough,James Okafor,Clothing,Wool Scarf,PRD-009,7,24.99,8.0,0.0,No
TXN-02236,04-21-2023,CUST-0244,,south,London,James Okafor,Home & Garden,Garden Fork,PRD-012,6,34.99,14.0,0.0,No
TXN-02237,04-22-2023,CUST-0387,Priya Sharma,South,London,tom bridges,Home & Garden,Throw Blanket,PRD-013,8,44.99,18.0,0.25,No
TXN-02238,2023-11-10,CUST-0237,Amelia Roberts,North,Liverpool,Tom Bridges,Clothing,Denim Jeans,PRD-008,9,49.99,18.0,0.0,No
TXN-02239,2023-12-27,CUST-0339,Isla McGregor,North,Sheffield,James Okafor,Electronics,Laptop Stand,PRD-004,1,49.99,18.0,0.15,No
TXN-02240,08-23-2023,CUST-0120,Chloe Evans,NORTH,Sheffield,Tom Bridges,Clothing,Running Shoes,PRD-007,8,69.99,28.0,0.25,No
TXN-02241,25/06/2023,CUST-0495,James Holloway,North,Sheffield,Tom Bridges,Clothing,Wool Scarf,PRD-009,4,24.99,8.0,0.2,No
TXN-02242,11-16-2023,CUST-0594,Chloe Evans,South,Oxford,Rachel Ng,Home & Garden,Coffee Maker,PRD-011,9,79.99,38.0,0.0,No
TXN-02243,18/07/2023,CUST-0317,Fatima Al-Rashid,East,Norwich,Tom Bridges,Electronics,Wireless Charger,PRD-005,9,29.99,10.0,0.25,No
TXN-02244,16/03/2023,CUST-0330,Fatima Al-Rashid,West,Bath,James Okafor,Electronics,Apple iPad,PRD-003,9,499.99,310.0,0.15,No
TXN-02245,2023-11-29,CUST-0534,Grace Kim,East,Cambridge,Rachel Ng,Home & Garden,Scented Candle,PRD-015,2,14.99,4.5,0.0,No
TXN-02246,02-01-2023,CUST-0288,Amelia Roberts,East,Norwich,Rachel Ng,Electronics,Apple iPad,PRD-003,2,499.99,310.0,0.15,No
TXN-02247,05-19-2023,CUST-0527,Fatima Al-Rashid,East,Peterborough,James Okafor,Clothing,Wool Scarf,PRD-009,8,24.99,8.0,0.0,No
TXN-02248,03-23-2023,CUST-0120,Mia Carter,east,Ipswich,Sarah Collins,Clothing,Running Shoes,PRD-007,4,69.99,28.0,0.0,No
TXN-02249,2023-07-11,CUST-0401,Thomas Wu,West,Cardiff,James Okafor,Home & Garden,Throw Blanket,PRD-013,5,44.99,18.0,0.0,No
TXN-02250,2023-02-04,CUST-0595,Mia Carter,West,Bath,Tom Bridges,Clothing,Wool Scarf,PRD-009,6,24.99,8.0,0.25,No
TXN-02251,01/09/2023,CUST-0101,Fatima Al-Rashid,East,Cambridge,Emily Patel,home & garden,Plant Pot Set,PRD-014,8,29.99,11.0,0.25,No
TXN-02252,2023-06-30,CUST-0303,Ethan Brooks,South,Southampton,Sarah Collins,Electronics,"Samsung 55"" TV",PRD-001,1,799.99,480.0,0.1,No
TXN-02253,04-02-2023,CUST-0104,Isla McGregor,West,Bristol,Tom Bridges,Electronics,Wireless Charger,PRD-005,8,29.99,10.0,0.0,No
TXN-02254,03-15-2023,CUST-0534,Priya Sharma,West,Bristol,Daniel Marsh,Home & Garden,Coffee Maker,PRD-011,8,79.99,38.0,0.2,No
TXN-02255,16/07/2023,CUST-0271,Isla McGregor,East,Norwich,Tom Bridges,Electronics,Apple iPad,PRD-003,9,499.99,310.0,0.1,No
TXN-02256,12-26-2023,CUST-0133,James Holloway,South,London,Daniel Marsh,home & garden,Coffee Maker,PRD-011,6,79.99,38.0,0.15,No
TXN-02257,2023-05-23,CUST-0102,Sophie Davies,West,Cardiff,James Okafor,home & garden,Plant Pot Set,PRD-014,7,29.99,11.0,0.25,No
TXN-02258,05-03-2023,CUST-0287,Oliver Bennett,North,Liverpool,Rachel Ng,Clothing,Running Shoes,PRD-007,9,69.99,28.0,0.2,No
TXN-02259,16/01/2023,CUST-0309,Fatima Al-Rashid,North,Liverpool,James Okafor,Electronics,Laptop Stand,PRD-004,9,49.99,18.0,0.2,No
TXN-02260,2023-03-06,CUST-0508,Oliver Bennett,North,Sheffield,Daniel Marsh,clothing,Running Shoes,PRD-007,10,69.99,28.0,0.15,No
TXN-02261,02/02/2023,CUST-0431,Grace Kim,East,Peterborough,Daniel Marsh,Clothing,Gym T-Shirt,PRD-010,3,19.99,7.0,0.2,Yes
TXN-02262,17/05/2023,CUST-0188,Marcus Johnson,North,Liverpool,Daniel Marsh,Electronics,Sony Headphones,PRD-002,8,149.99,75.0,0.1,No
TXN-02263,03-18-2023,CUST-0292,,East,Norwich,daniel marsh,Clothing,Winter Jacket,PRD-006,4,89.99,35.0,0.1,No
TXN-02264,03-27-2023,CUST-0101,Fatima Al-Rashid,West,Cardiff,James Okafor,Electronics,Apple iPad,PRD-003,8,499.99,310.0,0.0,No
TXN-02265,01-05-2023,CUST-0349,Amelia Roberts,WEST,Bristol,Rachel Ng,Home & Garden,Plant Pot Set,PRD-014,5,29.99,11.0,0.0,No
TXN-02266,2023-06-24,CUST-0244,James Holloway,North,Manchester,Emily Patel,Home & Garden,Coffee Maker,PRD-011,6,79.99,38.0,0.0,No
TXN-02267,19/10/2023,CUST-0135,Chloe Evans,North,Manchester,Emily Patel,Home & Garden,Scented Candle,PRD-015,7,14.99,4.5,0.0,No
TXN-02268,2023-07-23,CUST-0470,Marcus Johnson,west,Bristol,James Okafor,Clothing,Wool Scarf,PRD-009,7,24.99,8.0,0.1,No
TXN-02269,2023-05-06,CUST-0541,James Holloway,North,Sheffield,Rachel Ng,Home & Garden,Throw Blanket,PRD-013,10,44.99,18.0,0.15,No
TXN-02270,2023-04-19,CUST-0540,Fatima Al-Rashid,North,Sheffield,Daniel Marsh,Clothing,Denim Jeans,PRD-008,8,49.99,18.0,0.0,No
TXN-02271,2023-04-08,CUST-0173,Liam Turner,East,Ipswich,Sarah Collins,Home & Garden,Plant Pot Set,PRD-014,5,29.99,11.0,0.0,No
TXN-02272,05/07/2023,CUST-0557,Grace Kim,South,London,Tom Bridges,Clothing,Gym T-Shirt,PRD-010,8,19.99,7.0,0.2,No
TXN-02273,03-14-2023,CUST-0288,Noah Patel,East,Peterborough,Sarah Collins,Electronics,Wireless Charger,PRD-005,4,29.99,10.0,0.05,No
TXN-02274,14/03/2023,CUST-0191,Chloe Evans,West,Exeter,Rachel Ng,Home & Garden,Garden Fork,PRD-012,1,34.99,14.0,0.2,No
TXN-02275,06-23-2023,CUST-0413,Grace Kim,West,Cardiff,James Okafor,Electronics,Sony Headphones,PRD-002,8,149.99,75.0,0.15,No
TXN-02276,2023-01-10,CUST-0166,Grace Kim,West,Bristol,James Okafor,Electronics,"Samsung 55"" TV",PRD-001,2,799.99,480.0,0.25,Yes
TXN-02277,2023-12-25,CUST-0211,Amelia Roberts,West,Exeter,Emily Patel,Clothing,Denim Jeans,PRD-008,2,49.99,18.0,0.1,Yes
TXN-02278,2023-12-31,CUST-0424,Priya Sharma,West,Bath,Tom Bridges,home & garden,Plant Pot Set,PRD-014,7,29.99,11.0,0.25,No
TXN-02279,14/11/2023,CUST-0328,Mia Carter,North,Manchester,Unknown,Home & Garden,Plant Pot Set,PRD-014,9,29.99,11.0,0.0,No
TXN-02280,22/08/2023,CUST-0344,Sophie Davies,South,Southampton,James Okafor,Electronics,Wireless Charger,PRD-005,3,29.99,10.0,0.0,No
TXN-02281,04-27-2023,CUST-0369,Priya Sharma,East,Ipswich,Sarah Collins,Electronics,Wireless Charger,PRD-005,9,29.99,10.0,0.15,No
TXN-02282,06-19-2023,CUST-0507,Ethan Brooks,West,Cardiff,Rachel Ng,Home & Garden,Plant Pot Set,PRD-014,9,29.99,11.0,0.1,No
TXN-02283,08/06/2023,CUST-0127,Liam Turner,South,Southampton,Tom Bridges,Electronics,Wireless Charger,PRD-005,4,29.99,10.0,0.0,No
TXN-02284,2023-02-10,CUST-0322,Chloe Evans,North,Liverpool,Rachel Ng,Clothing,Wool Scarf,PRD-009,8,24.99,8.0,0.0,No
TXN-02285,02-14-2023,CUST-0270,Priya Sharma,East,Ipswich,Daniel Marsh,Home & Garden,Coffee Maker,PRD-011,2,79.99,38.0,0.15,No
TXN-02286,14/12/2023,CUST-0388,Mia Carter,East,Peterborough,Tom Bridges,Electronics,Sony Headphones,PRD-002,9,149.99,75.0,0.2,No
TXN-02287,13/02/2023,CUST-0129,Liam Turner,North,Leeds,,Electronics,"Samsung 55"" TV",PRD-001,5,799.99,480.0,0.0,No
TXN-02288,2023-09-19,CUST-0511,,West,Exeter,Sarah Collins,Home & Garden,Coffee Maker,PRD-011,10,79.99,38.0,0.2,No
TXN-02289,14/11/2023,CUST-0301,Thomas Wu,North,Sheffield,Rachel Ng,Electronics,Sony Headphones,PRD-002,8,149.99,75.0,0.1,No
TXN-02290,29/04/2023,CUST-0488,Liam Turner,South,Southampton,Sarah Collins,Home & Garden,Throw Blanket,PRD-013,2,44.99,18.0,0.0,No
TXN-02291,06-03-2023,CUST-0440,,West,Bath,Daniel Marsh,Clothing,Running Shoes,PRD-007,7,69.99,28.0,0.15,Yes
TXN-02292,16/05/2023,CUST-0395,Mia Carter,West,Exeter,Sarah Collins,clothing,Running Shoes,PRD-007,9,69.99,28.0,0.0,No
TXN-02293,09-14-2023,CUST-0217,Chloe Evans,West,Bath,Rachel Ng,Home & Garden,Garden Fork,PRD-012,2,34.99,14.0,0.25,No
TXN-02294,16/04/2023,CUST-0476,Mia Carter,South,London,James Okafor,Electronics,Wireless Charger,PRD-005,6,29.99,10.0,0.0,No
TXN-02295,04-04-2023,CUST-0471,Oliver Bennett,North,Manchester,daniel marsh,Electronics,Sony Headphones,PRD-002,10,149.99,75.0,0.1,No
TXN-02296,26/10/2023,CUST-0397,Priya Sharma,west,Bath,Daniel Marsh,Electronics,Laptop Stand,PRD-004,3,49.99,18.0,0.25,No
TXN-02297,2023-12-14,CUST-0505,Grace Kim,North,Sheffield,Tom Bridges,Clothing,Winter Jacket,PRD-006,1,89.99,35.0,0.2,No
TXN-02298,12-19-2023,CUST-0542,Marcus Johnson,West,Bath,Rachel Ng,Home & Garden,Coffee Maker,PRD-011,5,79.99,38.0,0.0,No
TXN-02299,04/07/2023,CUST-0340,Liam Turner,West,Cardiff,Rachel Ng,Electronics,Sony Headphones,PRD-002,10,149.99,75.0,0.15,No
TXN-02300,2023-12-03,CUST-0581,Priya Sharma,North,Leeds,Daniel Marsh,Home & Garden,Scented Candle,PRD-015,2,14.99,4.5,0.15,No
TXN-02301,08/02/2023,CUST-0488,Isla McGregor,South,London,James Okafor,Clothing,Running Shoes,PRD-007,8,69.99,28.0,0.1,No
TXN-02302,06-22-2023,CUST-0143,Grace Kim,West,Cardiff,Daniel Marsh,Electronics,Sony Headphones,PRD-002,6,149.99,75.0,0.0,No
TXN-02303,10-08-2023,CUST-0501,Thomas Wu,South,Southampton,Emily Patel,Home & Garden,Scented Candle,PRD-015,8,14.99,4.5,0.0,No
TXN-02304,03/06/2023,CUST-0511,Chloe Evans,South,Brighton,James Okafor,Electronics,Laptop Stand,PRD-004,9,49.99,18.0,0.25,No
TXN-02305,09/10/2023,CUST-0152,Fatima Al-Rashid,South,Southampton,Daniel Marsh,Clothing,Denim Jeans,PRD-008,6,49.99,18.0,0.0,No
TXN-02306,09-07-2023,CUST-0105,Chloe Evans,North,Manchester,Rachel Ng,Clothing,Denim Jeans,PRD-008,1,49.99,18.0,0.15,No
TXN-02307,2023-05-05,CUST-0251,Liam Turner,West,Exeter,Emily Patel,Electronics,Laptop Stand,PRD-004,9,49.99,18.0,0.2,No
TXN-02308,03-29-2023,CUST-0543,Chloe Evans,South,Oxford,Tom Bridges,Home & Garden,Garden Fork,PRD-012,4,34.99,14.0,0.25,No
TXN-02309,05/01/2023,CUST-0184,Isla McGregor,North,Manchester,Unknown,Clothing,Gym T-Shirt,PRD-010,8,19.99,7.0,0.05,No
TXN-02310,2023-07-13,CUST-0220,Chloe Evans,North,Leeds,tom bridges,Home & Garden,Garden Fork,PRD-012,10,34.99,14.0,0.0,No
TXN-02311,06-03-2023,CUST-0369,Ethan Brooks,East,Norwich,Tom Bridges,Clothing,Running Shoes,PRD-007,7,69.99,28.0,0.2,No
TXN-02312,2023-08-11,CUST-0407,Oliver Bennett,East,Ipswich,Tom Bridges,Electronics,Wireless Charger,PRD-005,9,29.99,10.0,0.1,No
TXN-02313,2023-11-14,CUST-0327,Oliver Bennett,East,Peterborough,Emily Patel,Clothing,Wool Scarf,PRD-009,3,24.99,8.0,0.0,No
TXN-02314,2023-10-29,CUST-0570,,West,Bath,Rachel Ng,Home & Garden,Garden Fork,PRD-012,3,34.99,14.0,0.0,No
TXN-02315,2023-07-29,CUST-0255,Isla McGregor,East,Norwich,Tom Bridges,Clothing,Denim Jeans,PRD-008,1,49.99,18.0,0.15,No
TXN-02316,06-10-2023,CUST-0548,Mia Carter,West,Cardiff,James Okafor,Electronics,"Samsung 55"" TV",PRD-001,7,799.99,480.0,0.15,No
TXN-02317,26/12/2023,CUST-0340,Thomas Wu,North,Leeds,Rachel Ng,Home & Garden,Plant Pot Set,PRD-014,1,29.99,11.0,0.25,No
TXN-02318,15/09/2023,CUST-0436,Mia Carter,South,Oxford,james okafor,Clothing,Gym T-Shirt,PRD-010,4,19.99,7.0,0.2,No
TXN-02319,2023-12-18,CUST-0598,James Holloway,East,Norwich,Daniel Marsh,Clothing,Winter Jacket,PRD-006,8,89.99,35.0,0.0,No
TXN-02320,29/06/2023,CUST-0418,Oliver Bennett,North,Leeds,Daniel Marsh,Electronics,Sony Headphones,PRD-002,8,149.99,75.0,0.0,Yes
TXN-02321,2023-12-10,CUST-0550,Ethan Brooks,West,Bath,Tom Bridges,Home & Garden,Plant Pot Set,PRD-014,3,29.99,11.0,0.1,No
TXN-02322,2023-12-24,CUST-0584,Ethan Brooks,EAST,Ipswich,James Okafor,Electronics,Laptop Stand,PRD-004,6,49.99,18.0,0.25,No
TXN-02323,04/04/2023,CUST-0500,,east,Norwich,Tom Bridges,Clothing,Running Shoes,PRD-007,9,69.99,28.0,0.0,No
TXN-02324,2023-10-17,CUST-0553,Marcus Johnson,East,Cambridge,Sarah Collins,Home & Garden,Throw Blanket,PRD-013,2,44.99,18.0,0.05,Yes
TXN-02325,24/01/2023,CUST-0317,Chloe Evans,East,Norwich,Tom Bridges,Home & Garden,Garden Fork,PRD-012,7,34.99,14.0,0.0,No
TXN-02326,09-04-2023,CUST-0427,Ethan Brooks,West,Exeter,Rachel Ng,Electronics,Apple iPad,PRD-003,5,499.99,310.0,0.0,No
TXN-02327,19/04/2023,CUST-0266,Thomas Wu,South,London,Emily Patel ,Home & Garden,Scented Candle,PRD-015,10,-14.99,4.5,0.0,No
TXN-02328,2023-10-24,CUST-0504,Isla McGregor,West,Exeter,Tom Bridges,Electronics,Sony Headphones,PRD-002,5,-149.99,75.0,0.0,No
TXN-02329,01-09-2023,CUST-0145,Isla McGregor,North,Manchester,Rachel Ng,Clothing,Winter Jacket,PRD-006,2,89.99,35.0,0.15,No
TXN-02330,30/11/2023,CUST-0556,Priya Sharma,East,Ipswich,Sarah Collins ,Clothing,Winter Jacket,PRD-006,9,89.99,35.0,0.0,No
TXN-02331,26/03/2023,CUST-0306,Thomas Wu,East,Ipswich,Rachel Ng,Clothing,Gym T-Shirt,PRD-010,1,19.99,7.0,0.05,No
TXN-02332,07-25-2023,CUST-0422,Chloe Evans,East,Norwich,Unknown,Electronics,Apple iPad,PRD-003,3,499.99,310.0,0.1,No
TXN-02333,09-11-2023,CUST-0381,Chloe Evans,South,London,Sarah Collins,Clothing,Gym T-Shirt,PRD-010,9,19.99,7.0,0.0,No
TXN-02334,23/07/2023,CUST-0402,Fatima Al-Rashid,South,London,emily patel,Electronics,"Samsung 55"" TV",PRD-001,10,799.99,480.0,0.25,Yes
TXN-02335,2023-07-17,CUST-0229,Chloe Evans,North,Manchester,James Okafor,Home & Garden,Scented Candle,PRD-015,2,14.99,4.5,0.0,No
TXN-02336,09-13-2023,CUST-0543,Grace Kim,East,Norwich,James Okafor,Electronics,Sony Headphones,PRD-002,8,149.99,75.0,0.2,No
TXN-02337,18/02/2023,CUST-0145,Mia Carter,East,Ipswich,Sarah Collins,Home & Garden,Scented Candle,PRD-015,10,14.99,4.5,0.25,No
TXN-02338,05/04/2023,CUST-0234,Grace Kim,North,Leeds,Tom Bridges,Electronics,Apple iPad,PRD-003,8,499.99,310.0,0.0,No
TXN-02339,04-23-2023,CUST-0444,Fatima Al-Rashid,East,Ipswich,Daniel Marsh,Home & Garden,Scented Candle,PRD-015,7,14.99,4.5,0.1,No
TXN-02340,09-01-2023,CUST-0476,Sophie Davies,West,Exeter,Rachel Ng,Clothing,Gym T-Shirt,PRD-010,4,19.99,7.0,0.05,No
TXN-02341,24/06/2023,CUST-0244,Grace Kim,WEST,Exeter,Daniel Marsh,Clothing,Denim Jeans,PRD-008,1,49.99,18.0,0.0,No
TXN-02342,18/11/2023,CUST-0280,Thomas Wu,North,Leeds,Tom Bridges,Electronics,Apple iPad,PRD-003,2,499.99,310.0,0.15,No
TXN-02343,2023-02-06,CUST-0106,Mia Carter,South,Southampton,Sarah Collins,Home & Garden,Coffee Maker,PRD-011,9,79.99,38.0,0.1,No
TXN-02344,21/03/2023,CUST-0181,Amelia Roberts,West,Exeter,Sarah Collins,Electronics,Sony Headphones,PRD-002,8,149.99,75.0,0.0,No
TXN-02345,05-31-2023,CUST-0375,Ethan Brooks,South,Oxford,Tom Bridges,Home & Garden,Scented Candle,PRD-015,9,14.99,4.5,0.0,No
TXN-02346,07-29-2023,CUST-0543,Harry Singh,South,Southampton,Emily Patel,Electronics,Sony Headphones,PRD-002,7,149.99,75.0,0.25,No
TXN-02347,24/02/2023,CUST-0163,Marcus Johnson,East,Norwich,Daniel Marsh,Clothing,Wool Scarf,PRD-009,9,24.99,8.0,0.05,Yes
TXN-02348,2023-09-20,CUST-0440,Fatima Al-Rashid,West,Exeter,James Okafor,Electronics,Wireless Charger,PRD-005,4,29.99,10.0,0.05,No
TXN-02349,2023-04-10,CUST-0370,Grace Kim,North,Sheffield,Rachel Ng,Electronics,Sony Headphones,PRD-002,9,149.99,75.0,0.0,No
TXN-02350,01-07-2023,CUST-0444,Chloe Evans,North,Leeds,Rachel Ng,Electronics,Sony Headphones,PRD-002,5,149.99,75.0,0.0,No
TXN-02351,10-10-2023,CUST-0259,Mia Carter,West,Cardiff,Daniel Marsh,Electronics,"Samsung 55"" TV",PRD-001,3,799.99,480.0,0.2,No
TXN-02352,01-31-2023,CUST-0589,Oliver Bennett,South,Southampton,Sarah Collins,Home & Garden,Garden Fork,PRD-012,7,34.99,14.0,0.0,No
TXN-02353,25/11/2023,CUST-0388,Mia Carter,EAST,Peterborough,Rachel Ng,Clothing,Winter Jacket,PRD-006,7,89.99,35.0,0.0,Yes
TXN-02354,28/02/2023,CUST-0514,Sophie Davies,South,Oxford,Rachel Ng,clothing,Gym T-Shirt,PRD-010,4,19.99,7.0,0.2,No
TXN-02355,2023-01-14,CUST-0105,Thomas Wu,North,Leeds,Tom Bridges,Electronics,Laptop Stand,PRD-004,2,49.99,18.0,0.1,No
TXN-02356,2023-02-02,CUST-0329,Sophie Davies,East,Peterborough,James Okafor,Electronics,Sony Headphones,PRD-002,5,149.99,75.0,0.25,No
TXN-02357,27/02/2023,CUST-0494,Priya Sharma,South,London,Emily Patel,Electronics,Sony Headphones,PRD-002,3,149.99,75.0,0.0,No
TXN-02358,09-01-2023,CUST-0379,,South,Southampton,Tom Bridges,Clothing,Winter Jacket,PRD-006,9,89.99,35.0,0.2,No
TXN-02359,06-22-2023,CUST-0287,Noah Patel,South,Southampton,Tom Bridges,Clothing,Gym T-Shirt,PRD-010,4,19.99,7.0,0.25,No
TXN-02360,27/04/2023,CUST-0148,Oliver Bennett,South,Southampton,sarah collins,Home & Garden,Coffee Maker,PRD-011,10,79.99,38.0,0.0,No
TXN-02361,17/04/2023,CUST-0115,Marcus Johnson,North,Leeds,James Okafor,Clothing,Gym T-Shirt,PRD-010,7,-19.99,7.0,0.1,No
TXN-02362,2023-04-29,CUST-0297,Amelia Roberts,SOUTH,Brighton,James Okafor,clothing,Gym T-Shirt,PRD-010,4,19.99,7.0,0.0,No
TXN-02363,01-15-2023,CUST-0271,Grace Kim,west,Cardiff,James Okafor,Electronics,Laptop Stand,PRD-004,2,49.99,18.0,0.1,No
TXN-02364,2023-08-10,CUST-0406,Mia Carter,North,Manchester,Sarah Collins,Clothing,Wool Scarf,PRD-009,4,24.99,8.0,0.15,No
TXN-02365,28/03/2023,CUST-0267,James Holloway,East,Norwich,James Okafor,Electronics,Sony Headphones,PRD-002,9,149.99,75.0,0.2,No
TXN-02366,12-16-2023,CUST-0177,Mia Carter,South,Southampton,Tom Bridges,Clothing,Denim Jeans,PRD-008,10,49.99,18.0,0.0,No
TXN-02367,2023-06-12,CUST-0150,Fatima Al-Rashid,West,Exeter,James Okafor,Electronics,Laptop Stand,PRD-004,9,49.99,18.0,0.0,No
TXN-02368,02-08-2023,CUST-0444,Ethan Brooks,north,Sheffield,Sarah Collins,Home & Garden,Throw Blanket,PRD-013,6,44.99,18.0,0.1,Yes
TXN-02369,09/04/2023,CUST-0377,James Holloway,West,Exeter,Sarah Collins,Electronics,Laptop Stand,PRD-004,10,49.99,18.0,0.15,No
TXN-02370,02-16-2023,CUST-0164,Amelia Roberts,North,Manchester,Tom Bridges,Electronics,Laptop Stand,PRD-004,2,49.99,18.0,0.05,No
TXN-02371,2023-05-29,CUST-0496,Liam Turner,North,Manchester,James Okafor,Clothing,Denim Jeans,PRD-008,7,-49.99,18.0,0.1,Yes
TXN-02372,04/03/2023,CUST-0188,Oliver Bennett,West,Bath,Rachel Ng,Electronics,"Samsung 55"" TV",PRD-001,2,799.99,480.0,0.2,No
TXN-02373,03-06-2023,CUST-0558,Isla McGregor,West,Exeter,Daniel Marsh,Clothing,Gym T-Shirt,PRD-010,3,19.99,7.0,0.0,No
TXN-02374,20/07/2023,CUST-0242,Chloe Evans,North,Liverpool,Rachel Ng,Electronics,Wireless Charger,PRD-005,6,29.99,10.0,0.0,No
TXN-02375,27/11/2023,CUST-0104,Liam Turner,SOUTH,Southampton,Tom Bridges,Electronics,Sony Headphones,PRD-002,2,149.99,75.0,0.2,No
TXN-02376,24/11/2023,CUST-0354,Priya Sharma,north,Liverpool,Daniel Marsh,Electronics,Apple iPad,PRD-003,7,499.99,310.0,0.05,Yes
TXN-02377,08/09/2023,CUST-0539,Isla McGregor,West,Exeter,Tom Bridges,Electronics,Wireless Charger,PRD-005,4,29.99,10.0,0.0,No
TXN-02378,21/03/2023,CUST-0440,Grace Kim,West,Exeter,Daniel Marsh,Home & Garden,Scented Candle,PRD-015,8,14.99,4.5,0.05,Yes
TXN-02379,05-18-2023,CUST-0418,Ethan Brooks,SOUTH,Southampton,Sarah Collins,Electronics,Sony Headphones,PRD-002,8,149.99,75.0,0.0,No
TXN-02380,19/07/2023,CUST-0371,Thomas Wu,North,Sheffield,James Okafor,Clothing,Denim Jeans,PRD-008,1,49.99,18.0,0.15,No
TXN-02381,12-20-2023,CUST-0277,Priya Sharma,North,Leeds,Daniel Marsh,Home & Garden,Garden Fork,PRD-012,5,34.99,14.0,0.0,No
TXN-02382,08-24-2023,CUST-0176,Fatima Al-Rashid,West,Bath,Rachel Ng,home & garden,Scented Candle,PRD-015,1,14.99,4.5,0.2,No
TXN-02383,2023-08-08,CUST-0526,Grace Kim,East,Cambridge,James Okafor,Electronics,Laptop Stand,PRD-004,0,49.99,18.0,0.25,No
TXN-02384,25/12/2023,CUST-0261,Amelia Roberts,West,Bath,Daniel Marsh,Clothing,Denim Jeans,PRD-008,3,49.99,18.0,0.25,No
TXN-02385,02-03-2023,CUST-0233,Ethan Brooks,East,Norwich,Daniel Marsh,Home & Garden,Scented Candle,PRD-015,5,14.99,4.5,0.0,No
TXN-02386,09-11-2023,CUST-0534,Mia Carter,East,Norwich,Daniel Marsh,Home & Garden,Throw Blanket,PRD-013,4,44.99,18.0,0.0,No
TXN-02387,03/05/2023,CUST-0165,Oliver Bennett,South,Brighton,Tom Bridges,Home & Garden,Garden Fork,PRD-012,4,34.99,14.0,0.0,No
TXN-02388,26/09/2023,CUST-0544,Noah Patel,North,Manchester,James Okafor,Electronics,Laptop Stand,PRD-004,6,49.99,18.0,0.05,Yes
TXN-02389,01-31-2023,CUST-0460,Mia Carter,North,Leeds,Daniel Marsh,Electronics,"Samsung 55"" TV",PRD-001,9,799.99,480.0,0.25,No
TXN-02390,13/03/2023,CUST-0157,Sophie Davies,East,Norwich,James Okafor,Home & Garden,Scented Candle,PRD-015,8,14.99,4.5,0.05,No
TXN-02391,12/04/2023,CUST-0495,James Holloway,North,Leeds,,Home & Garden,Plant Pot Set,PRD-014,9,29.99,11.0,0.1,No
TXN-02392,10/06/2023,CUST-0186,Grace Kim,East,Peterborough,Daniel Marsh,Home & Garden,Garden Fork,PRD-012,4,34.99,14.0,0.25,No
TXN-02393,12-08-2023,CUST-0151,James Holloway,North,Liverpool,Unknown,Clothing,Gym T-Shirt,PRD-010,9,19.99,7.0,0.0,No
TXN-02394,2023-07-01,CUST-0184,Mia Carter,South,Brighton,Rachel Ng,Electronics,Sony Headphones,PRD-002,9,149.99,75.0,0.1,No
TXN-02395,2023-04-20,CUST-0131,Harry Singh,WEST,Bath,Emily Patel,Electronics,"Samsung 55"" TV",PRD-001,8,799.99,480.0,0.0,No
TXN-02396,05-11-2023,CUST-0205,Marcus Johnson,north,Liverpool,Daniel Marsh,Electronics,Wireless Charger,PRD-005,6,29.99,10.0,0.15,No
TXN-02397,27/05/2023,CUST-0170,James Holloway,North,Liverpool,Rachel Ng,clothing,Running Shoes,PRD-007,8,-69.99,28.0,0.05,No
TXN-02398,01/02/2023,CUST-0175,Liam Turner,south,London,Tom Bridges,Clothing,Denim Jeans,PRD-008,3,49.99,18.0,0.1,No
TXN-02399,15/11/2023,CUST-0564,Priya Sharma,East,Norwich,Emily Patel,Electronics,Laptop Stand,PRD-004,10,49.99,18.0,0.0,No
TXN-02400,06-17-2023,CUST-0234,Chloe Evans,West,Bristol,James Okafor,Home & Garden,Scented Candle,PRD-015,2,14.99,4.5,0.2,No
TXN-00058,06-17-2023,CUST-0474,Isla McGregor,East,Cambridge,Rachel Ng,Home & Garden,Garden Fork,PRD-012,2,34.99,14.0,0.0,No
TXN-00096,2023-10-15,CUST-0476,Harry Singh,West,Exeter,Tom Bridges,Home & Garden,Throw Blanket,PRD-013,7,44.99,18.0,0.15,No
TXN-00090,2023-03-10,CUST-0495,Liam Turner,North,Liverpool,Sarah Collins,Clothing,Winter Jacket,PRD-006,6,89.99,35.0,0.0,No
TXN-00093,07/10/2023,CUST-0408,Sophie Davies,West,Bath,Emily Patel,Clothing,Denim Jeans,PRD-008,9,49.99,18.0,0.1,Yes
TXN-00069,10-15-2023,CUST-0384,,East,Ipswich,James Okafor,clothing,Winter Jacket,PRD-006,2,89.99,35.0,0.2,No
TXN-00100,10/02/2023,CUST-0277,Isla McGregor,East,Cambridge,James Okafor,Electronics,Wireless Charger,PRD-005,3,29.99,10.0,0.1,No
TXN-00011,2023-04-08,CUST-0224,Chloe Evans,North,Manchester,Emily Patel,Electronics,Laptop Stand,PRD-004,4,49.99,18.0,0.0,No
TXN-00094,05-21-2023,CUST-0280,Chloe Evans,East,Ipswich,Daniel Marsh,Clothing,Wool Scarf,PRD-009,3,24.99,8.0,0.25,No
TXN-00058,06-17-2023,CUST-0474,Isla McGregor,East,Cambridge,Rachel Ng,Home & Garden,Garden Fork,PRD-012,2,34.99,14.0,0.0,No
TXN-00034,23/12/2023,CUST-0525,Fatima Al-Rashid,North,Leeds,Emily Patel,Electronics,Wireless Charger,PRD-005,7,29.99,10.0,0.2,No
TXN-00038,08-06-2023,CUST-0397,Grace Kim,West,Cardiff,Daniel Marsh,Home & Garden,Coffee Maker,PRD-011,2,79.99,38.0,0.1,No
TXN-00024,07/12/2023,CUST-0383,Chloe Evans,North,Sheffield,Rachel Ng,Electronics,Apple iPad,PRD-003,9,499.99,310.0,0.1,No
TXN-00005,05-07-2023,CUST-0334,Thomas Wu,North,Manchester,Emily Patel,Electronics,Wireless Charger,PRD-005,6,29.99,10.0,0.05,No
TXN-00041,2023-02-13,CUST-0127,Isla McGregor,East,Peterborough,Emily Patel,Electronics,Laptop Stand,PRD-004,2,49.99,18.0,0.0,No
TXN-00034,23/12/2023,CUST-0525,Fatima Al-Rashid,North,Leeds,Emily Patel,Electronics,Wireless Charger,PRD-005,7,29.99,10.0,0.2,No
